2025-09-05 22:50:17,050 [Worker-0: Loading available Gradle versions] INFO  o.e.b.c.i.u.g.PublishedGradleVersions - Gradle version information cache is not available. Remote download required.
2025-09-05 22:57:21,074 [Worker-8: Creating project "Janatri"] INFO  o.e.m.c.i.l.LifecycleMappingFactory - Using org.eclipse.m2e.jdt.JarLifecycleMapping lifecycle mapping for MavenProject: com.janatri:Janatri:0.0.1-SNAPSHOT @ C:\Users\Sumit\Desktop\New folder\Janatri\pom.xml.
2025-09-05 22:57:22,687 [Worker-8: Creating project "Janatri"] INFO  o.e.m.j.i.AbstractJavaProjectConfigurator - Adding source folder /Janatri/src/main/java
2025-09-05 22:57:22,696 [Worker-8: Creating project "Janatri"] INFO  o.e.m.j.i.AbstractJavaProjectConfigurator - Adding resource folder /Janatri/src/main/resources
2025-09-05 22:57:22,700 [Worker-8: Creating project "Janatri"] INFO  o.e.m.j.i.AbstractJavaProjectConfigurator - Adding source folder /Janatri/src/test/java
2025-09-05 22:57:22,703 [Worker-8: Creating project "Janatri"] INFO  o.e.m.j.i.AbstractJavaProjectConfigurator - Adding resource folder /Janatri/src/test/resources
2025-09-05 22:57:28,079 [Worker-13: Building] WARN  o.a.m.s.f.DefaultMavenResourcesFiltering - Using platform encoding (UTF-8 actually) to copy filtered resources, i.e. build is platform dependent!
2025-09-05 22:57:28,099 [Worker-13: Building] INFO  o.a.m.s.f.DefaultMavenResourcesFiltering - Copying 0 resource from src\main\resources to target\classes
2025-09-05 22:57:28,109 [Worker-13: Building] WARN  o.a.m.s.f.DefaultMavenResourcesFiltering - Using platform encoding (UTF-8 actually) to copy filtered resources, i.e. build is platform dependent!
2025-09-05 22:57:28,111 [Worker-13: Building] INFO  o.a.m.s.f.DefaultMavenResourcesFiltering - Copying 0 resource from src\test\resources to target\test-classes
2025-09-05 23:01:01,462 [Worker-8: Building] INFO  o.e.m.c.i.l.LifecycleMappingFactory - Using org.eclipse.m2e.jdt.JarLifecycleMapping lifecycle mapping for MavenProject: com.janatri:Janatri:0.0.1-SNAPSHOT @ C:\Users\Sumit\Desktop\New folder\Janatri\pom.xml.
2025-09-05 23:01:02,136 [Worker-8: Building] INFO  o.e.m.c.i.e.AbstractTransferListenerAdapter - Downloading https://repo.maven.apache.org/maven2/org/seleniumhq/selenium/selenium-java/4.22.0/selenium-java-4.22.0.pom
2025-09-05 23:01:02,182 [Worker-8: Building] INFO  o.e.m.c.i.e.AbstractTransferListenerAdapter - Downloaded https://repo.maven.apache.org/maven2/org/seleniumhq/selenium/selenium-java/4.22.0/selenium-java-4.22.0.pom
2025-09-05 23:01:02,226 [Worker-8: Building] INFO  o.e.m.c.i.e.AbstractTransferListenerAdapter - Downloading https://repo.maven.apache.org/maven2/org/seleniumhq/selenium/selenium-chrome-driver/4.22.0/selenium-chrome-driver-4.22.0.pom
2025-09-05 23:01:02,238 [Worker-8: Building] INFO  o.e.m.c.i.e.AbstractTransferListenerAdapter - Downloaded https://repo.maven.apache.org/maven2/org/seleniumhq/selenium/selenium-chrome-driver/4.22.0/selenium-chrome-driver-4.22.0.pom
2025-09-05 23:01:02,291 [Worker-8: Building] INFO  o.e.m.c.i.e.AbstractTransferListenerAdapter - Downloading https://repo.maven.apache.org/maven2/org/seleniumhq/selenium/selenium-chromium-driver/4.22.0/selenium-chromium-driver-4.22.0.pom
2025-09-05 23:01:02,302 [Worker-8: Building] INFO  o.e.m.c.i.e.AbstractTransferListenerAdapter - Downloaded https://repo.maven.apache.org/maven2/org/seleniumhq/selenium/selenium-chromium-driver/4.22.0/selenium-chromium-driver-4.22.0.pom
2025-09-05 23:01:02,614 [Worker-8: Building] INFO  o.e.m.c.i.e.AbstractTransferListenerAdapter - Downloading https://repo.maven.apache.org/maven2/org/seleniumhq/selenium/selenium-devtools-v124/4.22.0/selenium-devtools-v124-4.22.0.pom
2025-09-05 23:01:02,626 [Worker-8: Building] INFO  o.e.m.c.i.e.AbstractTransferListenerAdapter - Downloaded https://repo.maven.apache.org/maven2/org/seleniumhq/selenium/selenium-devtools-v124/4.22.0/selenium-devtools-v124-4.22.0.pom
2025-09-05 23:01:02,665 [Worker-8: Building] INFO  o.e.m.c.i.e.AbstractTransferListenerAdapter - Downloading https://repo.maven.apache.org/maven2/org/seleniumhq/selenium/selenium-devtools-v125/4.22.0/selenium-devtools-v125-4.22.0.pom
2025-09-05 23:01:02,677 [Worker-8: Building] INFO  o.e.m.c.i.e.AbstractTransferListenerAdapter - Downloaded https://repo.maven.apache.org/maven2/org/seleniumhq/selenium/selenium-devtools-v125/4.22.0/selenium-devtools-v125-4.22.0.pom
2025-09-05 23:01:02,717 [Worker-8: Building] INFO  o.e.m.c.i.e.AbstractTransferListenerAdapter - Downloading https://repo.maven.apache.org/maven2/org/seleniumhq/selenium/selenium-devtools-v126/4.22.0/selenium-devtools-v126-4.22.0.pom
2025-09-05 23:01:02,728 [Worker-8: Building] INFO  o.e.m.c.i.e.AbstractTransferListenerAdapter - Downloaded https://repo.maven.apache.org/maven2/org/seleniumhq/selenium/selenium-devtools-v126/4.22.0/selenium-devtools-v126-4.22.0.pom
2025-09-05 23:01:02,766 [Worker-8: Building] INFO  o.e.m.c.i.e.AbstractTransferListenerAdapter - Downloading https://repo.maven.apache.org/maven2/org/seleniumhq/selenium/selenium-devtools-v85/4.22.0/selenium-devtools-v85-4.22.0.pom
2025-09-05 23:01:02,777 [Worker-8: Building] INFO  o.e.m.c.i.e.AbstractTransferListenerAdapter - Downloaded https://repo.maven.apache.org/maven2/org/seleniumhq/selenium/selenium-devtools-v85/4.22.0/selenium-devtools-v85-4.22.0.pom
2025-09-05 23:01:02,813 [Worker-8: Building] INFO  o.e.m.c.i.e.AbstractTransferListenerAdapter - Downloading https://repo.maven.apache.org/maven2/org/seleniumhq/selenium/selenium-edge-driver/4.22.0/selenium-edge-driver-4.22.0.pom
2025-09-05 23:01:02,824 [Worker-8: Building] INFO  o.e.m.c.i.e.AbstractTransferListenerAdapter - Downloaded https://repo.maven.apache.org/maven2/org/seleniumhq/selenium/selenium-edge-driver/4.22.0/selenium-edge-driver-4.22.0.pom
2025-09-05 23:01:02,856 [Worker-8: Building] INFO  o.e.m.c.i.e.AbstractTransferListenerAdapter - Downloading https://repo.maven.apache.org/maven2/org/seleniumhq/selenium/selenium-firefox-driver/4.22.0/selenium-firefox-driver-4.22.0.pom
2025-09-05 23:01:02,867 [Worker-8: Building] INFO  o.e.m.c.i.e.AbstractTransferListenerAdapter - Downloaded https://repo.maven.apache.org/maven2/org/seleniumhq/selenium/selenium-firefox-driver/4.22.0/selenium-firefox-driver-4.22.0.pom
2025-09-05 23:01:02,903 [Worker-8: Building] INFO  o.e.m.c.i.e.AbstractTransferListenerAdapter - Downloading https://repo.maven.apache.org/maven2/org/seleniumhq/selenium/selenium-ie-driver/4.22.0/selenium-ie-driver-4.22.0.pom
2025-09-05 23:01:02,914 [Worker-8: Building] INFO  o.e.m.c.i.e.AbstractTransferListenerAdapter - Downloaded https://repo.maven.apache.org/maven2/org/seleniumhq/selenium/selenium-ie-driver/4.22.0/selenium-ie-driver-4.22.0.pom
2025-09-05 23:01:02,950 [Worker-8: Building] INFO  o.e.m.c.i.e.AbstractTransferListenerAdapter - Downloading https://repo.maven.apache.org/maven2/org/seleniumhq/selenium/selenium-safari-driver/4.22.0/selenium-safari-driver-4.22.0.pom
2025-09-05 23:01:02,962 [Worker-8: Building] INFO  o.e.m.c.i.e.AbstractTransferListenerAdapter - Downloaded https://repo.maven.apache.org/maven2/org/seleniumhq/selenium/selenium-safari-driver/4.22.0/selenium-safari-driver-4.22.0.pom
2025-09-05 23:01:03,034 [Worker-8: Building] INFO  o.e.m.c.i.e.AbstractTransferListenerAdapter - Downloading https://repo.maven.apache.org/maven2/io/github/bonigarcia/webdrivermanager/5.9.2/webdrivermanager-5.9.2.pom
2025-09-05 23:01:03,054 [Worker-8: Building] INFO  o.e.m.c.i.e.AbstractTransferListenerAdapter - Downloaded https://repo.maven.apache.org/maven2/io/github/bonigarcia/webdrivermanager/5.9.2/webdrivermanager-5.9.2.pom
2025-09-05 23:01:03,095 [Worker-8: Building] INFO  o.e.m.c.i.e.AbstractTransferListenerAdapter - Downloading https://repo.maven.apache.org/maven2/org/slf4j/slf4j-api/2.0.13/slf4j-api-2.0.13.pom
2025-09-05 23:01:03,107 [Worker-8: Building] INFO  o.e.m.c.i.e.AbstractTransferListenerAdapter - Downloaded https://repo.maven.apache.org/maven2/org/slf4j/slf4j-api/2.0.13/slf4j-api-2.0.13.pom
2025-09-05 23:01:03,143 [Worker-8: Building] INFO  o.e.m.c.i.e.AbstractTransferListenerAdapter - Downloading https://repo.maven.apache.org/maven2/org/slf4j/slf4j-parent/2.0.13/slf4j-parent-2.0.13.pom
2025-09-05 23:01:03,155 [Worker-8: Building] INFO  o.e.m.c.i.e.AbstractTransferListenerAdapter - Downloaded https://repo.maven.apache.org/maven2/org/slf4j/slf4j-parent/2.0.13/slf4j-parent-2.0.13.pom
2025-09-05 23:01:03,189 [Worker-8: Building] INFO  o.e.m.c.i.e.AbstractTransferListenerAdapter - Downloading https://repo.maven.apache.org/maven2/org/slf4j/slf4j-bom/2.0.13/slf4j-bom-2.0.13.pom
2025-09-05 23:01:03,199 [Worker-8: Building] INFO  o.e.m.c.i.e.AbstractTransferListenerAdapter - Downloaded https://repo.maven.apache.org/maven2/org/slf4j/slf4j-bom/2.0.13/slf4j-bom-2.0.13.pom
2025-09-05 23:01:03,275 [Worker-8: Building] INFO  o.e.m.c.i.e.AbstractTransferListenerAdapter - Downloading https://repo.maven.apache.org/maven2/com/github/docker-java/docker-java/3.4.0/docker-java-3.4.0.pom
2025-09-05 23:01:03,284 [Worker-8: Building] INFO  o.e.m.c.i.e.AbstractTransferListenerAdapter - Downloaded https://repo.maven.apache.org/maven2/com/github/docker-java/docker-java/3.4.0/docker-java-3.4.0.pom
2025-09-05 23:01:03,319 [Worker-8: Building] INFO  o.e.m.c.i.e.AbstractTransferListenerAdapter - Downloading https://repo.maven.apache.org/maven2/com/github/docker-java/docker-java-parent/3.4.0/docker-java-parent-3.4.0.pom
2025-09-05 23:01:03,336 [Worker-8: Building] INFO  o.e.m.c.i.e.AbstractTransferListenerAdapter - Downloaded https://repo.maven.apache.org/maven2/com/github/docker-java/docker-java-parent/3.4.0/docker-java-parent-3.4.0.pom
2025-09-05 23:01:03,374 [Worker-8: Building] INFO  o.e.m.c.i.e.AbstractTransferListenerAdapter - Downloading https://repo.maven.apache.org/maven2/com/github/docker-java/docker-java-core/3.4.0/docker-java-core-3.4.0.pom
2025-09-05 23:01:03,388 [Worker-8: Building] INFO  o.e.m.c.i.e.AbstractTransferListenerAdapter - Downloaded https://repo.maven.apache.org/maven2/com/github/docker-java/docker-java-core/3.4.0/docker-java-core-3.4.0.pom
2025-09-05 23:01:03,431 [Worker-8: Building] INFO  o.e.m.c.i.e.AbstractTransferListenerAdapter - Downloading https://repo.maven.apache.org/maven2/com/github/docker-java/docker-java-api/3.4.0/docker-java-api-3.4.0.pom
2025-09-05 23:01:03,439 [Worker-8: Building] INFO  o.e.m.c.i.e.AbstractTransferListenerAdapter - Downloaded https://repo.maven.apache.org/maven2/com/github/docker-java/docker-java-api/3.4.0/docker-java-api-3.4.0.pom
2025-09-05 23:01:03,530 [Worker-8: Building] INFO  o.e.m.c.i.e.AbstractTransferListenerAdapter - Downloading https://repo.maven.apache.org/maven2/com/github/docker-java/docker-java-transport/3.4.0/docker-java-transport-3.4.0.pom
2025-09-05 23:01:03,540 [Worker-8: Building] INFO  o.e.m.c.i.e.AbstractTransferListenerAdapter - Downloaded https://repo.maven.apache.org/maven2/com/github/docker-java/docker-java-transport/3.4.0/docker-java-transport-3.4.0.pom
2025-09-05 23:01:03,757 [Worker-8: Building] INFO  o.e.m.c.i.e.AbstractTransferListenerAdapter - Downloading https://repo.maven.apache.org/maven2/com/github/docker-java/docker-java-transport-httpclient5/3.4.0/docker-java-transport-httpclient5-3.4.0.pom
2025-09-05 23:01:03,766 [Worker-8: Building] INFO  o.e.m.c.i.e.AbstractTransferListenerAdapter - Downloaded https://repo.maven.apache.org/maven2/com/github/docker-java/docker-java-transport-httpclient5/3.4.0/docker-java-transport-httpclient5-3.4.0.pom
2025-09-05 23:01:03,925 [Worker-8: Building] INFO  o.e.m.c.i.e.AbstractTransferListenerAdapter - Downloading https://repo.maven.apache.org/maven2/org/apache/commons/commons-lang3/3.15.0/commons-lang3-3.15.0.pom
2025-09-05 23:01:03,941 [Worker-8: Building] INFO  o.e.m.c.i.e.AbstractTransferListenerAdapter - Downloaded https://repo.maven.apache.org/maven2/org/apache/commons/commons-lang3/3.15.0/commons-lang3-3.15.0.pom
2025-09-05 23:01:03,980 [Worker-8: Building] INFO  o.e.m.c.i.e.AbstractTransferListenerAdapter - Downloading https://repo.maven.apache.org/maven2/org/apache/commons/commons-parent/71/commons-parent-71.pom
2025-09-05 23:01:04,012 [Worker-8: Building] INFO  o.e.m.c.i.e.AbstractTransferListenerAdapter - Downloaded https://repo.maven.apache.org/maven2/org/apache/commons/commons-parent/71/commons-parent-71.pom
2025-09-05 23:01:04,068 [Worker-8: Building] INFO  o.e.m.c.i.e.AbstractTransferListenerAdapter - Downloading https://repo.maven.apache.org/maven2/org/junit/junit-bom/5.11.0-M2/junit-bom-5.11.0-M2.pom
2025-09-05 23:01:04,079 [Worker-8: Building] INFO  o.e.m.c.i.e.AbstractTransferListenerAdapter - Downloaded https://repo.maven.apache.org/maven2/org/junit/junit-bom/5.11.0-M2/junit-bom-5.11.0-M2.pom
2025-09-05 23:01:04,115 [Worker-8: Building] INFO  o.e.m.c.i.e.AbstractTransferListenerAdapter - Downloading https://repo.maven.apache.org/maven2/org/apache/commons/commons-compress/1.26.2/commons-compress-1.26.2.pom
2025-09-05 23:01:04,128 [Worker-8: Building] INFO  o.e.m.c.i.e.AbstractTransferListenerAdapter - Downloaded https://repo.maven.apache.org/maven2/org/apache/commons/commons-compress/1.26.2/commons-compress-1.26.2.pom
2025-09-05 23:01:04,192 [Worker-8: Building] INFO  o.e.m.c.i.e.AbstractTransferListenerAdapter - Downloading https://repo.maven.apache.org/maven2/commons-codec/commons-codec/1.17.0/commons-codec-1.17.0.pom
2025-09-05 23:01:04,205 [Worker-8: Building] INFO  o.e.m.c.i.e.AbstractTransferListenerAdapter - Downloaded https://repo.maven.apache.org/maven2/commons-codec/commons-codec/1.17.0/commons-codec-1.17.0.pom
2025-09-05 23:01:04,572 [Worker-8: Building] INFO  o.e.m.c.i.e.AbstractTransferListenerAdapter - Downloading https://repo.maven.apache.org/maven2/org/seleniumhq/selenium/selenium-java/4.22.0/selenium-java-4.22.0.jar
2025-09-05 23:01:04,581 [Worker-8: Building] INFO  o.e.m.c.i.e.AbstractTransferListenerAdapter - Downloaded https://repo.maven.apache.org/maven2/org/seleniumhq/selenium/selenium-java/4.22.0/selenium-java-4.22.0.jar
2025-09-05 23:01:04,608 [BasicRepositoryConnector-repo.maven.apache.org-0-0] INFO  o.e.m.c.i.e.AbstractTransferListenerAdapter - Downloading https://repo.maven.apache.org/maven2/org/seleniumhq/selenium/selenium-api/4.22.0/selenium-api-4.22.0.jar
2025-09-05 23:01:04,688 [BasicRepositoryConnector-repo.maven.apache.org-0-0] INFO  o.e.m.c.i.e.AbstractTransferListenerAdapter - Downloaded https://repo.maven.apache.org/maven2/org/seleniumhq/selenium/selenium-api/4.22.0/selenium-api-4.22.0.jar
2025-09-05 23:01:04,692 [BasicRepositoryConnector-repo.maven.apache.org-0-1] INFO  o.e.m.c.i.e.AbstractTransferListenerAdapter - Downloading https://repo.maven.apache.org/maven2/org/seleniumhq/selenium/selenium-chrome-driver/4.22.0/selenium-chrome-driver-4.22.0.jar
2025-09-05 23:01:04,695 [BasicRepositoryConnector-repo.maven.apache.org-0-3] INFO  o.e.m.c.i.e.AbstractTransferListenerAdapter - Downloading https://repo.maven.apache.org/maven2/org/seleniumhq/selenium/selenium-json/4.22.0/selenium-json-4.22.0.jar
2025-09-05 23:01:04,701 [BasicRepositoryConnector-repo.maven.apache.org-0-4] INFO  o.e.m.c.i.e.AbstractTransferListenerAdapter - Downloading https://repo.maven.apache.org/maven2/org/seleniumhq/selenium/selenium-manager/4.22.0/selenium-manager-4.22.0.jar
2025-09-05 23:01:04,710 [BasicRepositoryConnector-repo.maven.apache.org-0-1] INFO  o.e.m.c.i.e.AbstractTransferListenerAdapter - Downloaded https://repo.maven.apache.org/maven2/org/seleniumhq/selenium/selenium-chrome-driver/4.22.0/selenium-chrome-driver-4.22.0.jar
2025-09-05 23:01:04,714 [BasicRepositoryConnector-repo.maven.apache.org-0-0] INFO  o.e.m.c.i.e.AbstractTransferListenerAdapter - Downloading https://repo.maven.apache.org/maven2/org/seleniumhq/selenium/selenium-devtools-v124/4.22.0/selenium-devtools-v124-4.22.0.jar
2025-09-05 23:01:04,717 [BasicRepositoryConnector-repo.maven.apache.org-0-2] INFO  o.e.m.c.i.e.AbstractTransferListenerAdapter - Downloading https://repo.maven.apache.org/maven2/org/seleniumhq/selenium/selenium-chromium-driver/4.22.0/selenium-chromium-driver-4.22.0.jar
2025-09-05 23:01:04,757 [BasicRepositoryConnector-repo.maven.apache.org-0-3] INFO  o.e.m.c.i.e.AbstractTransferListenerAdapter - Downloaded https://repo.maven.apache.org/maven2/org/seleniumhq/selenium/selenium-json/4.22.0/selenium-json-4.22.0.jar
2025-09-05 23:01:04,764 [BasicRepositoryConnector-repo.maven.apache.org-0-1] INFO  o.e.m.c.i.e.AbstractTransferListenerAdapter - Downloading https://repo.maven.apache.org/maven2/org/seleniumhq/selenium/selenium-devtools-v125/4.22.0/selenium-devtools-v125-4.22.0.jar
2025-09-05 23:01:04,770 [BasicRepositoryConnector-repo.maven.apache.org-0-2] INFO  o.e.m.c.i.e.AbstractTransferListenerAdapter - Downloaded https://repo.maven.apache.org/maven2/org/seleniumhq/selenium/selenium-chromium-driver/4.22.0/selenium-chromium-driver-4.22.0.jar
2025-09-05 23:01:04,813 [BasicRepositoryConnector-repo.maven.apache.org-0-3] INFO  o.e.m.c.i.e.AbstractTransferListenerAdapter - Downloading https://repo.maven.apache.org/maven2/org/seleniumhq/selenium/selenium-devtools-v126/4.22.0/selenium-devtools-v126-4.22.0.jar
2025-09-05 23:01:04,852 [BasicRepositoryConnector-repo.maven.apache.org-0-2] INFO  o.e.m.c.i.e.AbstractTransferListenerAdapter - Downloading https://repo.maven.apache.org/maven2/org/seleniumhq/selenium/selenium-devtools-v85/4.22.0/selenium-devtools-v85-4.22.0.jar
2025-09-05 23:01:05,599 [BasicRepositoryConnector-repo.maven.apache.org-0-0] INFO  o.e.m.c.i.e.AbstractTransferListenerAdapter - Downloaded https://repo.maven.apache.org/maven2/org/seleniumhq/selenium/selenium-devtools-v124/4.22.0/selenium-devtools-v124-4.22.0.jar
2025-09-05 23:01:05,650 [BasicRepositoryConnector-repo.maven.apache.org-0-0] INFO  o.e.m.c.i.e.AbstractTransferListenerAdapter - Downloading https://repo.maven.apache.org/maven2/org/seleniumhq/selenium/selenium-edge-driver/4.22.0/selenium-edge-driver-4.22.0.jar
2025-09-05 23:01:05,684 [BasicRepositoryConnector-repo.maven.apache.org-0-0] INFO  o.e.m.c.i.e.AbstractTransferListenerAdapter - Downloaded https://repo.maven.apache.org/maven2/org/seleniumhq/selenium/selenium-edge-driver/4.22.0/selenium-edge-driver-4.22.0.jar
2025-09-05 23:01:05,750 [BasicRepositoryConnector-repo.maven.apache.org-0-0] INFO  o.e.m.c.i.e.AbstractTransferListenerAdapter - Downloading https://repo.maven.apache.org/maven2/org/seleniumhq/selenium/selenium-firefox-driver/4.22.0/selenium-firefox-driver-4.22.0.jar
2025-09-05 23:01:05,849 [BasicRepositoryConnector-repo.maven.apache.org-0-0] INFO  o.e.m.c.i.e.AbstractTransferListenerAdapter - Downloaded https://repo.maven.apache.org/maven2/org/seleniumhq/selenium/selenium-firefox-driver/4.22.0/selenium-firefox-driver-4.22.0.jar
2025-09-05 23:01:05,920 [BasicRepositoryConnector-repo.maven.apache.org-0-0] INFO  o.e.m.c.i.e.AbstractTransferListenerAdapter - Downloading https://repo.maven.apache.org/maven2/org/seleniumhq/selenium/selenium-http/4.22.0/selenium-http-4.22.0.jar
2025-09-05 23:01:06,022 [BasicRepositoryConnector-repo.maven.apache.org-0-0] INFO  o.e.m.c.i.e.AbstractTransferListenerAdapter - Downloaded https://repo.maven.apache.org/maven2/org/seleniumhq/selenium/selenium-http/4.22.0/selenium-http-4.22.0.jar
2025-09-05 23:01:06,097 [BasicRepositoryConnector-repo.maven.apache.org-0-0] INFO  o.e.m.c.i.e.AbstractTransferListenerAdapter - Downloading https://repo.maven.apache.org/maven2/org/seleniumhq/selenium/selenium-ie-driver/4.22.0/selenium-ie-driver-4.22.0.jar
2025-09-05 23:01:06,121 [BasicRepositoryConnector-repo.maven.apache.org-0-0] INFO  o.e.m.c.i.e.AbstractTransferListenerAdapter - Downloaded https://repo.maven.apache.org/maven2/org/seleniumhq/selenium/selenium-ie-driver/4.22.0/selenium-ie-driver-4.22.0.jar
2025-09-05 23:01:06,170 [BasicRepositoryConnector-repo.maven.apache.org-0-2] INFO  o.e.m.c.i.e.AbstractTransferListenerAdapter - Downloaded https://repo.maven.apache.org/maven2/org/seleniumhq/selenium/selenium-devtools-v85/4.22.0/selenium-devtools-v85-4.22.0.jar
2025-09-05 23:01:06,187 [BasicRepositoryConnector-repo.maven.apache.org-0-0] INFO  o.e.m.c.i.e.AbstractTransferListenerAdapter - Downloading https://repo.maven.apache.org/maven2/org/seleniumhq/selenium/selenium-remote-driver/4.22.0/selenium-remote-driver-4.22.0.jar
2025-09-05 23:01:06,237 [BasicRepositoryConnector-repo.maven.apache.org-0-2] INFO  o.e.m.c.i.e.AbstractTransferListenerAdapter - Downloading https://repo.maven.apache.org/maven2/io/opentelemetry/opentelemetry-api/1.39.0/opentelemetry-api-1.39.0.jar
2025-09-05 23:01:06,457 [BasicRepositoryConnector-repo.maven.apache.org-0-2] INFO  o.e.m.c.i.e.AbstractTransferListenerAdapter - Downloaded https://repo.maven.apache.org/maven2/io/opentelemetry/opentelemetry-api/1.39.0/opentelemetry-api-1.39.0.jar
2025-09-05 23:01:06,550 [BasicRepositoryConnector-repo.maven.apache.org-0-2] INFO  o.e.m.c.i.e.AbstractTransferListenerAdapter - Downloading https://repo.maven.apache.org/maven2/io/opentelemetry/opentelemetry-context/1.39.0/opentelemetry-context-1.39.0.jar
2025-09-05 23:01:06,619 [BasicRepositoryConnector-repo.maven.apache.org-0-3] INFO  o.e.m.c.i.e.AbstractTransferListenerAdapter - Downloaded https://repo.maven.apache.org/maven2/org/seleniumhq/selenium/selenium-devtools-v126/4.22.0/selenium-devtools-v126-4.22.0.jar
2025-09-05 23:01:06,621 [BasicRepositoryConnector-repo.maven.apache.org-0-2] INFO  o.e.m.c.i.e.AbstractTransferListenerAdapter - Downloaded https://repo.maven.apache.org/maven2/io/opentelemetry/opentelemetry-context/1.39.0/opentelemetry-context-1.39.0.jar
2025-09-05 23:01:06,690 [BasicRepositoryConnector-repo.maven.apache.org-0-0] INFO  o.e.m.c.i.e.AbstractTransferListenerAdapter - Downloaded https://repo.maven.apache.org/maven2/org/seleniumhq/selenium/selenium-remote-driver/4.22.0/selenium-remote-driver-4.22.0.jar
2025-09-05 23:01:06,692 [BasicRepositoryConnector-repo.maven.apache.org-0-2] INFO  o.e.m.c.i.e.AbstractTransferListenerAdapter - Downloading https://repo.maven.apache.org/maven2/io/opentelemetry/opentelemetry-sdk-common/1.39.0/opentelemetry-sdk-common-1.39.0.jar
2025-09-05 23:01:06,702 [BasicRepositoryConnector-repo.maven.apache.org-0-3] INFO  o.e.m.c.i.e.AbstractTransferListenerAdapter - Downloading https://repo.maven.apache.org/maven2/io/opentelemetry/opentelemetry-exporter-logging/1.39.0/opentelemetry-exporter-logging-1.39.0.jar
2025-09-05 23:01:06,717 [BasicRepositoryConnector-repo.maven.apache.org-0-3] INFO  o.e.m.c.i.e.AbstractTransferListenerAdapter - Downloaded https://repo.maven.apache.org/maven2/io/opentelemetry/opentelemetry-exporter-logging/1.39.0/opentelemetry-exporter-logging-1.39.0.jar
2025-09-05 23:01:06,739 [BasicRepositoryConnector-repo.maven.apache.org-0-2] INFO  o.e.m.c.i.e.AbstractTransferListenerAdapter - Downloaded https://repo.maven.apache.org/maven2/io/opentelemetry/opentelemetry-sdk-common/1.39.0/opentelemetry-sdk-common-1.39.0.jar
2025-09-05 23:01:06,771 [BasicRepositoryConnector-repo.maven.apache.org-0-0] INFO  o.e.m.c.i.e.AbstractTransferListenerAdapter - Downloading https://repo.maven.apache.org/maven2/io/opentelemetry/opentelemetry-sdk-extension-autoconfigure-spi/1.39.0/opentelemetry-sdk-extension-autoconfigure-spi-1.39.0.jar
2025-09-05 23:01:06,786 [BasicRepositoryConnector-repo.maven.apache.org-0-0] INFO  o.e.m.c.i.e.AbstractTransferListenerAdapter - Downloaded https://repo.maven.apache.org/maven2/io/opentelemetry/opentelemetry-sdk-extension-autoconfigure-spi/1.39.0/opentelemetry-sdk-extension-autoconfigure-spi-1.39.0.jar
2025-09-05 23:01:06,825 [BasicRepositoryConnector-repo.maven.apache.org-0-3] INFO  o.e.m.c.i.e.AbstractTransferListenerAdapter - Downloading https://repo.maven.apache.org/maven2/io/opentelemetry/opentelemetry-sdk-extension-autoconfigure/1.39.0/opentelemetry-sdk-extension-autoconfigure-1.39.0.jar
2025-09-05 23:01:06,825 [BasicRepositoryConnector-repo.maven.apache.org-0-2] INFO  o.e.m.c.i.e.AbstractTransferListenerAdapter - Downloading https://repo.maven.apache.org/maven2/io/opentelemetry/opentelemetry-api-incubator/1.39.0-alpha/opentelemetry-api-incubator-1.39.0-alpha.jar
2025-09-05 23:01:06,850 [BasicRepositoryConnector-repo.maven.apache.org-0-2] INFO  o.e.m.c.i.e.AbstractTransferListenerAdapter - Downloaded https://repo.maven.apache.org/maven2/io/opentelemetry/opentelemetry-api-incubator/1.39.0-alpha/opentelemetry-api-incubator-1.39.0-alpha.jar
2025-09-05 23:01:06,856 [BasicRepositoryConnector-repo.maven.apache.org-0-3] INFO  o.e.m.c.i.e.AbstractTransferListenerAdapter - Downloaded https://repo.maven.apache.org/maven2/io/opentelemetry/opentelemetry-sdk-extension-autoconfigure/1.39.0/opentelemetry-sdk-extension-autoconfigure-1.39.0.jar
2025-09-05 23:01:06,864 [BasicRepositoryConnector-repo.maven.apache.org-0-0] INFO  o.e.m.c.i.e.AbstractTransferListenerAdapter - Downloading https://repo.maven.apache.org/maven2/io/opentelemetry/opentelemetry-sdk-trace/1.39.0/opentelemetry-sdk-trace-1.39.0.jar
2025-09-05 23:01:06,900 [BasicRepositoryConnector-repo.maven.apache.org-0-3] INFO  o.e.m.c.i.e.AbstractTransferListenerAdapter - Downloading https://repo.maven.apache.org/maven2/io/opentelemetry/opentelemetry-sdk-metrics/1.39.0/opentelemetry-sdk-metrics-1.39.0.jar
2025-09-05 23:01:06,910 [BasicRepositoryConnector-repo.maven.apache.org-0-2] INFO  o.e.m.c.i.e.AbstractTransferListenerAdapter - Downloading https://repo.maven.apache.org/maven2/io/opentelemetry/opentelemetry-sdk/1.39.0/opentelemetry-sdk-1.39.0.jar
2025-09-05 23:01:06,921 [BasicRepositoryConnector-repo.maven.apache.org-0-2] INFO  o.e.m.c.i.e.AbstractTransferListenerAdapter - Downloaded https://repo.maven.apache.org/maven2/io/opentelemetry/opentelemetry-sdk/1.39.0/opentelemetry-sdk-1.39.0.jar
2025-09-05 23:01:06,970 [BasicRepositoryConnector-repo.maven.apache.org-0-0] INFO  o.e.m.c.i.e.AbstractTransferListenerAdapter - Downloaded https://repo.maven.apache.org/maven2/io/opentelemetry/opentelemetry-sdk-trace/1.39.0/opentelemetry-sdk-trace-1.39.0.jar
2025-09-05 23:01:06,990 [BasicRepositoryConnector-repo.maven.apache.org-0-2] INFO  o.e.m.c.i.e.AbstractTransferListenerAdapter - Downloading https://repo.maven.apache.org/maven2/io/opentelemetry/opentelemetry-sdk-logs/1.39.0/opentelemetry-sdk-logs-1.39.0.jar
2025-09-05 23:01:07,033 [BasicRepositoryConnector-repo.maven.apache.org-0-0] INFO  o.e.m.c.i.e.AbstractTransferListenerAdapter - Downloading https://repo.maven.apache.org/maven2/net/bytebuddy/byte-buddy/1.14.17/byte-buddy-1.14.17.jar
2025-09-05 23:01:07,049 [BasicRepositoryConnector-repo.maven.apache.org-0-2] INFO  o.e.m.c.i.e.AbstractTransferListenerAdapter - Downloaded https://repo.maven.apache.org/maven2/io/opentelemetry/opentelemetry-sdk-logs/1.39.0/opentelemetry-sdk-logs-1.39.0.jar
2025-09-05 23:01:07,131 [BasicRepositoryConnector-repo.maven.apache.org-0-2] INFO  o.e.m.c.i.e.AbstractTransferListenerAdapter - Downloading https://repo.maven.apache.org/maven2/org/seleniumhq/selenium/selenium-os/4.22.0/selenium-os-4.22.0.jar
2025-09-05 23:01:07,182 [BasicRepositoryConnector-repo.maven.apache.org-0-2] INFO  o.e.m.c.i.e.AbstractTransferListenerAdapter - Downloaded https://repo.maven.apache.org/maven2/org/seleniumhq/selenium/selenium-os/4.22.0/selenium-os-4.22.0.jar
2025-09-05 23:01:07,238 [BasicRepositoryConnector-repo.maven.apache.org-0-3] INFO  o.e.m.c.i.e.AbstractTransferListenerAdapter - Downloaded https://repo.maven.apache.org/maven2/io/opentelemetry/opentelemetry-sdk-metrics/1.39.0/opentelemetry-sdk-metrics-1.39.0.jar
2025-09-05 23:01:07,270 [BasicRepositoryConnector-repo.maven.apache.org-0-2] INFO  o.e.m.c.i.e.AbstractTransferListenerAdapter - Downloading https://repo.maven.apache.org/maven2/org/seleniumhq/selenium/selenium-safari-driver/4.22.0/selenium-safari-driver-4.22.0.jar
2025-09-05 23:01:07,297 [BasicRepositoryConnector-repo.maven.apache.org-0-2] INFO  o.e.m.c.i.e.AbstractTransferListenerAdapter - Downloaded https://repo.maven.apache.org/maven2/org/seleniumhq/selenium/selenium-safari-driver/4.22.0/selenium-safari-driver-4.22.0.jar
2025-09-05 23:01:07,301 [BasicRepositoryConnector-repo.maven.apache.org-0-3] INFO  o.e.m.c.i.e.AbstractTransferListenerAdapter - Downloading https://repo.maven.apache.org/maven2/org/seleniumhq/selenium/selenium-support/4.22.0/selenium-support-4.22.0.jar
2025-09-05 23:01:07,335 [BasicRepositoryConnector-repo.maven.apache.org-0-1] INFO  o.e.m.c.i.e.AbstractTransferListenerAdapter - Downloaded https://repo.maven.apache.org/maven2/org/seleniumhq/selenium/selenium-devtools-v125/4.22.0/selenium-devtools-v125-4.22.0.jar
2025-09-05 23:01:07,373 [BasicRepositoryConnector-repo.maven.apache.org-0-2] INFO  o.e.m.c.i.e.AbstractTransferListenerAdapter - Downloading https://repo.maven.apache.org/maven2/io/github/bonigarcia/webdrivermanager/5.9.2/webdrivermanager-5.9.2.jar
2025-09-05 23:01:07,408 [BasicRepositoryConnector-repo.maven.apache.org-0-1] INFO  o.e.m.c.i.e.AbstractTransferListenerAdapter - Downloading https://repo.maven.apache.org/maven2/com/github/docker-java/docker-java/3.4.0/docker-java-3.4.0.jar
2025-09-05 23:01:07,422 [BasicRepositoryConnector-repo.maven.apache.org-0-1] INFO  o.e.m.c.i.e.AbstractTransferListenerAdapter - Downloaded https://repo.maven.apache.org/maven2/com/github/docker-java/docker-java/3.4.0/docker-java-3.4.0.jar
2025-09-05 23:01:07,527 [BasicRepositoryConnector-repo.maven.apache.org-0-3] INFO  o.e.m.c.i.e.AbstractTransferListenerAdapter - Downloaded https://repo.maven.apache.org/maven2/org/seleniumhq/selenium/selenium-support/4.22.0/selenium-support-4.22.0.jar
2025-09-05 23:01:07,537 [BasicRepositoryConnector-repo.maven.apache.org-0-1] INFO  o.e.m.c.i.e.AbstractTransferListenerAdapter - Downloading https://repo.maven.apache.org/maven2/com/github/docker-java/docker-java-core/3.4.0/docker-java-core-3.4.0.jar
2025-09-05 23:01:07,593 [BasicRepositoryConnector-repo.maven.apache.org-0-3] INFO  o.e.m.c.i.e.AbstractTransferListenerAdapter - Downloading https://repo.maven.apache.org/maven2/com/github/docker-java/docker-java-api/3.4.0/docker-java-api-3.4.0.jar
2025-09-05 23:01:08,201 [BasicRepositoryConnector-repo.maven.apache.org-0-1] INFO  o.e.m.c.i.e.AbstractTransferListenerAdapter - Downloaded https://repo.maven.apache.org/maven2/com/github/docker-java/docker-java-core/3.4.0/docker-java-core-3.4.0.jar
2025-09-05 23:01:08,255 [BasicRepositoryConnector-repo.maven.apache.org-0-3] INFO  o.e.m.c.i.e.AbstractTransferListenerAdapter - Downloaded https://repo.maven.apache.org/maven2/com/github/docker-java/docker-java-api/3.4.0/docker-java-api-3.4.0.jar
2025-09-05 23:01:08,273 [BasicRepositoryConnector-repo.maven.apache.org-0-1] INFO  o.e.m.c.i.e.AbstractTransferListenerAdapter - Downloading https://repo.maven.apache.org/maven2/com/github/docker-java/docker-java-transport-httpclient5/3.4.0/docker-java-transport-httpclient5-3.4.0.jar
2025-09-05 23:01:08,298 [BasicRepositoryConnector-repo.maven.apache.org-0-1] INFO  o.e.m.c.i.e.AbstractTransferListenerAdapter - Downloaded https://repo.maven.apache.org/maven2/com/github/docker-java/docker-java-transport-httpclient5/3.4.0/docker-java-transport-httpclient5-3.4.0.jar
2025-09-05 23:01:08,308 [BasicRepositoryConnector-repo.maven.apache.org-0-3] INFO  o.e.m.c.i.e.AbstractTransferListenerAdapter - Downloading https://repo.maven.apache.org/maven2/com/github/docker-java/docker-java-transport/3.4.0/docker-java-transport-3.4.0.jar
2025-09-05 23:01:08,359 [BasicRepositoryConnector-repo.maven.apache.org-0-1] INFO  o.e.m.c.i.e.AbstractTransferListenerAdapter - Downloading https://repo.maven.apache.org/maven2/org/apache/commons/commons-lang3/3.15.0/commons-lang3-3.15.0.jar
2025-09-05 23:01:08,364 [BasicRepositoryConnector-repo.maven.apache.org-0-3] INFO  o.e.m.c.i.e.AbstractTransferListenerAdapter - Downloaded https://repo.maven.apache.org/maven2/com/github/docker-java/docker-java-transport/3.4.0/docker-java-transport-3.4.0.jar
2025-09-05 23:01:08,424 [BasicRepositoryConnector-repo.maven.apache.org-0-3] INFO  o.e.m.c.i.e.AbstractTransferListenerAdapter - Downloading https://repo.maven.apache.org/maven2/org/apache/commons/commons-compress/1.26.2/commons-compress-1.26.2.jar
2025-09-05 23:01:08,762 [BasicRepositoryConnector-repo.maven.apache.org-0-2] INFO  o.e.m.c.i.e.AbstractTransferListenerAdapter - Downloaded https://repo.maven.apache.org/maven2/io/github/bonigarcia/webdrivermanager/5.9.2/webdrivermanager-5.9.2.jar
2025-09-05 23:01:08,847 [BasicRepositoryConnector-repo.maven.apache.org-0-2] INFO  o.e.m.c.i.e.AbstractTransferListenerAdapter - Downloading https://repo.maven.apache.org/maven2/commons-codec/commons-codec/1.17.0/commons-codec-1.17.0.jar
2025-09-05 23:01:09,468 [BasicRepositoryConnector-repo.maven.apache.org-0-2] INFO  o.e.m.c.i.e.AbstractTransferListenerAdapter - Downloaded https://repo.maven.apache.org/maven2/commons-codec/commons-codec/1.17.0/commons-codec-1.17.0.jar
2025-09-05 23:01:09,483 [BasicRepositoryConnector-repo.maven.apache.org-0-1] INFO  o.e.m.c.i.e.AbstractTransferListenerAdapter - Downloaded https://repo.maven.apache.org/maven2/org/apache/commons/commons-lang3/3.15.0/commons-lang3-3.15.0.jar
2025-09-05 23:01:09,761 [BasicRepositoryConnector-repo.maven.apache.org-0-3] INFO  o.e.m.c.i.e.AbstractTransferListenerAdapter - Downloaded https://repo.maven.apache.org/maven2/org/apache/commons/commons-compress/1.26.2/commons-compress-1.26.2.jar
2025-09-05 23:01:11,113 [BasicRepositoryConnector-repo.maven.apache.org-0-0] INFO  o.e.m.c.i.e.AbstractTransferListenerAdapter - Downloaded https://repo.maven.apache.org/maven2/net/bytebuddy/byte-buddy/1.14.17/byte-buddy-1.14.17.jar
2025-09-05 23:01:11,592 [BasicRepositoryConnector-repo.maven.apache.org-0-4] INFO  o.e.m.c.i.e.AbstractTransferListenerAdapter - Downloaded https://repo.maven.apache.org/maven2/org/seleniumhq/selenium/selenium-manager/4.22.0/selenium-manager-4.22.0.jar
2025-09-05 23:01:13,037 [Worker-8: Building] WARN  o.a.m.s.f.DefaultMavenResourcesFiltering - Using platform encoding (UTF-8 actually) to copy filtered resources, i.e. build is platform dependent!
2025-09-05 23:01:13,064 [Worker-8: Building] INFO  o.a.m.s.f.DefaultMavenResourcesFiltering - Copying 0 resource from src\main\resources to target\classes
2025-09-05 23:01:13,080 [Worker-8: Building] WARN  o.a.m.s.f.DefaultMavenResourcesFiltering - Using platform encoding (UTF-8 actually) to copy filtered resources, i.e. build is platform dependent!
2025-09-05 23:01:13,084 [Worker-8: Building] INFO  o.a.m.s.f.DefaultMavenResourcesFiltering - Copying 0 resource from src\test\resources to target\test-classes
2025-09-05 23:01:13,227 [Worker-17: Download sources and javadoc] INFO  o.e.m.c.i.e.AbstractTransferListenerAdapter - Downloading https://repo.maven.apache.org/maven2/org/seleniumhq/selenium/selenium-java/4.22.0/selenium-java-4.22.0-sources.jar
2025-09-05 23:01:13,238 [Worker-17: Download sources and javadoc] INFO  o.e.m.c.i.e.AbstractTransferListenerAdapter - Downloaded https://repo.maven.apache.org/maven2/org/seleniumhq/selenium/selenium-java/4.22.0/selenium-java-4.22.0-sources.jar
2025-09-05 23:01:13,249 [Worker-17: Download sources and javadoc] INFO  o.e.m.j.internal.DownloadSourcesJob - Downloaded sources for org.seleniumhq.selenium:selenium-java:4.22.0
2025-09-05 23:01:13,326 [Worker-17: Download sources and javadoc] INFO  o.e.m.c.i.e.AbstractTransferListenerAdapter - Downloading https://repo.maven.apache.org/maven2/org/seleniumhq/selenium/selenium-api/4.22.0/selenium-api-4.22.0-sources.jar
2025-09-05 23:01:13,395 [Worker-17: Download sources and javadoc] INFO  o.e.m.c.i.e.AbstractTransferListenerAdapter - Downloaded https://repo.maven.apache.org/maven2/org/seleniumhq/selenium/selenium-api/4.22.0/selenium-api-4.22.0-sources.jar
2025-09-05 23:01:13,406 [Worker-17: Download sources and javadoc] INFO  o.e.m.j.internal.DownloadSourcesJob - Downloaded sources for org.seleniumhq.selenium:selenium-api:4.22.0
2025-09-05 23:01:13,480 [Worker-17: Download sources and javadoc] INFO  o.e.m.c.i.e.AbstractTransferListenerAdapter - Downloading https://repo.maven.apache.org/maven2/org/seleniumhq/selenium/selenium-chrome-driver/4.22.0/selenium-chrome-driver-4.22.0-sources.jar
2025-09-05 23:01:13,491 [Worker-17: Download sources and javadoc] INFO  o.e.m.c.i.e.AbstractTransferListenerAdapter - Downloaded https://repo.maven.apache.org/maven2/org/seleniumhq/selenium/selenium-chrome-driver/4.22.0/selenium-chrome-driver-4.22.0-sources.jar
2025-09-05 23:01:13,498 [Worker-17: Download sources and javadoc] INFO  o.e.m.j.internal.DownloadSourcesJob - Downloaded sources for org.seleniumhq.selenium:selenium-chrome-driver:4.22.0
2025-09-05 23:01:13,981 [Worker-17: Download sources and javadoc] INFO  o.e.m.c.i.e.AbstractTransferListenerAdapter - Downloading https://repo.maven.apache.org/maven2/org/seleniumhq/selenium/selenium-chromium-driver/4.22.0/selenium-chromium-driver-4.22.0-sources.jar
2025-09-05 23:01:13,991 [Worker-17: Download sources and javadoc] INFO  o.e.m.c.i.e.AbstractTransferListenerAdapter - Downloaded https://repo.maven.apache.org/maven2/org/seleniumhq/selenium/selenium-chromium-driver/4.22.0/selenium-chromium-driver-4.22.0-sources.jar
2025-09-05 23:01:14,423 [Worker-17: Download sources and javadoc] INFO  o.e.m.j.internal.DownloadSourcesJob - Downloaded sources for org.seleniumhq.selenium:selenium-chromium-driver:4.22.0
2025-09-05 23:01:14,686 [Worker-17: Download sources and javadoc] INFO  o.e.m.c.i.e.AbstractTransferListenerAdapter - Downloading https://repo.maven.apache.org/maven2/org/seleniumhq/selenium/selenium-json/4.22.0/selenium-json-4.22.0-sources.jar
2025-09-05 23:01:14,780 [Worker-17: Download sources and javadoc] INFO  o.e.m.c.i.e.AbstractTransferListenerAdapter - Downloaded https://repo.maven.apache.org/maven2/org/seleniumhq/selenium/selenium-json/4.22.0/selenium-json-4.22.0-sources.jar
2025-09-05 23:01:14,788 [Worker-17: Download sources and javadoc] INFO  o.e.m.j.internal.DownloadSourcesJob - Downloaded sources for org.seleniumhq.selenium:selenium-json:4.22.0
2025-09-05 23:01:14,980 [Worker-17: Download sources and javadoc] INFO  o.e.m.c.i.e.AbstractTransferListenerAdapter - Downloading https://repo.maven.apache.org/maven2/org/seleniumhq/selenium/selenium-manager/4.22.0/selenium-manager-4.22.0-sources.jar
2025-09-05 23:01:14,988 [Worker-17: Download sources and javadoc] INFO  o.e.m.c.i.e.AbstractTransferListenerAdapter - Downloaded https://repo.maven.apache.org/maven2/org/seleniumhq/selenium/selenium-manager/4.22.0/selenium-manager-4.22.0-sources.jar
2025-09-05 23:01:14,996 [Worker-17: Download sources and javadoc] INFO  o.e.m.j.internal.DownloadSourcesJob - Downloaded sources for org.seleniumhq.selenium:selenium-manager:4.22.0
2025-09-05 23:01:15,063 [Worker-17: Download sources and javadoc] INFO  o.e.m.c.i.e.AbstractTransferListenerAdapter - Downloading https://repo.maven.apache.org/maven2/org/seleniumhq/selenium/selenium-devtools-v124/4.22.0/selenium-devtools-v124-4.22.0-sources.jar
2025-09-05 23:01:15,378 [Worker-17: Download sources and javadoc] INFO  o.e.m.c.i.e.AbstractTransferListenerAdapter - Downloaded https://repo.maven.apache.org/maven2/org/seleniumhq/selenium/selenium-devtools-v124/4.22.0/selenium-devtools-v124-4.22.0-sources.jar
2025-09-05 23:01:15,383 [Worker-17: Download sources and javadoc] INFO  o.e.m.j.internal.DownloadSourcesJob - Downloaded sources for org.seleniumhq.selenium:selenium-devtools-v124:4.22.0
2025-09-05 23:01:15,451 [Worker-17: Download sources and javadoc] INFO  o.e.m.c.i.e.AbstractTransferListenerAdapter - Downloading https://repo.maven.apache.org/maven2/org/seleniumhq/selenium/selenium-devtools-v125/4.22.0/selenium-devtools-v125-4.22.0-sources.jar
2025-09-05 23:01:15,947 [Worker-17: Download sources and javadoc] INFO  o.e.m.c.i.e.AbstractTransferListenerAdapter - Downloaded https://repo.maven.apache.org/maven2/org/seleniumhq/selenium/selenium-devtools-v125/4.22.0/selenium-devtools-v125-4.22.0-sources.jar
2025-09-05 23:01:15,969 [Worker-17: Download sources and javadoc] INFO  o.e.m.j.internal.DownloadSourcesJob - Downloaded sources for org.seleniumhq.selenium:selenium-devtools-v125:4.22.0
2025-09-05 23:01:16,105 [Worker-17: Download sources and javadoc] INFO  o.e.m.c.i.e.AbstractTransferListenerAdapter - Downloading https://repo.maven.apache.org/maven2/org/seleniumhq/selenium/selenium-devtools-v126/4.22.0/selenium-devtools-v126-4.22.0-sources.jar
2025-09-05 23:01:16,298 [Worker-17: Download sources and javadoc] INFO  o.e.m.c.i.e.AbstractTransferListenerAdapter - Downloaded https://repo.maven.apache.org/maven2/org/seleniumhq/selenium/selenium-devtools-v126/4.22.0/selenium-devtools-v126-4.22.0-sources.jar
2025-09-05 23:01:16,305 [Worker-17: Download sources and javadoc] INFO  o.e.m.j.internal.DownloadSourcesJob - Downloaded sources for org.seleniumhq.selenium:selenium-devtools-v126:4.22.0
2025-09-05 23:01:16,414 [Worker-14: Building] WARN  o.a.m.s.f.DefaultMavenResourcesFiltering - Using platform encoding (UTF-8 actually) to copy filtered resources, i.e. build is platform dependent!
2025-09-05 23:01:16,428 [Worker-14: Building] INFO  o.a.m.s.f.DefaultMavenResourcesFiltering - Copying 0 resource from src\main\resources to target\classes
2025-09-05 23:01:16,435 [Worker-17: Download sources and javadoc] INFO  o.e.m.c.i.e.AbstractTransferListenerAdapter - Downloading https://repo.maven.apache.org/maven2/org/seleniumhq/selenium/selenium-devtools-v85/4.22.0/selenium-devtools-v85-4.22.0-sources.jar
2025-09-05 23:01:16,508 [Worker-14: Building] WARN  o.a.m.s.f.DefaultMavenResourcesFiltering - Using platform encoding (UTF-8 actually) to copy filtered resources, i.e. build is platform dependent!
2025-09-05 23:01:16,526 [Worker-14: Building] INFO  o.a.m.s.f.DefaultMavenResourcesFiltering - Copying 0 resource from src\test\resources to target\test-classes
2025-09-05 23:01:16,595 [Worker-17: Download sources and javadoc] INFO  o.e.m.c.i.e.AbstractTransferListenerAdapter - Downloaded https://repo.maven.apache.org/maven2/org/seleniumhq/selenium/selenium-devtools-v85/4.22.0/selenium-devtools-v85-4.22.0-sources.jar
2025-09-05 23:01:16,619 [Worker-17: Download sources and javadoc] INFO  o.e.m.j.internal.DownloadSourcesJob - Downloaded sources for org.seleniumhq.selenium:selenium-devtools-v85:4.22.0
2025-09-05 23:01:16,885 [Worker-17: Download sources and javadoc] INFO  o.e.m.c.i.e.AbstractTransferListenerAdapter - Downloading https://repo.maven.apache.org/maven2/org/seleniumhq/selenium/selenium-edge-driver/4.22.0/selenium-edge-driver-4.22.0-sources.jar
2025-09-05 23:01:16,979 [Worker-17: Download sources and javadoc] INFO  o.e.m.c.i.e.AbstractTransferListenerAdapter - Downloaded https://repo.maven.apache.org/maven2/org/seleniumhq/selenium/selenium-edge-driver/4.22.0/selenium-edge-driver-4.22.0-sources.jar
2025-09-05 23:01:16,989 [Worker-17: Download sources and javadoc] INFO  o.e.m.j.internal.DownloadSourcesJob - Downloaded sources for org.seleniumhq.selenium:selenium-edge-driver:4.22.0
2025-09-05 23:01:17,083 [Worker-17: Download sources and javadoc] INFO  o.e.m.c.i.e.AbstractTransferListenerAdapter - Downloading https://repo.maven.apache.org/maven2/org/seleniumhq/selenium/selenium-firefox-driver/4.22.0/selenium-firefox-driver-4.22.0-sources.jar
2025-09-05 23:01:17,110 [Worker-17: Download sources and javadoc] INFO  o.e.m.c.i.e.AbstractTransferListenerAdapter - Downloaded https://repo.maven.apache.org/maven2/org/seleniumhq/selenium/selenium-firefox-driver/4.22.0/selenium-firefox-driver-4.22.0-sources.jar
2025-09-05 23:01:17,128 [Worker-17: Download sources and javadoc] INFO  o.e.m.j.internal.DownloadSourcesJob - Downloaded sources for org.seleniumhq.selenium:selenium-firefox-driver:4.22.0
2025-09-05 23:01:17,216 [Worker-17: Download sources and javadoc] INFO  o.e.m.c.i.e.AbstractTransferListenerAdapter - Downloading https://repo.maven.apache.org/maven2/org/seleniumhq/selenium/selenium-http/4.22.0/selenium-http-4.22.0-sources.jar
2025-09-05 23:01:17,236 [Worker-17: Download sources and javadoc] INFO  o.e.m.c.i.e.AbstractTransferListenerAdapter - Downloaded https://repo.maven.apache.org/maven2/org/seleniumhq/selenium/selenium-http/4.22.0/selenium-http-4.22.0-sources.jar
2025-09-05 23:01:17,244 [Worker-17: Download sources and javadoc] INFO  o.e.m.j.internal.DownloadSourcesJob - Downloaded sources for org.seleniumhq.selenium:selenium-http:4.22.0
2025-09-05 23:01:17,333 [Worker-17: Download sources and javadoc] INFO  o.e.m.c.i.e.AbstractTransferListenerAdapter - Downloading https://repo.maven.apache.org/maven2/org/seleniumhq/selenium/selenium-ie-driver/4.22.0/selenium-ie-driver-4.22.0-sources.jar
2025-09-05 23:01:17,352 [Worker-17: Download sources and javadoc] INFO  o.e.m.c.i.e.AbstractTransferListenerAdapter - Downloaded https://repo.maven.apache.org/maven2/org/seleniumhq/selenium/selenium-ie-driver/4.22.0/selenium-ie-driver-4.22.0-sources.jar
2025-09-05 23:01:17,361 [Worker-17: Download sources and javadoc] INFO  o.e.m.j.internal.DownloadSourcesJob - Downloaded sources for org.seleniumhq.selenium:selenium-ie-driver:4.22.0
2025-09-05 23:01:17,437 [Worker-17: Download sources and javadoc] INFO  o.e.m.c.i.e.AbstractTransferListenerAdapter - Downloading https://repo.maven.apache.org/maven2/org/seleniumhq/selenium/selenium-remote-driver/4.22.0/selenium-remote-driver-4.22.0-sources.jar
2025-09-05 23:01:17,681 [Worker-17: Download sources and javadoc] INFO  o.e.m.c.i.e.AbstractTransferListenerAdapter - Downloaded https://repo.maven.apache.org/maven2/org/seleniumhq/selenium/selenium-remote-driver/4.22.0/selenium-remote-driver-4.22.0-sources.jar
2025-09-05 23:01:17,717 [Worker-17: Download sources and javadoc] INFO  o.e.m.j.internal.DownloadSourcesJob - Downloaded sources for org.seleniumhq.selenium:selenium-remote-driver:4.22.0
2025-09-05 23:01:17,796 [Worker-17: Download sources and javadoc] INFO  o.e.m.c.i.e.AbstractTransferListenerAdapter - Downloading https://repo.maven.apache.org/maven2/io/opentelemetry/opentelemetry-api/1.39.0/opentelemetry-api-1.39.0-sources.jar
2025-09-05 23:01:18,136 [Worker-17: Download sources and javadoc] INFO  o.e.m.c.i.e.AbstractTransferListenerAdapter - Downloaded https://repo.maven.apache.org/maven2/io/opentelemetry/opentelemetry-api/1.39.0/opentelemetry-api-1.39.0-sources.jar
2025-09-05 23:01:18,144 [Worker-17: Download sources and javadoc] INFO  o.e.m.j.internal.DownloadSourcesJob - Downloaded sources for io.opentelemetry:opentelemetry-api:1.39.0
2025-09-05 23:01:18,854 [Worker-17: Download sources and javadoc] INFO  o.e.m.c.i.e.AbstractTransferListenerAdapter - Downloading https://repo.maven.apache.org/maven2/io/opentelemetry/opentelemetry-context/1.39.0/opentelemetry-context-1.39.0-sources.jar
2025-09-05 23:01:19,503 [Worker-17: Download sources and javadoc] INFO  o.e.m.c.i.e.AbstractTransferListenerAdapter - Downloaded https://repo.maven.apache.org/maven2/io/opentelemetry/opentelemetry-context/1.39.0/opentelemetry-context-1.39.0-sources.jar
2025-09-05 23:01:19,510 [Worker-17: Download sources and javadoc] INFO  o.e.m.j.internal.DownloadSourcesJob - Downloaded sources for io.opentelemetry:opentelemetry-context:1.39.0
2025-09-05 23:01:19,599 [Worker-17: Download sources and javadoc] INFO  o.e.m.c.i.e.AbstractTransferListenerAdapter - Downloading https://repo.maven.apache.org/maven2/io/opentelemetry/opentelemetry-exporter-logging/1.39.0/opentelemetry-exporter-logging-1.39.0-sources.jar
2025-09-05 23:01:19,606 [Worker-17: Download sources and javadoc] INFO  o.e.m.c.i.e.AbstractTransferListenerAdapter - Downloaded https://repo.maven.apache.org/maven2/io/opentelemetry/opentelemetry-exporter-logging/1.39.0/opentelemetry-exporter-logging-1.39.0-sources.jar
2025-09-05 23:01:19,611 [Worker-17: Download sources and javadoc] INFO  o.e.m.j.internal.DownloadSourcesJob - Downloaded sources for io.opentelemetry:opentelemetry-exporter-logging:1.39.0
2025-09-05 23:01:19,834 [Worker-17: Download sources and javadoc] INFO  o.e.m.c.i.e.AbstractTransferListenerAdapter - Downloading https://repo.maven.apache.org/maven2/io/opentelemetry/opentelemetry-sdk-common/1.39.0/opentelemetry-sdk-common-1.39.0-sources.jar
2025-09-05 23:01:19,875 [Worker-17: Download sources and javadoc] INFO  o.e.m.c.i.e.AbstractTransferListenerAdapter - Downloaded https://repo.maven.apache.org/maven2/io/opentelemetry/opentelemetry-sdk-common/1.39.0/opentelemetry-sdk-common-1.39.0-sources.jar
2025-09-05 23:01:19,900 [Worker-17: Download sources and javadoc] INFO  o.e.m.j.internal.DownloadSourcesJob - Downloaded sources for io.opentelemetry:opentelemetry-sdk-common:1.39.0
2025-09-05 23:01:19,995 [Worker-17: Download sources and javadoc] INFO  o.e.m.c.i.e.AbstractTransferListenerAdapter - Downloading https://repo.maven.apache.org/maven2/io/opentelemetry/opentelemetry-sdk-extension-autoconfigure-spi/1.39.0/opentelemetry-sdk-extension-autoconfigure-spi-1.39.0-sources.jar
2025-09-05 23:01:20,010 [Worker-17: Download sources and javadoc] INFO  o.e.m.c.i.e.AbstractTransferListenerAdapter - Downloaded https://repo.maven.apache.org/maven2/io/opentelemetry/opentelemetry-sdk-extension-autoconfigure-spi/1.39.0/opentelemetry-sdk-extension-autoconfigure-spi-1.39.0-sources.jar
2025-09-05 23:01:20,019 [Worker-17: Download sources and javadoc] INFO  o.e.m.j.internal.DownloadSourcesJob - Downloaded sources for io.opentelemetry:opentelemetry-sdk-extension-autoconfigure-spi:1.39.0
2025-09-05 23:01:20,129 [Worker-17: Download sources and javadoc] INFO  o.e.m.c.i.e.AbstractTransferListenerAdapter - Downloading https://repo.maven.apache.org/maven2/io/opentelemetry/opentelemetry-sdk-extension-autoconfigure/1.39.0/opentelemetry-sdk-extension-autoconfigure-1.39.0-sources.jar
2025-09-05 23:01:20,170 [Worker-17: Download sources and javadoc] INFO  o.e.m.c.i.e.AbstractTransferListenerAdapter - Downloaded https://repo.maven.apache.org/maven2/io/opentelemetry/opentelemetry-sdk-extension-autoconfigure/1.39.0/opentelemetry-sdk-extension-autoconfigure-1.39.0-sources.jar
2025-09-05 23:01:20,207 [Worker-17: Download sources and javadoc] INFO  o.e.m.j.internal.DownloadSourcesJob - Downloaded sources for io.opentelemetry:opentelemetry-sdk-extension-autoconfigure:1.39.0
2025-09-05 23:01:20,304 [Worker-17: Download sources and javadoc] INFO  o.e.m.c.i.e.AbstractTransferListenerAdapter - Downloading https://repo.maven.apache.org/maven2/io/opentelemetry/opentelemetry-api-incubator/1.39.0-alpha/opentelemetry-api-incubator-1.39.0-alpha-sources.jar
2025-09-05 23:01:20,313 [Worker-17: Download sources and javadoc] INFO  o.e.m.c.i.e.AbstractTransferListenerAdapter - Downloaded https://repo.maven.apache.org/maven2/io/opentelemetry/opentelemetry-api-incubator/1.39.0-alpha/opentelemetry-api-incubator-1.39.0-alpha-sources.jar
2025-09-05 23:01:20,320 [Worker-17: Download sources and javadoc] INFO  o.e.m.j.internal.DownloadSourcesJob - Downloaded sources for io.opentelemetry:opentelemetry-api-incubator:1.39.0-alpha
2025-09-05 23:01:20,475 [Worker-17: Download sources and javadoc] INFO  o.e.m.c.i.e.AbstractTransferListenerAdapter - Downloading https://repo.maven.apache.org/maven2/io/opentelemetry/opentelemetry-sdk-trace/1.39.0/opentelemetry-sdk-trace-1.39.0-sources.jar
2025-09-05 23:01:20,485 [Worker-17: Download sources and javadoc] INFO  o.e.m.c.i.e.AbstractTransferListenerAdapter - Downloaded https://repo.maven.apache.org/maven2/io/opentelemetry/opentelemetry-sdk-trace/1.39.0/opentelemetry-sdk-trace-1.39.0-sources.jar
2025-09-05 23:01:20,501 [Worker-17: Download sources and javadoc] INFO  o.e.m.j.internal.DownloadSourcesJob - Downloaded sources for io.opentelemetry:opentelemetry-sdk-trace:1.39.0
2025-09-05 23:01:20,564 [Worker-17: Download sources and javadoc] INFO  o.e.m.c.i.e.AbstractTransferListenerAdapter - Downloading https://repo.maven.apache.org/maven2/io/opentelemetry/opentelemetry-sdk/1.39.0/opentelemetry-sdk-1.39.0-sources.jar
2025-09-05 23:01:20,589 [Worker-17: Download sources and javadoc] INFO  o.e.m.c.i.e.AbstractTransferListenerAdapter - Downloaded https://repo.maven.apache.org/maven2/io/opentelemetry/opentelemetry-sdk/1.39.0/opentelemetry-sdk-1.39.0-sources.jar
2025-09-05 23:01:20,596 [Worker-17: Download sources and javadoc] INFO  o.e.m.j.internal.DownloadSourcesJob - Downloaded sources for io.opentelemetry:opentelemetry-sdk:1.39.0
2025-09-05 23:01:20,678 [Worker-17: Download sources and javadoc] INFO  o.e.m.c.i.e.AbstractTransferListenerAdapter - Downloading https://repo.maven.apache.org/maven2/io/opentelemetry/opentelemetry-sdk-metrics/1.39.0/opentelemetry-sdk-metrics-1.39.0-sources.jar
2025-09-05 23:01:20,748 [Worker-17: Download sources and javadoc] INFO  o.e.m.c.i.e.AbstractTransferListenerAdapter - Downloaded https://repo.maven.apache.org/maven2/io/opentelemetry/opentelemetry-sdk-metrics/1.39.0/opentelemetry-sdk-metrics-1.39.0-sources.jar
2025-09-05 23:01:20,753 [Worker-17: Download sources and javadoc] INFO  o.e.m.j.internal.DownloadSourcesJob - Downloaded sources for io.opentelemetry:opentelemetry-sdk-metrics:1.39.0
2025-09-05 23:01:20,813 [Worker-17: Download sources and javadoc] INFO  o.e.m.c.i.e.AbstractTransferListenerAdapter - Downloading https://repo.maven.apache.org/maven2/io/opentelemetry/opentelemetry-sdk-logs/1.39.0/opentelemetry-sdk-logs-1.39.0-sources.jar
2025-09-05 23:01:20,823 [Worker-17: Download sources and javadoc] INFO  o.e.m.c.i.e.AbstractTransferListenerAdapter - Downloaded https://repo.maven.apache.org/maven2/io/opentelemetry/opentelemetry-sdk-logs/1.39.0/opentelemetry-sdk-logs-1.39.0-sources.jar
2025-09-05 23:01:20,839 [Worker-17: Download sources and javadoc] INFO  o.e.m.j.internal.DownloadSourcesJob - Downloaded sources for io.opentelemetry:opentelemetry-sdk-logs:1.39.0
2025-09-05 23:01:20,931 [Worker-17: Download sources and javadoc] INFO  o.e.m.c.i.e.AbstractTransferListenerAdapter - Downloading https://repo.maven.apache.org/maven2/net/bytebuddy/byte-buddy/1.14.17/byte-buddy-1.14.17-sources.jar
2025-09-05 23:01:21,216 [Worker-17: Download sources and javadoc] INFO  o.e.m.c.i.e.AbstractTransferListenerAdapter - Downloaded https://repo.maven.apache.org/maven2/net/bytebuddy/byte-buddy/1.14.17/byte-buddy-1.14.17-sources.jar
2025-09-05 23:01:21,224 [Worker-17: Download sources and javadoc] INFO  o.e.m.j.internal.DownloadSourcesJob - Downloaded sources for net.bytebuddy:byte-buddy:1.14.17
2025-09-05 23:01:21,294 [Worker-17: Download sources and javadoc] INFO  o.e.m.c.i.e.AbstractTransferListenerAdapter - Downloading https://repo.maven.apache.org/maven2/org/seleniumhq/selenium/selenium-os/4.22.0/selenium-os-4.22.0-sources.jar
2025-09-05 23:01:21,310 [Worker-17: Download sources and javadoc] INFO  o.e.m.c.i.e.AbstractTransferListenerAdapter - Downloaded https://repo.maven.apache.org/maven2/org/seleniumhq/selenium/selenium-os/4.22.0/selenium-os-4.22.0-sources.jar
2025-09-05 23:01:21,317 [Worker-17: Download sources and javadoc] INFO  o.e.m.j.internal.DownloadSourcesJob - Downloaded sources for org.seleniumhq.selenium:selenium-os:4.22.0
2025-09-05 23:01:21,435 [Worker-17: Download sources and javadoc] INFO  o.e.m.c.i.e.AbstractTransferListenerAdapter - Downloading https://repo.maven.apache.org/maven2/org/seleniumhq/selenium/selenium-safari-driver/4.22.0/selenium-safari-driver-4.22.0-sources.jar
2025-09-05 23:01:21,450 [Worker-17: Download sources and javadoc] INFO  o.e.m.c.i.e.AbstractTransferListenerAdapter - Downloaded https://repo.maven.apache.org/maven2/org/seleniumhq/selenium/selenium-safari-driver/4.22.0/selenium-safari-driver-4.22.0-sources.jar
2025-09-05 23:01:21,460 [Worker-17: Download sources and javadoc] INFO  o.e.m.j.internal.DownloadSourcesJob - Downloaded sources for org.seleniumhq.selenium:selenium-safari-driver:4.22.0
2025-09-05 23:01:21,546 [Worker-17: Download sources and javadoc] INFO  o.e.m.c.i.e.AbstractTransferListenerAdapter - Downloading https://repo.maven.apache.org/maven2/org/seleniumhq/selenium/selenium-support/4.22.0/selenium-support-4.22.0-sources.jar
2025-09-05 23:01:21,575 [Worker-17: Download sources and javadoc] INFO  o.e.m.c.i.e.AbstractTransferListenerAdapter - Downloaded https://repo.maven.apache.org/maven2/org/seleniumhq/selenium/selenium-support/4.22.0/selenium-support-4.22.0-sources.jar
2025-09-05 23:01:21,581 [Worker-17: Download sources and javadoc] INFO  o.e.m.j.internal.DownloadSourcesJob - Downloaded sources for org.seleniumhq.selenium:selenium-support:4.22.0
2025-09-05 23:01:21,686 [Worker-17: Download sources and javadoc] INFO  o.e.m.c.i.e.AbstractTransferListenerAdapter - Downloading https://repo.maven.apache.org/maven2/io/github/bonigarcia/webdrivermanager/5.9.2/webdrivermanager-5.9.2-sources.jar
2025-09-05 23:01:22,378 [Worker-17: Download sources and javadoc] INFO  o.e.m.c.i.e.AbstractTransferListenerAdapter - Downloaded https://repo.maven.apache.org/maven2/io/github/bonigarcia/webdrivermanager/5.9.2/webdrivermanager-5.9.2-sources.jar
2025-09-05 23:01:22,396 [Worker-17: Download sources and javadoc] INFO  o.e.m.j.internal.DownloadSourcesJob - Downloaded sources for io.github.bonigarcia:webdrivermanager:5.9.2
2025-09-05 23:01:22,482 [Worker-17: Download sources and javadoc] INFO  o.e.m.c.i.e.AbstractTransferListenerAdapter - Downloading https://repo.maven.apache.org/maven2/com/github/docker-java/docker-java/3.4.0/docker-java-3.4.0-sources.jar
2025-09-05 23:01:22,490 [Worker-17: Download sources and javadoc] INFO  o.e.m.c.i.e.AbstractTransferListenerAdapter - Downloaded https://repo.maven.apache.org/maven2/com/github/docker-java/docker-java/3.4.0/docker-java-3.4.0-sources.jar
2025-09-05 23:01:22,498 [Worker-17: Download sources and javadoc] INFO  o.e.m.j.internal.DownloadSourcesJob - Downloaded sources for com.github.docker-java:docker-java:3.4.0
2025-09-05 23:01:22,595 [Worker-17: Download sources and javadoc] INFO  o.e.m.c.i.e.AbstractTransferListenerAdapter - Downloading https://repo.maven.apache.org/maven2/com/github/docker-java/docker-java-core/3.4.0/docker-java-core-3.4.0-sources.jar
2025-09-05 23:01:22,653 [Worker-17: Download sources and javadoc] INFO  o.e.m.c.i.e.AbstractTransferListenerAdapter - Downloaded https://repo.maven.apache.org/maven2/com/github/docker-java/docker-java-core/3.4.0/docker-java-core-3.4.0-sources.jar
2025-09-05 23:01:22,669 [Worker-17: Download sources and javadoc] INFO  o.e.m.j.internal.DownloadSourcesJob - Downloaded sources for com.github.docker-java:docker-java-core:3.4.0
2025-09-05 23:01:22,750 [Worker-17: Download sources and javadoc] INFO  o.e.m.c.i.e.AbstractTransferListenerAdapter - Downloading https://repo.maven.apache.org/maven2/com/github/docker-java/docker-java-api/3.4.0/docker-java-api-3.4.0-sources.jar
2025-09-05 23:01:22,847 [Worker-17: Download sources and javadoc] INFO  o.e.m.c.i.e.AbstractTransferListenerAdapter - Downloaded https://repo.maven.apache.org/maven2/com/github/docker-java/docker-java-api/3.4.0/docker-java-api-3.4.0-sources.jar
2025-09-05 23:01:22,862 [Worker-17: Download sources and javadoc] INFO  o.e.m.j.internal.DownloadSourcesJob - Downloaded sources for com.github.docker-java:docker-java-api:3.4.0
2025-09-05 23:01:22,932 [Worker-17: Download sources and javadoc] INFO  o.e.m.c.i.e.AbstractTransferListenerAdapter - Downloading https://repo.maven.apache.org/maven2/com/github/docker-java/docker-java-transport-httpclient5/3.4.0/docker-java-transport-httpclient5-3.4.0-sources.jar
2025-09-05 23:01:22,943 [Worker-17: Download sources and javadoc] INFO  o.e.m.c.i.e.AbstractTransferListenerAdapter - Downloaded https://repo.maven.apache.org/maven2/com/github/docker-java/docker-java-transport-httpclient5/3.4.0/docker-java-transport-httpclient5-3.4.0-sources.jar
2025-09-05 23:01:22,952 [Worker-17: Download sources and javadoc] INFO  o.e.m.j.internal.DownloadSourcesJob - Downloaded sources for com.github.docker-java:docker-java-transport-httpclient5:3.4.0
2025-09-05 23:01:23,015 [Worker-17: Download sources and javadoc] INFO  o.e.m.c.i.e.AbstractTransferListenerAdapter - Downloading https://repo.maven.apache.org/maven2/com/github/docker-java/docker-java-transport/3.4.0/docker-java-transport-3.4.0-sources.jar
2025-09-05 23:01:23,282 [Worker-17: Download sources and javadoc] INFO  o.e.m.c.i.e.AbstractTransferListenerAdapter - Downloaded https://repo.maven.apache.org/maven2/com/github/docker-java/docker-java-transport/3.4.0/docker-java-transport-3.4.0-sources.jar
2025-09-05 23:01:23,326 [Worker-17: Download sources and javadoc] INFO  o.e.m.j.internal.DownloadSourcesJob - Downloaded sources for com.github.docker-java:docker-java-transport:3.4.0
2025-09-05 23:01:23,399 [Worker-17: Download sources and javadoc] INFO  o.e.m.c.i.e.AbstractTransferListenerAdapter - Downloading https://repo.maven.apache.org/maven2/org/apache/commons/commons-lang3/3.15.0/commons-lang3-3.15.0-sources.jar
2025-09-05 23:01:23,634 [Worker-17: Download sources and javadoc] INFO  o.e.m.c.i.e.AbstractTransferListenerAdapter - Downloaded https://repo.maven.apache.org/maven2/org/apache/commons/commons-lang3/3.15.0/commons-lang3-3.15.0-sources.jar
2025-09-05 23:01:23,643 [Worker-17: Download sources and javadoc] INFO  o.e.m.j.internal.DownloadSourcesJob - Downloaded sources for org.apache.commons:commons-lang3:3.15.0
2025-09-05 23:01:23,746 [Worker-17: Download sources and javadoc] INFO  o.e.m.c.i.e.AbstractTransferListenerAdapter - Downloading https://repo.maven.apache.org/maven2/org/apache/commons/commons-compress/1.26.2/commons-compress-1.26.2-sources.jar
2025-09-05 23:01:23,946 [Worker-17: Download sources and javadoc] INFO  o.e.m.c.i.e.AbstractTransferListenerAdapter - Downloaded https://repo.maven.apache.org/maven2/org/apache/commons/commons-compress/1.26.2/commons-compress-1.26.2-sources.jar
2025-09-05 23:01:23,967 [Worker-17: Download sources and javadoc] INFO  o.e.m.j.internal.DownloadSourcesJob - Downloaded sources for org.apache.commons:commons-compress:1.26.2
2025-09-05 23:01:24,081 [Worker-17: Download sources and javadoc] INFO  o.e.m.c.i.e.AbstractTransferListenerAdapter - Downloading https://repo.maven.apache.org/maven2/commons-codec/commons-codec/1.17.0/commons-codec-1.17.0-sources.jar
2025-09-05 23:01:24,338 [Worker-17: Download sources and javadoc] INFO  o.e.m.c.i.e.AbstractTransferListenerAdapter - Downloaded https://repo.maven.apache.org/maven2/commons-codec/commons-codec/1.17.0/commons-codec-1.17.0-sources.jar
2025-09-05 23:01:24,358 [Worker-17: Download sources and javadoc] INFO  o.e.m.j.internal.DownloadSourcesJob - Downloaded sources for commons-codec:commons-codec:1.17.0
2025-09-05 23:02:14,489 [Worker-19: Building] WARN  o.a.m.s.f.DefaultMavenResourcesFiltering - Using platform encoding (UTF-8 actually) to copy filtered resources, i.e. build is platform dependent!
2025-09-05 23:02:15,414 [Worker-19: Building] INFO  o.a.m.s.f.DefaultMavenResourcesFiltering - Copying 0 resource from src\main\resources to target\classes
2025-09-05 23:02:15,429 [Worker-19: Building] WARN  o.a.m.s.f.DefaultMavenResourcesFiltering - Using platform encoding (UTF-8 actually) to copy filtered resources, i.e. build is platform dependent!
2025-09-05 23:02:15,431 [Worker-19: Building] INFO  o.a.m.s.f.DefaultMavenResourcesFiltering - Copying 0 resource from src\test\resources to target\test-classes
2025-09-05 23:03:38,958 [Worker-18: Building] WARN  o.a.m.s.f.DefaultMavenResourcesFiltering - Using platform encoding (UTF-8 actually) to copy filtered resources, i.e. build is platform dependent!
2025-09-05 23:03:38,964 [Worker-18: Building] INFO  o.a.m.s.f.DefaultMavenResourcesFiltering - Copying 0 resource from src\main\resources to target\classes
2025-09-05 23:03:38,969 [Worker-18: Building] WARN  o.a.m.s.f.DefaultMavenResourcesFiltering - Using platform encoding (UTF-8 actually) to copy filtered resources, i.e. build is platform dependent!
2025-09-05 23:03:38,972 [Worker-18: Building] INFO  o.a.m.s.f.DefaultMavenResourcesFiltering - Copying 0 resource from src\test\resources to target\test-classes
2025-09-05 23:04:21,939 [Worker-8: Building] WARN  o.a.m.s.f.DefaultMavenResourcesFiltering - Using platform encoding (UTF-8 actually) to copy filtered resources, i.e. build is platform dependent!
2025-09-05 23:04:21,945 [Worker-8: Building] INFO  o.a.m.s.f.DefaultMavenResourcesFiltering - Copying 0 resource from src\main\resources to target\classes
2025-09-05 23:04:21,951 [Worker-8: Building] WARN  o.a.m.s.f.DefaultMavenResourcesFiltering - Using platform encoding (UTF-8 actually) to copy filtered resources, i.e. build is platform dependent!
2025-09-05 23:04:21,954 [Worker-8: Building] INFO  o.a.m.s.f.DefaultMavenResourcesFiltering - Copying 0 resource from src\test\resources to target\test-classes
2025-09-05 23:04:34,034 [Worker-20: Building] WARN  o.a.m.s.f.DefaultMavenResourcesFiltering - Using platform encoding (UTF-8 actually) to copy filtered resources, i.e. build is platform dependent!
2025-09-05 23:04:34,037 [Worker-20: Building] INFO  o.a.m.s.f.DefaultMavenResourcesFiltering - Copying 0 resource from src\main\resources to target\classes
2025-09-05 23:04:34,045 [Worker-20: Building] WARN  o.a.m.s.f.DefaultMavenResourcesFiltering - Using platform encoding (UTF-8 actually) to copy filtered resources, i.e. build is platform dependent!
2025-09-05 23:04:34,047 [Worker-20: Building] INFO  o.a.m.s.f.DefaultMavenResourcesFiltering - Copying 0 resource from src\test\resources to target\test-classes
2025-09-05 23:06:39,982 [Start Help Server] INFO  org.eclipse.jetty.server.Server - jetty-12.0.21; built: 2025-05-09T00:32:00.688Z; git: 1c4719601e31b05b7d68910d2edd980259f1f53c; jvm 21.0.8+9-LTS
2025-09-05 23:06:40,315 [Start Help Server] INFO  o.e.j.server.handler.ContextHandler - Started oeje8n.ContextHandler$CoreContextHandler@273e83f1{/help,/help,b=null,a=AVAILABLE,h=oeje8n.ContextHandler$CoreContextHandler$CoreToNestedHandler@713e2b87{STARTED}}
2025-09-05 23:06:40,328 [Start Help Server] INFO  o.e.j.s.DefaultSessionIdManager - Session workerName=node0
2025-09-05 23:06:40,416 [Start Help Server] INFO  o.e.jetty.server.AbstractConnector - Started ServerConnector@136cc73f{HTTP/1.1, (http/1.1)}{127.0.0.1:51915}
2025-09-05 23:06:40,465 [Start Help Server] INFO  org.eclipse.jetty.server.Server - Started oejs.Server@22c61f76{STARTING}[12.0.21,sto=0] @1556961ms
2025-09-05 23:15:57,151 [Worker-22: Building] WARN  o.a.m.s.f.DefaultMavenResourcesFiltering - Using platform encoding (UTF-8 actually) to copy filtered resources, i.e. build is platform dependent!
2025-09-05 23:15:57,211 [Worker-22: Building] INFO  o.a.m.s.f.DefaultMavenResourcesFiltering - Copying 0 resource from src\main\resources to target\classes
2025-09-05 23:15:57,221 [Worker-22: Building] WARN  o.a.m.s.f.DefaultMavenResourcesFiltering - Using platform encoding (UTF-8 actually) to copy filtered resources, i.e. build is platform dependent!
2025-09-05 23:15:57,224 [Worker-22: Building] INFO  o.a.m.s.f.DefaultMavenResourcesFiltering - Copying 0 resource from src\test\resources to target\test-classes
2025-09-05 23:20:25,187 [Worker-27: Building] WARN  o.a.m.s.f.DefaultMavenResourcesFiltering - Using platform encoding (UTF-8 actually) to copy filtered resources, i.e. build is platform dependent!
2025-09-05 23:20:25,207 [Worker-27: Building] INFO  o.a.m.s.f.DefaultMavenResourcesFiltering - Copying 0 resource from src\main\resources to target\classes
2025-09-05 23:20:25,214 [Worker-27: Building] WARN  o.a.m.s.f.DefaultMavenResourcesFiltering - Using platform encoding (UTF-8 actually) to copy filtered resources, i.e. build is platform dependent!
2025-09-05 23:20:25,217 [Worker-27: Building] INFO  o.a.m.s.f.DefaultMavenResourcesFiltering - Copying 0 resource from src\test\resources to target\test-classes
2025-09-05 23:22:06,374 [Worker-22: Building] WARN  o.a.m.s.f.DefaultMavenResourcesFiltering - Using platform encoding (UTF-8 actually) to copy filtered resources, i.e. build is platform dependent!
2025-09-05 23:22:06,377 [Worker-22: Building] INFO  o.a.m.s.f.DefaultMavenResourcesFiltering - Copying 0 resource from src\main\resources to target\classes
2025-09-05 23:22:06,384 [Worker-22: Building] WARN  o.a.m.s.f.DefaultMavenResourcesFiltering - Using platform encoding (UTF-8 actually) to copy filtered resources, i.e. build is platform dependent!
2025-09-05 23:22:06,386 [Worker-22: Building] INFO  o.a.m.s.f.DefaultMavenResourcesFiltering - Copying 0 resource from src\test\resources to target\test-classes
2025-09-05 23:29:31,526 [Worker-27: Building] WARN  o.a.m.s.f.DefaultMavenResourcesFiltering - Using platform encoding (UTF-8 actually) to copy filtered resources, i.e. build is platform dependent!
2025-09-05 23:29:31,554 [Worker-27: Building] INFO  o.a.m.s.f.DefaultMavenResourcesFiltering - Copying 0 resource from src\main\resources to target\classes
2025-09-05 23:29:31,558 [Worker-27: Building] WARN  o.a.m.s.f.DefaultMavenResourcesFiltering - Using platform encoding (UTF-8 actually) to copy filtered resources, i.e. build is platform dependent!
2025-09-05 23:29:31,560 [Worker-27: Building] INFO  o.a.m.s.f.DefaultMavenResourcesFiltering - Copying 0 resource from src\test\resources to target\test-classes
2025-09-05 23:30:44,133 [Worker-27: Building] WARN  o.a.m.s.f.DefaultMavenResourcesFiltering - Using platform encoding (UTF-8 actually) to copy filtered resources, i.e. build is platform dependent!
2025-09-05 23:30:44,138 [Worker-27: Building] INFO  o.a.m.s.f.DefaultMavenResourcesFiltering - Copying 0 resource from src\main\resources to target\classes
2025-09-05 23:30:44,142 [Worker-27: Building] WARN  o.a.m.s.f.DefaultMavenResourcesFiltering - Using platform encoding (UTF-8 actually) to copy filtered resources, i.e. build is platform dependent!
2025-09-05 23:30:44,145 [Worker-27: Building] INFO  o.a.m.s.f.DefaultMavenResourcesFiltering - Copying 0 resource from src\test\resources to target\test-classes
2025-09-05 23:44:16,711 [Worker-29: Building] WARN  o.a.m.s.f.DefaultMavenResourcesFiltering - Using platform encoding (UTF-8 actually) to copy filtered resources, i.e. build is platform dependent!
2025-09-05 23:44:16,761 [Worker-29: Building] INFO  o.a.m.s.f.DefaultMavenResourcesFiltering - Copying 0 resource from src\main\resources to target\classes
2025-09-05 23:44:16,767 [Worker-29: Building] WARN  o.a.m.s.f.DefaultMavenResourcesFiltering - Using platform encoding (UTF-8 actually) to copy filtered resources, i.e. build is platform dependent!
2025-09-05 23:44:16,771 [Worker-29: Building] INFO  o.a.m.s.f.DefaultMavenResourcesFiltering - Copying 0 resource from src\test\resources to target\test-classes
2025-09-05 23:45:27,327 [Worker-29: Building] WARN  o.a.m.s.f.DefaultMavenResourcesFiltering - Using platform encoding (UTF-8 actually) to copy filtered resources, i.e. build is platform dependent!
2025-09-05 23:45:27,349 [Worker-29: Building] INFO  o.a.m.s.f.DefaultMavenResourcesFiltering - Copying 0 resource from src\main\resources to target\classes
2025-09-05 23:45:27,356 [Worker-29: Building] WARN  o.a.m.s.f.DefaultMavenResourcesFiltering - Using platform encoding (UTF-8 actually) to copy filtered resources, i.e. build is platform dependent!
2025-09-05 23:45:27,359 [Worker-29: Building] INFO  o.a.m.s.f.DefaultMavenResourcesFiltering - Copying 0 resource from src\test\resources to target\test-classes
2025-09-05 23:46:09,769 [Worker-29: Building] WARN  o.a.m.s.f.DefaultMavenResourcesFiltering - Using platform encoding (UTF-8 actually) to copy filtered resources, i.e. build is platform dependent!
2025-09-05 23:46:09,772 [Worker-29: Building] INFO  o.a.m.s.f.DefaultMavenResourcesFiltering - Copying 0 resource from src\main\resources to target\classes
2025-09-05 23:46:09,779 [Worker-29: Building] WARN  o.a.m.s.f.DefaultMavenResourcesFiltering - Using platform encoding (UTF-8 actually) to copy filtered resources, i.e. build is platform dependent!
2025-09-05 23:46:09,782 [Worker-29: Building] INFO  o.a.m.s.f.DefaultMavenResourcesFiltering - Copying 0 resource from src\test\resources to target\test-classes
2025-09-05 23:47:47,756 [Worker-33: Building] WARN  o.a.m.s.f.DefaultMavenResourcesFiltering - Using platform encoding (UTF-8 actually) to copy filtered resources, i.e. build is platform dependent!
2025-09-05 23:47:47,763 [Worker-33: Building] INFO  o.a.m.s.f.DefaultMavenResourcesFiltering - Copying 0 resource from src\main\resources to target\classes
2025-09-05 23:47:47,769 [Worker-33: Building] WARN  o.a.m.s.f.DefaultMavenResourcesFiltering - Using platform encoding (UTF-8 actually) to copy filtered resources, i.e. build is platform dependent!
2025-09-05 23:47:47,771 [Worker-33: Building] INFO  o.a.m.s.f.DefaultMavenResourcesFiltering - Copying 0 resource from src\test\resources to target\test-classes
2025-09-05 23:49:55,371 [Worker-34: Building] WARN  o.a.m.s.f.DefaultMavenResourcesFiltering - Using platform encoding (UTF-8 actually) to copy filtered resources, i.e. build is platform dependent!
2025-09-05 23:49:55,375 [Worker-34: Building] INFO  o.a.m.s.f.DefaultMavenResourcesFiltering - Copying 0 resource from src\main\resources to target\classes
2025-09-05 23:49:55,381 [Worker-34: Building] WARN  o.a.m.s.f.DefaultMavenResourcesFiltering - Using platform encoding (UTF-8 actually) to copy filtered resources, i.e. build is platform dependent!
2025-09-05 23:49:55,384 [Worker-34: Building] INFO  o.a.m.s.f.DefaultMavenResourcesFiltering - Copying 0 resource from src\test\resources to target\test-classes
2025-09-05 23:51:06,578 [Worker-34: Building] WARN  o.a.m.s.f.DefaultMavenResourcesFiltering - Using platform encoding (UTF-8 actually) to copy filtered resources, i.e. build is platform dependent!
2025-09-05 23:51:06,583 [Worker-34: Building] INFO  o.a.m.s.f.DefaultMavenResourcesFiltering - Copying 0 resource from src\main\resources to target\classes
2025-09-05 23:51:06,588 [Worker-34: Building] WARN  o.a.m.s.f.DefaultMavenResourcesFiltering - Using platform encoding (UTF-8 actually) to copy filtered resources, i.e. build is platform dependent!
2025-09-05 23:51:06,590 [Worker-34: Building] INFO  o.a.m.s.f.DefaultMavenResourcesFiltering - Copying 0 resource from src\test\resources to target\test-classes
2025-09-05 23:51:49,404 [Worker-35: Building] WARN  o.a.m.s.f.DefaultMavenResourcesFiltering - Using platform encoding (UTF-8 actually) to copy filtered resources, i.e. build is platform dependent!
2025-09-05 23:51:49,407 [Worker-35: Building] INFO  o.a.m.s.f.DefaultMavenResourcesFiltering - Copying 0 resource from src\main\resources to target\classes
2025-09-05 23:51:49,413 [Worker-35: Building] WARN  o.a.m.s.f.DefaultMavenResourcesFiltering - Using platform encoding (UTF-8 actually) to copy filtered resources, i.e. build is platform dependent!
2025-09-05 23:51:49,415 [Worker-35: Building] INFO  o.a.m.s.f.DefaultMavenResourcesFiltering - Copying 0 resource from src\test\resources to target\test-classes
2025-09-05 23:52:02,279 [Worker-36: Building] WARN  o.a.m.s.f.DefaultMavenResourcesFiltering - Using platform encoding (UTF-8 actually) to copy filtered resources, i.e. build is platform dependent!
2025-09-05 23:52:02,281 [Worker-36: Building] INFO  o.a.m.s.f.DefaultMavenResourcesFiltering - Copying 0 resource from src\main\resources to target\classes
2025-09-05 23:52:02,285 [Worker-36: Building] WARN  o.a.m.s.f.DefaultMavenResourcesFiltering - Using platform encoding (UTF-8 actually) to copy filtered resources, i.e. build is platform dependent!
2025-09-05 23:52:02,287 [Worker-36: Building] INFO  o.a.m.s.f.DefaultMavenResourcesFiltering - Copying 0 resource from src\test\resources to target\test-classes
2025-09-05 23:53:26,603 [Worker-34: Building] INFO  o.e.m.c.i.l.LifecycleMappingFactory - Using org.eclipse.m2e.jdt.JarLifecycleMapping lifecycle mapping for MavenProject: com.janatri:Janatri:0.0.1-SNAPSHOT @ C:\Users\Sumit\Desktop\New folder\Janatri\pom.xml.
2025-09-05 23:53:29,150 [Worker-34: Building] WARN  o.a.m.s.f.DefaultMavenResourcesFiltering - Using platform encoding (UTF-8 actually) to copy filtered resources, i.e. build is platform dependent!
2025-09-05 23:53:29,159 [Worker-34: Building] INFO  o.a.m.s.f.DefaultMavenResourcesFiltering - Copying 0 resource from src\main\resources to target\classes
2025-09-05 23:53:29,167 [Worker-34: Building] WARN  o.a.m.s.f.DefaultMavenResourcesFiltering - Using platform encoding (UTF-8 actually) to copy filtered resources, i.e. build is platform dependent!
2025-09-05 23:53:29,169 [Worker-34: Building] INFO  o.a.m.s.f.DefaultMavenResourcesFiltering - Copying 0 resource from src\test\resources to target\test-classes
2025-09-05 23:53:32,670 [Worker-38: Building] INFO  o.e.m.c.i.l.LifecycleMappingFactory - Using org.eclipse.m2e.jdt.JarLifecycleMapping lifecycle mapping for MavenProject: com.janatri:Janatri:0.0.1-SNAPSHOT @ C:\Users\Sumit\Desktop\New folder\Janatri\pom.xml.
2025-09-05 23:53:35,234 [Worker-38: Building] WARN  o.a.m.s.f.DefaultMavenResourcesFiltering - Using platform encoding (UTF-8 actually) to copy filtered resources, i.e. build is platform dependent!
2025-09-05 23:53:35,237 [Worker-38: Building] INFO  o.a.m.s.f.DefaultMavenResourcesFiltering - Copying 0 resource from src\main\resources to target\classes
2025-09-05 23:53:35,251 [Worker-38: Building] WARN  o.a.m.s.f.DefaultMavenResourcesFiltering - Using platform encoding (UTF-8 actually) to copy filtered resources, i.e. build is platform dependent!
2025-09-05 23:53:35,253 [Worker-38: Building] INFO  o.a.m.s.f.DefaultMavenResourcesFiltering - Copying 0 resource from src\test\resources to target\test-classes
2025-09-05 23:54:04,640 [main] INFO  o.e.m.jdt.internal.UnitTestSupport - Updating LoginTest from maven configuration
2025-09-05 23:54:08,846 [Worker-29: Launching LoginTest] WARN  o.a.m.s.f.DefaultMavenResourcesFiltering - Using platform encoding (UTF-8 actually) to copy filtered resources, i.e. build is platform dependent!
2025-09-05 23:54:08,854 [Worker-29: Launching LoginTest] INFO  o.a.m.s.f.DefaultMavenResourcesFiltering - Copying 0 resource from src\main\resources to target\classes
2025-09-05 23:54:08,862 [Worker-29: Launching LoginTest] WARN  o.a.m.s.f.DefaultMavenResourcesFiltering - Using platform encoding (UTF-8 actually) to copy filtered resources, i.e. build is platform dependent!
2025-09-05 23:54:08,865 [Worker-29: Launching LoginTest] INFO  o.a.m.s.f.DefaultMavenResourcesFiltering - Copying 0 resource from src\test\resources to target\test-classes
2025-09-05 23:55:13,368 [Worker-29: Building] WARN  o.a.m.s.f.DefaultMavenResourcesFiltering - Using platform encoding (UTF-8 actually) to copy filtered resources, i.e. build is platform dependent!
2025-09-05 23:55:13,375 [Worker-29: Building] INFO  o.a.m.s.f.DefaultMavenResourcesFiltering - Copying 0 resource from src\main\resources to target\classes
2025-09-05 23:55:13,380 [Worker-29: Building] WARN  o.a.m.s.f.DefaultMavenResourcesFiltering - Using platform encoding (UTF-8 actually) to copy filtered resources, i.e. build is platform dependent!
2025-09-05 23:55:13,383 [Worker-29: Building] INFO  o.a.m.s.f.DefaultMavenResourcesFiltering - Copying 0 resource from src\test\resources to target\test-classes
2025-09-05 23:55:38,374 [Worker-36: Building] WARN  o.a.m.s.f.DefaultMavenResourcesFiltering - Using platform encoding (UTF-8 actually) to copy filtered resources, i.e. build is platform dependent!
2025-09-05 23:55:38,377 [Worker-36: Building] INFO  o.a.m.s.f.DefaultMavenResourcesFiltering - Copying 0 resource from src\main\resources to target\classes
2025-09-05 23:55:38,382 [Worker-36: Building] WARN  o.a.m.s.f.DefaultMavenResourcesFiltering - Using platform encoding (UTF-8 actually) to copy filtered resources, i.e. build is platform dependent!
2025-09-05 23:55:38,384 [Worker-36: Building] INFO  o.a.m.s.f.DefaultMavenResourcesFiltering - Copying 0 resource from src\test\resources to target\test-classes
2025-09-05 23:56:53,815 [Worker-29: Building] WARN  o.a.m.s.f.DefaultMavenResourcesFiltering - Using platform encoding (UTF-8 actually) to copy filtered resources, i.e. build is platform dependent!
2025-09-05 23:56:53,822 [Worker-29: Building] INFO  o.a.m.s.f.DefaultMavenResourcesFiltering - Copying 0 resource from src\main\resources to target\classes
2025-09-05 23:56:53,829 [Worker-29: Building] WARN  o.a.m.s.f.DefaultMavenResourcesFiltering - Using platform encoding (UTF-8 actually) to copy filtered resources, i.e. build is platform dependent!
2025-09-05 23:56:53,832 [Worker-29: Building] INFO  o.a.m.s.f.DefaultMavenResourcesFiltering - Copying 0 resource from src\test\resources to target\test-classes
2025-09-05 23:57:36,618 [Worker-33: Building] WARN  o.a.m.s.f.DefaultMavenResourcesFiltering - Using platform encoding (UTF-8 actually) to copy filtered resources, i.e. build is platform dependent!
2025-09-05 23:57:36,628 [Worker-33: Building] INFO  o.a.m.s.f.DefaultMavenResourcesFiltering - Copying 0 resource from src\main\resources to target\classes
2025-09-05 23:57:36,634 [Worker-33: Building] WARN  o.a.m.s.f.DefaultMavenResourcesFiltering - Using platform encoding (UTF-8 actually) to copy filtered resources, i.e. build is platform dependent!
2025-09-05 23:57:36,636 [Worker-33: Building] INFO  o.a.m.s.f.DefaultMavenResourcesFiltering - Copying 0 resource from src\test\resources to target\test-classes
2025-09-05 23:57:56,424 [main] INFO  o.e.m.jdt.internal.UnitTestSupport - Updating LoginTest.testI from maven configuration
2025-09-05 23:58:12,587 [main] INFO  o.e.m.jdt.internal.UnitTestSupport - Updating Janatri from maven configuration
2025-09-06 00:04:56,397 [Worker-39: Building] INFO  o.e.m.c.i.l.LifecycleMappingFactory - Using org.eclipse.m2e.jdt.JarLifecycleMapping lifecycle mapping for MavenProject: com.janatri:Janatri:0.0.1-SNAPSHOT @ C:\Users\Sumit\Desktop\New folder\Janatri\pom.xml.
2025-09-06 00:05:03,707 [Worker-39: Building] WARN  o.a.m.s.f.DefaultMavenResourcesFiltering - Using platform encoding (UTF-8 actually) to copy filtered resources, i.e. build is platform dependent!
2025-09-06 00:05:03,844 [Worker-39: Building] INFO  o.a.m.s.f.DefaultMavenResourcesFiltering - Copying 0 resource from src\main\resources to target\classes
2025-09-06 00:05:03,869 [Worker-39: Building] WARN  o.a.m.s.f.DefaultMavenResourcesFiltering - Using platform encoding (UTF-8 actually) to copy filtered resources, i.e. build is platform dependent!
2025-09-06 00:05:03,872 [Worker-39: Building] INFO  o.a.m.s.f.DefaultMavenResourcesFiltering - Copying 0 resource from src\test\resources to target\test-classes
2025-09-06 00:05:13,024 [Worker-43: Building] WARN  o.a.m.s.f.DefaultMavenResourcesFiltering - Using platform encoding (UTF-8 actually) to copy filtered resources, i.e. build is platform dependent!
2025-09-06 00:05:13,120 [Worker-43: Building] INFO  o.a.m.s.f.DefaultMavenResourcesFiltering - Copying 0 resource from src\main\resources to target\classes
2025-09-06 00:05:13,129 [Worker-43: Building] WARN  o.a.m.s.f.DefaultMavenResourcesFiltering - Using platform encoding (UTF-8 actually) to copy filtered resources, i.e. build is platform dependent!
2025-09-06 00:05:13,136 [Worker-43: Building] INFO  o.a.m.s.f.DefaultMavenResourcesFiltering - Copying 0 resource from src\test\resources to target\test-classes
2025-09-06 00:06:50,133 [Worker-42: Building] WARN  o.a.m.s.f.DefaultMavenResourcesFiltering - Using platform encoding (UTF-8 actually) to copy filtered resources, i.e. build is platform dependent!
2025-09-06 00:06:50,151 [Worker-42: Building] INFO  o.a.m.s.f.DefaultMavenResourcesFiltering - Copying 0 resource from src\main\resources to target\classes
2025-09-06 00:06:50,155 [Worker-42: Building] WARN  o.a.m.s.f.DefaultMavenResourcesFiltering - Using platform encoding (UTF-8 actually) to copy filtered resources, i.e. build is platform dependent!
2025-09-06 00:06:50,157 [Worker-42: Building] INFO  o.a.m.s.f.DefaultMavenResourcesFiltering - Copying 0 resource from src\test\resources to target\test-classes
2025-09-06 00:08:06,834 [Worker-44: Launching Executing test in C__Users_Sumit_Desktop_New folder_Janatri] INFO  o.eclipse.m2e.core.internal.Bundles - getClasspathEntries(Bundle=org.eclipse.m2e.maven.runtime_3.9.900.20250220-2013 [639])
2025-09-06 00:08:06,839 [Worker-44: Launching Executing test in C__Users_Sumit_Desktop_New folder_Janatri] INFO  o.eclipse.m2e.core.internal.Bundles - 	Entry: C:\Users\Sumit\.p2\pool\plugins\org.eclipse.m2e.maven.runtime_3.9.900.20250220-2013
2025-09-06 00:08:06,841 [Worker-44: Launching Executing test in C__Users_Sumit_Desktop_New folder_Janatri] INFO  o.eclipse.m2e.core.internal.Bundles - 	Entry: C:\Users\Sumit\.p2\pool\plugins\org.eclipse.m2e.maven.runtime_3.9.900.20250220-2013\jars\aopalliance-1.0.jar
2025-09-06 00:08:06,842 [Worker-44: Launching Executing test in C__Users_Sumit_Desktop_New folder_Janatri] INFO  o.eclipse.m2e.core.internal.Bundles - 	Entry: C:\Users\Sumit\.p2\pool\plugins\org.eclipse.m2e.maven.runtime_3.9.900.20250220-2013\jars\guice-5.1.0.jar
2025-09-06 00:08:06,843 [Worker-44: Launching Executing test in C__Users_Sumit_Desktop_New folder_Janatri] INFO  o.eclipse.m2e.core.internal.Bundles - 	Entry: C:\Users\Sumit\.p2\pool\plugins\org.eclipse.m2e.maven.runtime_3.9.900.20250220-2013\jars\httpclient-4.5.14.jar
2025-09-06 00:08:06,844 [Worker-44: Launching Executing test in C__Users_Sumit_Desktop_New folder_Janatri] INFO  o.eclipse.m2e.core.internal.Bundles - 	Entry: C:\Users\Sumit\.p2\pool\plugins\org.eclipse.m2e.maven.runtime_3.9.900.20250220-2013\jars\httpcore-4.4.16.jar
2025-09-06 00:08:06,846 [Worker-44: Launching Executing test in C__Users_Sumit_Desktop_New folder_Janatri] INFO  o.eclipse.m2e.core.internal.Bundles - 	Entry: C:\Users\Sumit\.p2\pool\plugins\org.eclipse.m2e.maven.runtime_3.9.900.20250220-2013\jars\jansi-2.4.1.jar
2025-09-06 00:08:06,847 [Worker-44: Launching Executing test in C__Users_Sumit_Desktop_New folder_Janatri] INFO  o.eclipse.m2e.core.internal.Bundles - 	Entry: C:\Users\Sumit\.p2\pool\plugins\org.eclipse.m2e.maven.runtime_3.9.900.20250220-2013\jars\jcl-over-slf4j-1.7.36.jar
2025-09-06 00:08:06,850 [Worker-44: Launching Executing test in C__Users_Sumit_Desktop_New folder_Janatri] INFO  o.eclipse.m2e.core.internal.Bundles - 	Entry: C:\Users\Sumit\.p2\pool\plugins\org.eclipse.m2e.maven.runtime_3.9.900.20250220-2013\jars\maven-artifact-3.9.9.jar
2025-09-06 00:08:06,851 [Worker-44: Launching Executing test in C__Users_Sumit_Desktop_New folder_Janatri] INFO  o.eclipse.m2e.core.internal.Bundles - 	Entry: C:\Users\Sumit\.p2\pool\plugins\org.eclipse.m2e.maven.runtime_3.9.900.20250220-2013\jars\maven-builder-support-3.9.9.jar
2025-09-06 00:08:06,851 [Worker-44: Launching Executing test in C__Users_Sumit_Desktop_New folder_Janatri] INFO  o.eclipse.m2e.core.internal.Bundles - 	Entry: C:\Users\Sumit\.p2\pool\plugins\org.eclipse.m2e.maven.runtime_3.9.900.20250220-2013\jars\maven-compat-3.9.9.jar
2025-09-06 00:08:06,851 [Worker-44: Launching Executing test in C__Users_Sumit_Desktop_New folder_Janatri] INFO  o.eclipse.m2e.core.internal.Bundles - 	Entry: C:\Users\Sumit\.p2\pool\plugins\org.eclipse.m2e.maven.runtime_3.9.900.20250220-2013\jars\maven-core-3.9.9.jar
2025-09-06 00:08:06,853 [Worker-44: Launching Executing test in C__Users_Sumit_Desktop_New folder_Janatri] INFO  o.eclipse.m2e.core.internal.Bundles - 	Entry: C:\Users\Sumit\.p2\pool\plugins\org.eclipse.m2e.maven.runtime_3.9.900.20250220-2013\jars\maven-embedder-3.9.9.jar
2025-09-06 00:08:06,854 [Worker-44: Launching Executing test in C__Users_Sumit_Desktop_New folder_Janatri] INFO  o.eclipse.m2e.core.internal.Bundles - 	Entry: C:\Users\Sumit\.p2\pool\plugins\org.eclipse.m2e.maven.runtime_3.9.900.20250220-2013\jars\maven-model-3.9.9.jar
2025-09-06 00:08:06,855 [Worker-44: Launching Executing test in C__Users_Sumit_Desktop_New folder_Janatri] INFO  o.eclipse.m2e.core.internal.Bundles - 	Entry: C:\Users\Sumit\.p2\pool\plugins\org.eclipse.m2e.maven.runtime_3.9.900.20250220-2013\jars\maven-model-builder-3.9.9.jar
2025-09-06 00:08:06,856 [Worker-44: Launching Executing test in C__Users_Sumit_Desktop_New folder_Janatri] INFO  o.eclipse.m2e.core.internal.Bundles - 	Entry: C:\Users\Sumit\.p2\pool\plugins\org.eclipse.m2e.maven.runtime_3.9.900.20250220-2013\jars\maven-plugin-api-3.9.9.jar
2025-09-06 00:08:06,857 [Worker-44: Launching Executing test in C__Users_Sumit_Desktop_New folder_Janatri] INFO  o.eclipse.m2e.core.internal.Bundles - 	Entry: C:\Users\Sumit\.p2\pool\plugins\org.eclipse.m2e.maven.runtime_3.9.900.20250220-2013\jars\maven-repository-metadata-3.9.9.jar
2025-09-06 00:08:06,858 [Worker-44: Launching Executing test in C__Users_Sumit_Desktop_New folder_Janatri] INFO  o.eclipse.m2e.core.internal.Bundles - 	Entry: C:\Users\Sumit\.p2\pool\plugins\org.eclipse.m2e.maven.runtime_3.9.900.20250220-2013\jars\maven-resolver-api-1.9.22.jar
2025-09-06 00:08:06,860 [Worker-44: Launching Executing test in C__Users_Sumit_Desktop_New folder_Janatri] INFO  o.eclipse.m2e.core.internal.Bundles - 	Entry: C:\Users\Sumit\.p2\pool\plugins\org.eclipse.m2e.maven.runtime_3.9.900.20250220-2013\jars\maven-resolver-connector-basic-1.9.22.jar
2025-09-06 00:08:06,861 [Worker-44: Launching Executing test in C__Users_Sumit_Desktop_New folder_Janatri] INFO  o.eclipse.m2e.core.internal.Bundles - 	Entry: C:\Users\Sumit\.p2\pool\plugins\org.eclipse.m2e.maven.runtime_3.9.900.20250220-2013\jars\maven-resolver-impl-1.9.22.jar
2025-09-06 00:08:06,862 [Worker-44: Launching Executing test in C__Users_Sumit_Desktop_New folder_Janatri] INFO  o.eclipse.m2e.core.internal.Bundles - 	Entry: C:\Users\Sumit\.p2\pool\plugins\org.eclipse.m2e.maven.runtime_3.9.900.20250220-2013\jars\maven-resolver-named-locks-1.9.22.jar
2025-09-06 00:08:06,863 [Worker-44: Launching Executing test in C__Users_Sumit_Desktop_New folder_Janatri] INFO  o.eclipse.m2e.core.internal.Bundles - 	Entry: C:\Users\Sumit\.p2\pool\plugins\org.eclipse.m2e.maven.runtime_3.9.900.20250220-2013\jars\maven-resolver-provider-3.9.9.jar
2025-09-06 00:08:06,865 [Worker-44: Launching Executing test in C__Users_Sumit_Desktop_New folder_Janatri] INFO  o.eclipse.m2e.core.internal.Bundles - 	Entry: C:\Users\Sumit\.p2\pool\plugins\org.eclipse.m2e.maven.runtime_3.9.900.20250220-2013\jars\maven-resolver-spi-1.9.22.jar
2025-09-06 00:08:06,866 [Worker-44: Launching Executing test in C__Users_Sumit_Desktop_New folder_Janatri] INFO  o.eclipse.m2e.core.internal.Bundles - 	Entry: C:\Users\Sumit\.p2\pool\plugins\org.eclipse.m2e.maven.runtime_3.9.900.20250220-2013\jars\maven-resolver-transport-file-1.9.22.jar
2025-09-06 00:08:06,868 [Worker-44: Launching Executing test in C__Users_Sumit_Desktop_New folder_Janatri] INFO  o.eclipse.m2e.core.internal.Bundles - 	Entry: C:\Users\Sumit\.p2\pool\plugins\org.eclipse.m2e.maven.runtime_3.9.900.20250220-2013\jars\maven-resolver-transport-http-1.9.22.jar
2025-09-06 00:08:06,868 [Worker-44: Launching Executing test in C__Users_Sumit_Desktop_New folder_Janatri] INFO  o.eclipse.m2e.core.internal.Bundles - 	Entry: C:\Users\Sumit\.p2\pool\plugins\org.eclipse.m2e.maven.runtime_3.9.900.20250220-2013\jars\maven-resolver-transport-wagon-1.9.22.jar
2025-09-06 00:08:06,869 [Worker-44: Launching Executing test in C__Users_Sumit_Desktop_New folder_Janatri] INFO  o.eclipse.m2e.core.internal.Bundles - 	Entry: C:\Users\Sumit\.p2\pool\plugins\org.eclipse.m2e.maven.runtime_3.9.900.20250220-2013\jars\maven-resolver-util-1.9.22.jar
2025-09-06 00:08:06,870 [Worker-44: Launching Executing test in C__Users_Sumit_Desktop_New folder_Janatri] INFO  o.eclipse.m2e.core.internal.Bundles - 	Entry: C:\Users\Sumit\.p2\pool\plugins\org.eclipse.m2e.maven.runtime_3.9.900.20250220-2013\jars\maven-settings-3.9.9.jar
2025-09-06 00:08:06,871 [Worker-44: Launching Executing test in C__Users_Sumit_Desktop_New folder_Janatri] INFO  o.eclipse.m2e.core.internal.Bundles - 	Entry: C:\Users\Sumit\.p2\pool\plugins\org.eclipse.m2e.maven.runtime_3.9.900.20250220-2013\jars\maven-settings-builder-3.9.9.jar
2025-09-06 00:08:06,872 [Worker-44: Launching Executing test in C__Users_Sumit_Desktop_New folder_Janatri] INFO  o.eclipse.m2e.core.internal.Bundles - 	Entry: C:\Users\Sumit\.p2\pool\plugins\org.eclipse.m2e.maven.runtime_3.9.900.20250220-2013\jars\maven-shared-utils-3.4.2.jar
2025-09-06 00:08:06,873 [Worker-44: Launching Executing test in C__Users_Sumit_Desktop_New folder_Janatri] INFO  o.eclipse.m2e.core.internal.Bundles - 	Entry: C:\Users\Sumit\.p2\pool\plugins\org.eclipse.m2e.maven.runtime_3.9.900.20250220-2013\jars\org.eclipse.sisu.inject-0.9.0.M3.jar
2025-09-06 00:08:06,875 [Worker-44: Launching Executing test in C__Users_Sumit_Desktop_New folder_Janatri] INFO  o.eclipse.m2e.core.internal.Bundles - 	Entry: C:\Users\Sumit\.p2\pool\plugins\org.eclipse.m2e.maven.runtime_3.9.900.20250220-2013\jars\org.eclipse.sisu.plexus-0.9.0.M3.jar
2025-09-06 00:08:06,876 [Worker-44: Launching Executing test in C__Users_Sumit_Desktop_New folder_Janatri] INFO  o.eclipse.m2e.core.internal.Bundles - 	Entry: C:\Users\Sumit\.p2\pool\plugins\org.eclipse.m2e.maven.runtime_3.9.900.20250220-2013\jars\plexus-build-api-0.0.7.jar
2025-09-06 00:08:06,877 [Worker-44: Launching Executing test in C__Users_Sumit_Desktop_New folder_Janatri] INFO  o.eclipse.m2e.core.internal.Bundles - 	Entry: C:\Users\Sumit\.p2\pool\plugins\org.eclipse.m2e.maven.runtime_3.9.900.20250220-2013\jars\plexus-build-api-1.2.0.jar
2025-09-06 00:08:06,878 [Worker-44: Launching Executing test in C__Users_Sumit_Desktop_New folder_Janatri] INFO  o.eclipse.m2e.core.internal.Bundles - 	Entry: C:\Users\Sumit\.p2\pool\plugins\org.eclipse.m2e.maven.runtime_3.9.900.20250220-2013\jars\plexus-cipher-2.0.jar
2025-09-06 00:08:06,879 [Worker-44: Launching Executing test in C__Users_Sumit_Desktop_New folder_Janatri] INFO  o.eclipse.m2e.core.internal.Bundles - 	Entry: C:\Users\Sumit\.p2\pool\plugins\org.eclipse.m2e.maven.runtime_3.9.900.20250220-2013\jars\plexus-classworlds-2.8.0.jar
2025-09-06 00:08:06,882 [Worker-44: Launching Executing test in C__Users_Sumit_Desktop_New folder_Janatri] INFO  o.eclipse.m2e.core.internal.Bundles - 	Entry: C:\Users\Sumit\.p2\pool\plugins\org.eclipse.m2e.maven.runtime_3.9.900.20250220-2013\jars\plexus-component-annotations-2.1.0.jar
2025-09-06 00:08:06,883 [Worker-44: Launching Executing test in C__Users_Sumit_Desktop_New folder_Janatri] INFO  o.eclipse.m2e.core.internal.Bundles - 	Entry: C:\Users\Sumit\.p2\pool\plugins\org.eclipse.m2e.maven.runtime_3.9.900.20250220-2013\jars\plexus-interpolation-1.27.jar
2025-09-06 00:08:06,885 [Worker-44: Launching Executing test in C__Users_Sumit_Desktop_New folder_Janatri] INFO  o.eclipse.m2e.core.internal.Bundles - 	Entry: C:\Users\Sumit\.p2\pool\plugins\org.eclipse.m2e.maven.runtime_3.9.900.20250220-2013\jars\plexus-sec-dispatcher-2.0.jar
2025-09-06 00:08:06,885 [Worker-44: Launching Executing test in C__Users_Sumit_Desktop_New folder_Janatri] INFO  o.eclipse.m2e.core.internal.Bundles - 	Entry: C:\Users\Sumit\.p2\pool\plugins\org.eclipse.m2e.maven.runtime_3.9.900.20250220-2013\jars\plexus-utils-3.5.1.jar
2025-09-06 00:08:06,887 [Worker-44: Launching Executing test in C__Users_Sumit_Desktop_New folder_Janatri] INFO  o.eclipse.m2e.core.internal.Bundles - 	Entry: C:\Users\Sumit\.p2\pool\plugins\org.eclipse.m2e.maven.runtime_3.9.900.20250220-2013\jars\plexus-xml-3.0.1.jar
2025-09-06 00:08:06,888 [Worker-44: Launching Executing test in C__Users_Sumit_Desktop_New folder_Janatri] INFO  o.eclipse.m2e.core.internal.Bundles - 	Entry: C:\Users\Sumit\.p2\pool\plugins\org.eclipse.m2e.maven.runtime_3.9.900.20250220-2013\jars\wagon-file-3.5.3.jar
2025-09-06 00:08:06,889 [Worker-44: Launching Executing test in C__Users_Sumit_Desktop_New folder_Janatri] INFO  o.eclipse.m2e.core.internal.Bundles - 	Entry: C:\Users\Sumit\.p2\pool\plugins\org.eclipse.m2e.maven.runtime_3.9.900.20250220-2013\jars\wagon-http-3.5.3.jar
2025-09-06 00:08:06,890 [Worker-44: Launching Executing test in C__Users_Sumit_Desktop_New folder_Janatri] INFO  o.eclipse.m2e.core.internal.Bundles - 	Entry: C:\Users\Sumit\.p2\pool\plugins\org.eclipse.m2e.maven.runtime_3.9.900.20250220-2013\jars\wagon-http-shared-3.5.3.jar
2025-09-06 00:08:06,892 [Worker-44: Launching Executing test in C__Users_Sumit_Desktop_New folder_Janatri] INFO  o.eclipse.m2e.core.internal.Bundles - 	Entry: C:\Users\Sumit\.p2\pool\plugins\org.eclipse.m2e.maven.runtime_3.9.900.20250220-2013\jars\wagon-provider-api-3.5.3.jar
2025-09-06 00:08:06,894 [Worker-44: Launching Executing test in C__Users_Sumit_Desktop_New folder_Janatri] INFO  o.eclipse.m2e.core.internal.Bundles - getClasspathEntries(Bundle=com.google.guava_33.4.8.jre [18])
2025-09-06 00:08:06,896 [Worker-44: Launching Executing test in C__Users_Sumit_Desktop_New folder_Janatri] INFO  o.eclipse.m2e.core.internal.Bundles - 	Entry: C:\Users\Sumit\.p2\pool\plugins\com.google.guava_33.4.8.jre.jar
2025-09-06 00:08:06,896 [Worker-44: Launching Executing test in C__Users_Sumit_Desktop_New folder_Janatri] INFO  o.eclipse.m2e.core.internal.Bundles - getClasspathEntries(Bundle=slf4j.api_2.0.17 [1004])
2025-09-06 00:08:06,899 [Worker-44: Launching Executing test in C__Users_Sumit_Desktop_New folder_Janatri] INFO  o.eclipse.m2e.core.internal.Bundles - 	Entry: C:\Users\Sumit\.p2\pool\plugins\slf4j.api_2.0.17.jar
2025-09-06 00:08:06,899 [Worker-44: Launching Executing test in C__Users_Sumit_Desktop_New folder_Janatri] INFO  o.eclipse.m2e.core.internal.Bundles - getClasspathEntries(Bundle=jakarta.inject.jakarta.inject-api_1.0.5 [35])
2025-09-06 00:08:06,901 [Worker-44: Launching Executing test in C__Users_Sumit_Desktop_New folder_Janatri] INFO  o.eclipse.m2e.core.internal.Bundles - 	Entry: C:\Users\Sumit\.p2\pool\plugins\jakarta.inject.jakarta.inject-api_1.0.5.jar
2025-09-06 00:08:06,901 [Worker-44: Launching Executing test in C__Users_Sumit_Desktop_New folder_Janatri] INFO  o.eclipse.m2e.core.internal.Bundles - getClasspathEntries(Bundle=javax.annotation_1.3.5.v20200909-1856 [45])
2025-09-06 00:08:06,902 [Worker-44: Launching Executing test in C__Users_Sumit_Desktop_New folder_Janatri] INFO  o.eclipse.m2e.core.internal.Bundles - 	Entry: C:\Users\Sumit\.p2\pool\plugins\javax.annotation_1.3.5.v20200909-1856.jar
2025-09-06 00:08:06,902 [Worker-44: Launching Executing test in C__Users_Sumit_Desktop_New folder_Janatri] INFO  o.eclipse.m2e.core.internal.Bundles - getClasspathEntries(Bundle=org.apache.commons.cli_1.9.0 [76])
2025-09-06 00:08:06,904 [Worker-44: Launching Executing test in C__Users_Sumit_Desktop_New folder_Janatri] INFO  o.eclipse.m2e.core.internal.Bundles - 	Entry: C:\Users\Sumit\.p2\pool\plugins\org.apache.commons.cli_1.9.0.jar
2025-09-06 00:08:06,904 [Worker-44: Launching Executing test in C__Users_Sumit_Desktop_New folder_Janatri] INFO  o.eclipse.m2e.core.internal.Bundles - getClasspathEntries(Bundle=org.apache.commons.commons-codec_1.16.0 [78])
2025-09-06 00:08:06,906 [Worker-44: Launching Executing test in C__Users_Sumit_Desktop_New folder_Janatri] INFO  o.eclipse.m2e.core.internal.Bundles - 	Entry: C:\Users\Sumit\.p2\pool\plugins\org.apache.commons.commons-codec_1.16.0.jar
2025-09-06 00:08:06,906 [Worker-44: Launching Executing test in C__Users_Sumit_Desktop_New folder_Janatri] INFO  o.eclipse.m2e.core.internal.Bundles - getClasspathEntries(Bundle=com.google.guava.failureaccess_1.0.3 [19])
2025-09-06 00:08:06,907 [Worker-44: Launching Executing test in C__Users_Sumit_Desktop_New folder_Janatri] INFO  o.eclipse.m2e.core.internal.Bundles - 	Entry: C:\Users\Sumit\.p2\pool\plugins\com.google.guava.failureaccess_1.0.3.jar
2025-09-06 00:08:06,916 [Worker-44: Launching Executing test in C__Users_Sumit_Desktop_New folder_Janatri] INFO  o.e.m.i.launch.MavenLaunchDelegate - Run build in "C:\Users\Sumit\Desktop\New folder\Janatri":
2025-09-06 00:08:06,918 [Worker-44: Launching Executing test in C__Users_Sumit_Desktop_New folder_Janatri] INFO  o.e.m.i.launch.MavenLaunchDelegate -  mvn  -B -Dstyle.color=always test
2025-09-06 00:09:39,823 [Worker-40: Building] WARN  o.a.m.s.f.DefaultMavenResourcesFiltering - Using platform encoding (UTF-8 actually) to copy filtered resources, i.e. build is platform dependent!
2025-09-06 00:09:39,832 [Worker-40: Building] INFO  o.a.m.s.f.DefaultMavenResourcesFiltering - Copying 0 resource from src\main\resources to target\classes
2025-09-06 00:09:39,837 [Worker-40: Building] WARN  o.a.m.s.f.DefaultMavenResourcesFiltering - Using platform encoding (UTF-8 actually) to copy filtered resources, i.e. build is platform dependent!
2025-09-06 00:09:39,839 [Worker-40: Building] INFO  o.a.m.s.f.DefaultMavenResourcesFiltering - Copying 0 resource from src\test\resources to target\test-classes
2025-09-06 00:10:59,980 [Worker-39: Launching Executing test in C__Users_Sumit_Desktop_New folder_Janatri] INFO  o.eclipse.m2e.core.internal.Bundles - getClasspathEntries(Bundle=org.eclipse.m2e.maven.runtime_3.9.900.20250220-2013 [639])
2025-09-06 00:10:59,985 [Worker-39: Launching Executing test in C__Users_Sumit_Desktop_New folder_Janatri] INFO  o.eclipse.m2e.core.internal.Bundles - 	Entry: C:\Users\Sumit\.p2\pool\plugins\org.eclipse.m2e.maven.runtime_3.9.900.20250220-2013
2025-09-06 00:10:59,985 [Worker-39: Launching Executing test in C__Users_Sumit_Desktop_New folder_Janatri] INFO  o.eclipse.m2e.core.internal.Bundles - 	Entry: C:\Users\Sumit\.p2\pool\plugins\org.eclipse.m2e.maven.runtime_3.9.900.20250220-2013\jars\aopalliance-1.0.jar
2025-09-06 00:10:59,986 [Worker-39: Launching Executing test in C__Users_Sumit_Desktop_New folder_Janatri] INFO  o.eclipse.m2e.core.internal.Bundles - 	Entry: C:\Users\Sumit\.p2\pool\plugins\org.eclipse.m2e.maven.runtime_3.9.900.20250220-2013\jars\guice-5.1.0.jar
2025-09-06 00:10:59,987 [Worker-39: Launching Executing test in C__Users_Sumit_Desktop_New folder_Janatri] INFO  o.eclipse.m2e.core.internal.Bundles - 	Entry: C:\Users\Sumit\.p2\pool\plugins\org.eclipse.m2e.maven.runtime_3.9.900.20250220-2013\jars\httpclient-4.5.14.jar
2025-09-06 00:10:59,987 [Worker-39: Launching Executing test in C__Users_Sumit_Desktop_New folder_Janatri] INFO  o.eclipse.m2e.core.internal.Bundles - 	Entry: C:\Users\Sumit\.p2\pool\plugins\org.eclipse.m2e.maven.runtime_3.9.900.20250220-2013\jars\httpcore-4.4.16.jar
2025-09-06 00:10:59,988 [Worker-39: Launching Executing test in C__Users_Sumit_Desktop_New folder_Janatri] INFO  o.eclipse.m2e.core.internal.Bundles - 	Entry: C:\Users\Sumit\.p2\pool\plugins\org.eclipse.m2e.maven.runtime_3.9.900.20250220-2013\jars\jansi-2.4.1.jar
2025-09-06 00:10:59,989 [Worker-39: Launching Executing test in C__Users_Sumit_Desktop_New folder_Janatri] INFO  o.eclipse.m2e.core.internal.Bundles - 	Entry: C:\Users\Sumit\.p2\pool\plugins\org.eclipse.m2e.maven.runtime_3.9.900.20250220-2013\jars\jcl-over-slf4j-1.7.36.jar
2025-09-06 00:10:59,989 [Worker-39: Launching Executing test in C__Users_Sumit_Desktop_New folder_Janatri] INFO  o.eclipse.m2e.core.internal.Bundles - 	Entry: C:\Users\Sumit\.p2\pool\plugins\org.eclipse.m2e.maven.runtime_3.9.900.20250220-2013\jars\maven-artifact-3.9.9.jar
2025-09-06 00:10:59,990 [Worker-39: Launching Executing test in C__Users_Sumit_Desktop_New folder_Janatri] INFO  o.eclipse.m2e.core.internal.Bundles - 	Entry: C:\Users\Sumit\.p2\pool\plugins\org.eclipse.m2e.maven.runtime_3.9.900.20250220-2013\jars\maven-builder-support-3.9.9.jar
2025-09-06 00:10:59,990 [Worker-39: Launching Executing test in C__Users_Sumit_Desktop_New folder_Janatri] INFO  o.eclipse.m2e.core.internal.Bundles - 	Entry: C:\Users\Sumit\.p2\pool\plugins\org.eclipse.m2e.maven.runtime_3.9.900.20250220-2013\jars\maven-compat-3.9.9.jar
2025-09-06 00:10:59,991 [Worker-39: Launching Executing test in C__Users_Sumit_Desktop_New folder_Janatri] INFO  o.eclipse.m2e.core.internal.Bundles - 	Entry: C:\Users\Sumit\.p2\pool\plugins\org.eclipse.m2e.maven.runtime_3.9.900.20250220-2013\jars\maven-core-3.9.9.jar
2025-09-06 00:10:59,992 [Worker-39: Launching Executing test in C__Users_Sumit_Desktop_New folder_Janatri] INFO  o.eclipse.m2e.core.internal.Bundles - 	Entry: C:\Users\Sumit\.p2\pool\plugins\org.eclipse.m2e.maven.runtime_3.9.900.20250220-2013\jars\maven-embedder-3.9.9.jar
2025-09-06 00:10:59,993 [Worker-39: Launching Executing test in C__Users_Sumit_Desktop_New folder_Janatri] INFO  o.eclipse.m2e.core.internal.Bundles - 	Entry: C:\Users\Sumit\.p2\pool\plugins\org.eclipse.m2e.maven.runtime_3.9.900.20250220-2013\jars\maven-model-3.9.9.jar
2025-09-06 00:10:59,993 [Worker-39: Launching Executing test in C__Users_Sumit_Desktop_New folder_Janatri] INFO  o.eclipse.m2e.core.internal.Bundles - 	Entry: C:\Users\Sumit\.p2\pool\plugins\org.eclipse.m2e.maven.runtime_3.9.900.20250220-2013\jars\maven-model-builder-3.9.9.jar
2025-09-06 00:10:59,994 [Worker-39: Launching Executing test in C__Users_Sumit_Desktop_New folder_Janatri] INFO  o.eclipse.m2e.core.internal.Bundles - 	Entry: C:\Users\Sumit\.p2\pool\plugins\org.eclipse.m2e.maven.runtime_3.9.900.20250220-2013\jars\maven-plugin-api-3.9.9.jar
2025-09-06 00:10:59,994 [Worker-39: Launching Executing test in C__Users_Sumit_Desktop_New folder_Janatri] INFO  o.eclipse.m2e.core.internal.Bundles - 	Entry: C:\Users\Sumit\.p2\pool\plugins\org.eclipse.m2e.maven.runtime_3.9.900.20250220-2013\jars\maven-repository-metadata-3.9.9.jar
2025-09-06 00:10:59,995 [Worker-39: Launching Executing test in C__Users_Sumit_Desktop_New folder_Janatri] INFO  o.eclipse.m2e.core.internal.Bundles - 	Entry: C:\Users\Sumit\.p2\pool\plugins\org.eclipse.m2e.maven.runtime_3.9.900.20250220-2013\jars\maven-resolver-api-1.9.22.jar
2025-09-06 00:10:59,995 [Worker-39: Launching Executing test in C__Users_Sumit_Desktop_New folder_Janatri] INFO  o.eclipse.m2e.core.internal.Bundles - 	Entry: C:\Users\Sumit\.p2\pool\plugins\org.eclipse.m2e.maven.runtime_3.9.900.20250220-2013\jars\maven-resolver-connector-basic-1.9.22.jar
2025-09-06 00:10:59,995 [Worker-39: Launching Executing test in C__Users_Sumit_Desktop_New folder_Janatri] INFO  o.eclipse.m2e.core.internal.Bundles - 	Entry: C:\Users\Sumit\.p2\pool\plugins\org.eclipse.m2e.maven.runtime_3.9.900.20250220-2013\jars\maven-resolver-impl-1.9.22.jar
2025-09-06 00:10:59,996 [Worker-39: Launching Executing test in C__Users_Sumit_Desktop_New folder_Janatri] INFO  o.eclipse.m2e.core.internal.Bundles - 	Entry: C:\Users\Sumit\.p2\pool\plugins\org.eclipse.m2e.maven.runtime_3.9.900.20250220-2013\jars\maven-resolver-named-locks-1.9.22.jar
2025-09-06 00:10:59,997 [Worker-39: Launching Executing test in C__Users_Sumit_Desktop_New folder_Janatri] INFO  o.eclipse.m2e.core.internal.Bundles - 	Entry: C:\Users\Sumit\.p2\pool\plugins\org.eclipse.m2e.maven.runtime_3.9.900.20250220-2013\jars\maven-resolver-provider-3.9.9.jar
2025-09-06 00:10:59,998 [Worker-39: Launching Executing test in C__Users_Sumit_Desktop_New folder_Janatri] INFO  o.eclipse.m2e.core.internal.Bundles - 	Entry: C:\Users\Sumit\.p2\pool\plugins\org.eclipse.m2e.maven.runtime_3.9.900.20250220-2013\jars\maven-resolver-spi-1.9.22.jar
2025-09-06 00:11:00,000 [Worker-39: Launching Executing test in C__Users_Sumit_Desktop_New folder_Janatri] INFO  o.eclipse.m2e.core.internal.Bundles - 	Entry: C:\Users\Sumit\.p2\pool\plugins\org.eclipse.m2e.maven.runtime_3.9.900.20250220-2013\jars\maven-resolver-transport-file-1.9.22.jar
2025-09-06 00:11:00,001 [Worker-39: Launching Executing test in C__Users_Sumit_Desktop_New folder_Janatri] INFO  o.eclipse.m2e.core.internal.Bundles - 	Entry: C:\Users\Sumit\.p2\pool\plugins\org.eclipse.m2e.maven.runtime_3.9.900.20250220-2013\jars\maven-resolver-transport-http-1.9.22.jar
2025-09-06 00:11:00,002 [Worker-39: Launching Executing test in C__Users_Sumit_Desktop_New folder_Janatri] INFO  o.eclipse.m2e.core.internal.Bundles - 	Entry: C:\Users\Sumit\.p2\pool\plugins\org.eclipse.m2e.maven.runtime_3.9.900.20250220-2013\jars\maven-resolver-transport-wagon-1.9.22.jar
2025-09-06 00:11:00,002 [Worker-39: Launching Executing test in C__Users_Sumit_Desktop_New folder_Janatri] INFO  o.eclipse.m2e.core.internal.Bundles - 	Entry: C:\Users\Sumit\.p2\pool\plugins\org.eclipse.m2e.maven.runtime_3.9.900.20250220-2013\jars\maven-resolver-util-1.9.22.jar
2025-09-06 00:11:00,003 [Worker-39: Launching Executing test in C__Users_Sumit_Desktop_New folder_Janatri] INFO  o.eclipse.m2e.core.internal.Bundles - 	Entry: C:\Users\Sumit\.p2\pool\plugins\org.eclipse.m2e.maven.runtime_3.9.900.20250220-2013\jars\maven-settings-3.9.9.jar
2025-09-06 00:11:00,003 [Worker-39: Launching Executing test in C__Users_Sumit_Desktop_New folder_Janatri] INFO  o.eclipse.m2e.core.internal.Bundles - 	Entry: C:\Users\Sumit\.p2\pool\plugins\org.eclipse.m2e.maven.runtime_3.9.900.20250220-2013\jars\maven-settings-builder-3.9.9.jar
2025-09-06 00:11:00,004 [Worker-39: Launching Executing test in C__Users_Sumit_Desktop_New folder_Janatri] INFO  o.eclipse.m2e.core.internal.Bundles - 	Entry: C:\Users\Sumit\.p2\pool\plugins\org.eclipse.m2e.maven.runtime_3.9.900.20250220-2013\jars\maven-shared-utils-3.4.2.jar
2025-09-06 00:11:00,004 [Worker-39: Launching Executing test in C__Users_Sumit_Desktop_New folder_Janatri] INFO  o.eclipse.m2e.core.internal.Bundles - 	Entry: C:\Users\Sumit\.p2\pool\plugins\org.eclipse.m2e.maven.runtime_3.9.900.20250220-2013\jars\org.eclipse.sisu.inject-0.9.0.M3.jar
2025-09-06 00:11:00,004 [Worker-39: Launching Executing test in C__Users_Sumit_Desktop_New folder_Janatri] INFO  o.eclipse.m2e.core.internal.Bundles - 	Entry: C:\Users\Sumit\.p2\pool\plugins\org.eclipse.m2e.maven.runtime_3.9.900.20250220-2013\jars\org.eclipse.sisu.plexus-0.9.0.M3.jar
2025-09-06 00:11:00,005 [Worker-39: Launching Executing test in C__Users_Sumit_Desktop_New folder_Janatri] INFO  o.eclipse.m2e.core.internal.Bundles - 	Entry: C:\Users\Sumit\.p2\pool\plugins\org.eclipse.m2e.maven.runtime_3.9.900.20250220-2013\jars\plexus-build-api-0.0.7.jar
2025-09-06 00:11:00,006 [Worker-39: Launching Executing test in C__Users_Sumit_Desktop_New folder_Janatri] INFO  o.eclipse.m2e.core.internal.Bundles - 	Entry: C:\Users\Sumit\.p2\pool\plugins\org.eclipse.m2e.maven.runtime_3.9.900.20250220-2013\jars\plexus-build-api-1.2.0.jar
2025-09-06 00:11:00,006 [Worker-39: Launching Executing test in C__Users_Sumit_Desktop_New folder_Janatri] INFO  o.eclipse.m2e.core.internal.Bundles - 	Entry: C:\Users\Sumit\.p2\pool\plugins\org.eclipse.m2e.maven.runtime_3.9.900.20250220-2013\jars\plexus-cipher-2.0.jar
2025-09-06 00:11:00,006 [Worker-39: Launching Executing test in C__Users_Sumit_Desktop_New folder_Janatri] INFO  o.eclipse.m2e.core.internal.Bundles - 	Entry: C:\Users\Sumit\.p2\pool\plugins\org.eclipse.m2e.maven.runtime_3.9.900.20250220-2013\jars\plexus-classworlds-2.8.0.jar
2025-09-06 00:11:00,007 [Worker-39: Launching Executing test in C__Users_Sumit_Desktop_New folder_Janatri] INFO  o.eclipse.m2e.core.internal.Bundles - 	Entry: C:\Users\Sumit\.p2\pool\plugins\org.eclipse.m2e.maven.runtime_3.9.900.20250220-2013\jars\plexus-component-annotations-2.1.0.jar
2025-09-06 00:11:00,007 [Worker-39: Launching Executing test in C__Users_Sumit_Desktop_New folder_Janatri] INFO  o.eclipse.m2e.core.internal.Bundles - 	Entry: C:\Users\Sumit\.p2\pool\plugins\org.eclipse.m2e.maven.runtime_3.9.900.20250220-2013\jars\plexus-interpolation-1.27.jar
2025-09-06 00:11:00,008 [Worker-39: Launching Executing test in C__Users_Sumit_Desktop_New folder_Janatri] INFO  o.eclipse.m2e.core.internal.Bundles - 	Entry: C:\Users\Sumit\.p2\pool\plugins\org.eclipse.m2e.maven.runtime_3.9.900.20250220-2013\jars\plexus-sec-dispatcher-2.0.jar
2025-09-06 00:11:00,008 [Worker-39: Launching Executing test in C__Users_Sumit_Desktop_New folder_Janatri] INFO  o.eclipse.m2e.core.internal.Bundles - 	Entry: C:\Users\Sumit\.p2\pool\plugins\org.eclipse.m2e.maven.runtime_3.9.900.20250220-2013\jars\plexus-utils-3.5.1.jar
2025-09-06 00:11:00,008 [Worker-39: Launching Executing test in C__Users_Sumit_Desktop_New folder_Janatri] INFO  o.eclipse.m2e.core.internal.Bundles - 	Entry: C:\Users\Sumit\.p2\pool\plugins\org.eclipse.m2e.maven.runtime_3.9.900.20250220-2013\jars\plexus-xml-3.0.1.jar
2025-09-06 00:11:00,009 [Worker-39: Launching Executing test in C__Users_Sumit_Desktop_New folder_Janatri] INFO  o.eclipse.m2e.core.internal.Bundles - 	Entry: C:\Users\Sumit\.p2\pool\plugins\org.eclipse.m2e.maven.runtime_3.9.900.20250220-2013\jars\wagon-file-3.5.3.jar
2025-09-06 00:11:00,009 [Worker-39: Launching Executing test in C__Users_Sumit_Desktop_New folder_Janatri] INFO  o.eclipse.m2e.core.internal.Bundles - 	Entry: C:\Users\Sumit\.p2\pool\plugins\org.eclipse.m2e.maven.runtime_3.9.900.20250220-2013\jars\wagon-http-3.5.3.jar
2025-09-06 00:11:00,010 [Worker-39: Launching Executing test in C__Users_Sumit_Desktop_New folder_Janatri] INFO  o.eclipse.m2e.core.internal.Bundles - 	Entry: C:\Users\Sumit\.p2\pool\plugins\org.eclipse.m2e.maven.runtime_3.9.900.20250220-2013\jars\wagon-http-shared-3.5.3.jar
2025-09-06 00:11:00,010 [Worker-39: Launching Executing test in C__Users_Sumit_Desktop_New folder_Janatri] INFO  o.eclipse.m2e.core.internal.Bundles - 	Entry: C:\Users\Sumit\.p2\pool\plugins\org.eclipse.m2e.maven.runtime_3.9.900.20250220-2013\jars\wagon-provider-api-3.5.3.jar
2025-09-06 00:11:00,013 [Worker-39: Launching Executing test in C__Users_Sumit_Desktop_New folder_Janatri] INFO  o.eclipse.m2e.core.internal.Bundles - getClasspathEntries(Bundle=com.google.guava_33.4.8.jre [18])
2025-09-06 00:11:00,017 [Worker-39: Launching Executing test in C__Users_Sumit_Desktop_New folder_Janatri] INFO  o.eclipse.m2e.core.internal.Bundles - 	Entry: C:\Users\Sumit\.p2\pool\plugins\com.google.guava_33.4.8.jre.jar
2025-09-06 00:11:00,017 [Worker-39: Launching Executing test in C__Users_Sumit_Desktop_New folder_Janatri] INFO  o.eclipse.m2e.core.internal.Bundles - getClasspathEntries(Bundle=slf4j.api_2.0.17 [1004])
2025-09-06 00:11:00,018 [Worker-39: Launching Executing test in C__Users_Sumit_Desktop_New folder_Janatri] INFO  o.eclipse.m2e.core.internal.Bundles - 	Entry: C:\Users\Sumit\.p2\pool\plugins\slf4j.api_2.0.17.jar
2025-09-06 00:11:00,018 [Worker-39: Launching Executing test in C__Users_Sumit_Desktop_New folder_Janatri] INFO  o.eclipse.m2e.core.internal.Bundles - getClasspathEntries(Bundle=jakarta.inject.jakarta.inject-api_1.0.5 [35])
2025-09-06 00:11:00,019 [Worker-39: Launching Executing test in C__Users_Sumit_Desktop_New folder_Janatri] INFO  o.eclipse.m2e.core.internal.Bundles - 	Entry: C:\Users\Sumit\.p2\pool\plugins\jakarta.inject.jakarta.inject-api_1.0.5.jar
2025-09-06 00:11:00,019 [Worker-39: Launching Executing test in C__Users_Sumit_Desktop_New folder_Janatri] INFO  o.eclipse.m2e.core.internal.Bundles - getClasspathEntries(Bundle=javax.annotation_1.3.5.v20200909-1856 [45])
2025-09-06 00:11:00,021 [Worker-39: Launching Executing test in C__Users_Sumit_Desktop_New folder_Janatri] INFO  o.eclipse.m2e.core.internal.Bundles - 	Entry: C:\Users\Sumit\.p2\pool\plugins\javax.annotation_1.3.5.v20200909-1856.jar
2025-09-06 00:11:00,021 [Worker-39: Launching Executing test in C__Users_Sumit_Desktop_New folder_Janatri] INFO  o.eclipse.m2e.core.internal.Bundles - getClasspathEntries(Bundle=org.apache.commons.cli_1.9.0 [76])
2025-09-06 00:11:00,022 [Worker-39: Launching Executing test in C__Users_Sumit_Desktop_New folder_Janatri] INFO  o.eclipse.m2e.core.internal.Bundles - 	Entry: C:\Users\Sumit\.p2\pool\plugins\org.apache.commons.cli_1.9.0.jar
2025-09-06 00:11:00,022 [Worker-39: Launching Executing test in C__Users_Sumit_Desktop_New folder_Janatri] INFO  o.eclipse.m2e.core.internal.Bundles - getClasspathEntries(Bundle=org.apache.commons.commons-codec_1.16.0 [78])
2025-09-06 00:11:00,024 [Worker-39: Launching Executing test in C__Users_Sumit_Desktop_New folder_Janatri] INFO  o.eclipse.m2e.core.internal.Bundles - 	Entry: C:\Users\Sumit\.p2\pool\plugins\org.apache.commons.commons-codec_1.16.0.jar
2025-09-06 00:11:00,024 [Worker-39: Launching Executing test in C__Users_Sumit_Desktop_New folder_Janatri] INFO  o.eclipse.m2e.core.internal.Bundles - getClasspathEntries(Bundle=com.google.guava.failureaccess_1.0.3 [19])
2025-09-06 00:11:00,025 [Worker-39: Launching Executing test in C__Users_Sumit_Desktop_New folder_Janatri] INFO  o.eclipse.m2e.core.internal.Bundles - 	Entry: C:\Users\Sumit\.p2\pool\plugins\com.google.guava.failureaccess_1.0.3.jar
2025-09-06 00:11:00,028 [Worker-39: Launching Executing test in C__Users_Sumit_Desktop_New folder_Janatri] INFO  o.e.m.i.launch.MavenLaunchDelegate - Run build in "C:\Users\Sumit\Desktop\New folder\Janatri":
2025-09-06 00:11:00,028 [Worker-39: Launching Executing test in C__Users_Sumit_Desktop_New folder_Janatri] INFO  o.e.m.i.launch.MavenLaunchDelegate -  mvn  -B -Dstyle.color=always test
2025-09-06 00:12:22,629 [Worker-41: Building] WARN  o.a.m.s.f.DefaultMavenResourcesFiltering - Using platform encoding (UTF-8 actually) to copy filtered resources, i.e. build is platform dependent!
2025-09-06 00:12:22,649 [Worker-41: Building] INFO  o.a.m.s.f.DefaultMavenResourcesFiltering - Copying 0 resource from src\main\resources to target\classes
2025-09-06 00:12:22,658 [Worker-41: Building] WARN  o.a.m.s.f.DefaultMavenResourcesFiltering - Using platform encoding (UTF-8 actually) to copy filtered resources, i.e. build is platform dependent!
2025-09-06 00:12:22,661 [Worker-41: Building] INFO  o.a.m.s.f.DefaultMavenResourcesFiltering - Copying 0 resource from src\test\resources to target\test-classes
2025-09-06 00:12:30,050 [Worker-43: Launching Executing test in C__Users_Sumit_Desktop_New folder_Janatri] INFO  o.eclipse.m2e.core.internal.Bundles - getClasspathEntries(Bundle=org.eclipse.m2e.maven.runtime_3.9.900.20250220-2013 [639])
2025-09-06 00:12:30,052 [Worker-43: Launching Executing test in C__Users_Sumit_Desktop_New folder_Janatri] INFO  o.eclipse.m2e.core.internal.Bundles - 	Entry: C:\Users\Sumit\.p2\pool\plugins\org.eclipse.m2e.maven.runtime_3.9.900.20250220-2013
2025-09-06 00:12:30,052 [Worker-43: Launching Executing test in C__Users_Sumit_Desktop_New folder_Janatri] INFO  o.eclipse.m2e.core.internal.Bundles - 	Entry: C:\Users\Sumit\.p2\pool\plugins\org.eclipse.m2e.maven.runtime_3.9.900.20250220-2013\jars\aopalliance-1.0.jar
2025-09-06 00:12:30,053 [Worker-43: Launching Executing test in C__Users_Sumit_Desktop_New folder_Janatri] INFO  o.eclipse.m2e.core.internal.Bundles - 	Entry: C:\Users\Sumit\.p2\pool\plugins\org.eclipse.m2e.maven.runtime_3.9.900.20250220-2013\jars\guice-5.1.0.jar
2025-09-06 00:12:30,053 [Worker-43: Launching Executing test in C__Users_Sumit_Desktop_New folder_Janatri] INFO  o.eclipse.m2e.core.internal.Bundles - 	Entry: C:\Users\Sumit\.p2\pool\plugins\org.eclipse.m2e.maven.runtime_3.9.900.20250220-2013\jars\httpclient-4.5.14.jar
2025-09-06 00:12:30,053 [Worker-43: Launching Executing test in C__Users_Sumit_Desktop_New folder_Janatri] INFO  o.eclipse.m2e.core.internal.Bundles - 	Entry: C:\Users\Sumit\.p2\pool\plugins\org.eclipse.m2e.maven.runtime_3.9.900.20250220-2013\jars\httpcore-4.4.16.jar
2025-09-06 00:12:30,054 [Worker-43: Launching Executing test in C__Users_Sumit_Desktop_New folder_Janatri] INFO  o.eclipse.m2e.core.internal.Bundles - 	Entry: C:\Users\Sumit\.p2\pool\plugins\org.eclipse.m2e.maven.runtime_3.9.900.20250220-2013\jars\jansi-2.4.1.jar
2025-09-06 00:12:30,055 [Worker-43: Launching Executing test in C__Users_Sumit_Desktop_New folder_Janatri] INFO  o.eclipse.m2e.core.internal.Bundles - 	Entry: C:\Users\Sumit\.p2\pool\plugins\org.eclipse.m2e.maven.runtime_3.9.900.20250220-2013\jars\jcl-over-slf4j-1.7.36.jar
2025-09-06 00:12:30,055 [Worker-43: Launching Executing test in C__Users_Sumit_Desktop_New folder_Janatri] INFO  o.eclipse.m2e.core.internal.Bundles - 	Entry: C:\Users\Sumit\.p2\pool\plugins\org.eclipse.m2e.maven.runtime_3.9.900.20250220-2013\jars\maven-artifact-3.9.9.jar
2025-09-06 00:12:30,055 [Worker-43: Launching Executing test in C__Users_Sumit_Desktop_New folder_Janatri] INFO  o.eclipse.m2e.core.internal.Bundles - 	Entry: C:\Users\Sumit\.p2\pool\plugins\org.eclipse.m2e.maven.runtime_3.9.900.20250220-2013\jars\maven-builder-support-3.9.9.jar
2025-09-06 00:12:30,056 [Worker-43: Launching Executing test in C__Users_Sumit_Desktop_New folder_Janatri] INFO  o.eclipse.m2e.core.internal.Bundles - 	Entry: C:\Users\Sumit\.p2\pool\plugins\org.eclipse.m2e.maven.runtime_3.9.900.20250220-2013\jars\maven-compat-3.9.9.jar
2025-09-06 00:12:30,056 [Worker-43: Launching Executing test in C__Users_Sumit_Desktop_New folder_Janatri] INFO  o.eclipse.m2e.core.internal.Bundles - 	Entry: C:\Users\Sumit\.p2\pool\plugins\org.eclipse.m2e.maven.runtime_3.9.900.20250220-2013\jars\maven-core-3.9.9.jar
2025-09-06 00:12:30,057 [Worker-43: Launching Executing test in C__Users_Sumit_Desktop_New folder_Janatri] INFO  o.eclipse.m2e.core.internal.Bundles - 	Entry: C:\Users\Sumit\.p2\pool\plugins\org.eclipse.m2e.maven.runtime_3.9.900.20250220-2013\jars\maven-embedder-3.9.9.jar
2025-09-06 00:12:30,057 [Worker-43: Launching Executing test in C__Users_Sumit_Desktop_New folder_Janatri] INFO  o.eclipse.m2e.core.internal.Bundles - 	Entry: C:\Users\Sumit\.p2\pool\plugins\org.eclipse.m2e.maven.runtime_3.9.900.20250220-2013\jars\maven-model-3.9.9.jar
2025-09-06 00:12:30,058 [Worker-43: Launching Executing test in C__Users_Sumit_Desktop_New folder_Janatri] INFO  o.eclipse.m2e.core.internal.Bundles - 	Entry: C:\Users\Sumit\.p2\pool\plugins\org.eclipse.m2e.maven.runtime_3.9.900.20250220-2013\jars\maven-model-builder-3.9.9.jar
2025-09-06 00:12:30,059 [Worker-43: Launching Executing test in C__Users_Sumit_Desktop_New folder_Janatri] INFO  o.eclipse.m2e.core.internal.Bundles - 	Entry: C:\Users\Sumit\.p2\pool\plugins\org.eclipse.m2e.maven.runtime_3.9.900.20250220-2013\jars\maven-plugin-api-3.9.9.jar
2025-09-06 00:12:30,059 [Worker-43: Launching Executing test in C__Users_Sumit_Desktop_New folder_Janatri] INFO  o.eclipse.m2e.core.internal.Bundles - 	Entry: C:\Users\Sumit\.p2\pool\plugins\org.eclipse.m2e.maven.runtime_3.9.900.20250220-2013\jars\maven-repository-metadata-3.9.9.jar
2025-09-06 00:12:30,059 [Worker-43: Launching Executing test in C__Users_Sumit_Desktop_New folder_Janatri] INFO  o.eclipse.m2e.core.internal.Bundles - 	Entry: C:\Users\Sumit\.p2\pool\plugins\org.eclipse.m2e.maven.runtime_3.9.900.20250220-2013\jars\maven-resolver-api-1.9.22.jar
2025-09-06 00:12:30,060 [Worker-43: Launching Executing test in C__Users_Sumit_Desktop_New folder_Janatri] INFO  o.eclipse.m2e.core.internal.Bundles - 	Entry: C:\Users\Sumit\.p2\pool\plugins\org.eclipse.m2e.maven.runtime_3.9.900.20250220-2013\jars\maven-resolver-connector-basic-1.9.22.jar
2025-09-06 00:12:30,061 [Worker-43: Launching Executing test in C__Users_Sumit_Desktop_New folder_Janatri] INFO  o.eclipse.m2e.core.internal.Bundles - 	Entry: C:\Users\Sumit\.p2\pool\plugins\org.eclipse.m2e.maven.runtime_3.9.900.20250220-2013\jars\maven-resolver-impl-1.9.22.jar
2025-09-06 00:12:30,061 [Worker-43: Launching Executing test in C__Users_Sumit_Desktop_New folder_Janatri] INFO  o.eclipse.m2e.core.internal.Bundles - 	Entry: C:\Users\Sumit\.p2\pool\plugins\org.eclipse.m2e.maven.runtime_3.9.900.20250220-2013\jars\maven-resolver-named-locks-1.9.22.jar
2025-09-06 00:12:30,061 [Worker-43: Launching Executing test in C__Users_Sumit_Desktop_New folder_Janatri] INFO  o.eclipse.m2e.core.internal.Bundles - 	Entry: C:\Users\Sumit\.p2\pool\plugins\org.eclipse.m2e.maven.runtime_3.9.900.20250220-2013\jars\maven-resolver-provider-3.9.9.jar
2025-09-06 00:12:30,062 [Worker-43: Launching Executing test in C__Users_Sumit_Desktop_New folder_Janatri] INFO  o.eclipse.m2e.core.internal.Bundles - 	Entry: C:\Users\Sumit\.p2\pool\plugins\org.eclipse.m2e.maven.runtime_3.9.900.20250220-2013\jars\maven-resolver-spi-1.9.22.jar
2025-09-06 00:12:30,062 [Worker-43: Launching Executing test in C__Users_Sumit_Desktop_New folder_Janatri] INFO  o.eclipse.m2e.core.internal.Bundles - 	Entry: C:\Users\Sumit\.p2\pool\plugins\org.eclipse.m2e.maven.runtime_3.9.900.20250220-2013\jars\maven-resolver-transport-file-1.9.22.jar
2025-09-06 00:12:30,062 [Worker-43: Launching Executing test in C__Users_Sumit_Desktop_New folder_Janatri] INFO  o.eclipse.m2e.core.internal.Bundles - 	Entry: C:\Users\Sumit\.p2\pool\plugins\org.eclipse.m2e.maven.runtime_3.9.900.20250220-2013\jars\maven-resolver-transport-http-1.9.22.jar
2025-09-06 00:12:30,063 [Worker-43: Launching Executing test in C__Users_Sumit_Desktop_New folder_Janatri] INFO  o.eclipse.m2e.core.internal.Bundles - 	Entry: C:\Users\Sumit\.p2\pool\plugins\org.eclipse.m2e.maven.runtime_3.9.900.20250220-2013\jars\maven-resolver-transport-wagon-1.9.22.jar
2025-09-06 00:12:30,063 [Worker-43: Launching Executing test in C__Users_Sumit_Desktop_New folder_Janatri] INFO  o.eclipse.m2e.core.internal.Bundles - 	Entry: C:\Users\Sumit\.p2\pool\plugins\org.eclipse.m2e.maven.runtime_3.9.900.20250220-2013\jars\maven-resolver-util-1.9.22.jar
2025-09-06 00:12:30,064 [Worker-43: Launching Executing test in C__Users_Sumit_Desktop_New folder_Janatri] INFO  o.eclipse.m2e.core.internal.Bundles - 	Entry: C:\Users\Sumit\.p2\pool\plugins\org.eclipse.m2e.maven.runtime_3.9.900.20250220-2013\jars\maven-settings-3.9.9.jar
2025-09-06 00:12:30,065 [Worker-43: Launching Executing test in C__Users_Sumit_Desktop_New folder_Janatri] INFO  o.eclipse.m2e.core.internal.Bundles - 	Entry: C:\Users\Sumit\.p2\pool\plugins\org.eclipse.m2e.maven.runtime_3.9.900.20250220-2013\jars\maven-settings-builder-3.9.9.jar
2025-09-06 00:12:30,067 [Worker-43: Launching Executing test in C__Users_Sumit_Desktop_New folder_Janatri] INFO  o.eclipse.m2e.core.internal.Bundles - 	Entry: C:\Users\Sumit\.p2\pool\plugins\org.eclipse.m2e.maven.runtime_3.9.900.20250220-2013\jars\maven-shared-utils-3.4.2.jar
2025-09-06 00:12:30,067 [Worker-43: Launching Executing test in C__Users_Sumit_Desktop_New folder_Janatri] INFO  o.eclipse.m2e.core.internal.Bundles - 	Entry: C:\Users\Sumit\.p2\pool\plugins\org.eclipse.m2e.maven.runtime_3.9.900.20250220-2013\jars\org.eclipse.sisu.inject-0.9.0.M3.jar
2025-09-06 00:12:30,067 [Worker-43: Launching Executing test in C__Users_Sumit_Desktop_New folder_Janatri] INFO  o.eclipse.m2e.core.internal.Bundles - 	Entry: C:\Users\Sumit\.p2\pool\plugins\org.eclipse.m2e.maven.runtime_3.9.900.20250220-2013\jars\org.eclipse.sisu.plexus-0.9.0.M3.jar
2025-09-06 00:12:30,070 [Worker-43: Launching Executing test in C__Users_Sumit_Desktop_New folder_Janatri] INFO  o.eclipse.m2e.core.internal.Bundles - 	Entry: C:\Users\Sumit\.p2\pool\plugins\org.eclipse.m2e.maven.runtime_3.9.900.20250220-2013\jars\plexus-build-api-0.0.7.jar
2025-09-06 00:12:30,070 [Worker-43: Launching Executing test in C__Users_Sumit_Desktop_New folder_Janatri] INFO  o.eclipse.m2e.core.internal.Bundles - 	Entry: C:\Users\Sumit\.p2\pool\plugins\org.eclipse.m2e.maven.runtime_3.9.900.20250220-2013\jars\plexus-build-api-1.2.0.jar
2025-09-06 00:12:30,071 [Worker-43: Launching Executing test in C__Users_Sumit_Desktop_New folder_Janatri] INFO  o.eclipse.m2e.core.internal.Bundles - 	Entry: C:\Users\Sumit\.p2\pool\plugins\org.eclipse.m2e.maven.runtime_3.9.900.20250220-2013\jars\plexus-cipher-2.0.jar
2025-09-06 00:12:30,071 [Worker-43: Launching Executing test in C__Users_Sumit_Desktop_New folder_Janatri] INFO  o.eclipse.m2e.core.internal.Bundles - 	Entry: C:\Users\Sumit\.p2\pool\plugins\org.eclipse.m2e.maven.runtime_3.9.900.20250220-2013\jars\plexus-classworlds-2.8.0.jar
2025-09-06 00:12:30,071 [Worker-43: Launching Executing test in C__Users_Sumit_Desktop_New folder_Janatri] INFO  o.eclipse.m2e.core.internal.Bundles - 	Entry: C:\Users\Sumit\.p2\pool\plugins\org.eclipse.m2e.maven.runtime_3.9.900.20250220-2013\jars\plexus-component-annotations-2.1.0.jar
2025-09-06 00:12:30,072 [Worker-43: Launching Executing test in C__Users_Sumit_Desktop_New folder_Janatri] INFO  o.eclipse.m2e.core.internal.Bundles - 	Entry: C:\Users\Sumit\.p2\pool\plugins\org.eclipse.m2e.maven.runtime_3.9.900.20250220-2013\jars\plexus-interpolation-1.27.jar
2025-09-06 00:12:30,072 [Worker-43: Launching Executing test in C__Users_Sumit_Desktop_New folder_Janatri] INFO  o.eclipse.m2e.core.internal.Bundles - 	Entry: C:\Users\Sumit\.p2\pool\plugins\org.eclipse.m2e.maven.runtime_3.9.900.20250220-2013\jars\plexus-sec-dispatcher-2.0.jar
2025-09-06 00:12:30,073 [Worker-43: Launching Executing test in C__Users_Sumit_Desktop_New folder_Janatri] INFO  o.eclipse.m2e.core.internal.Bundles - 	Entry: C:\Users\Sumit\.p2\pool\plugins\org.eclipse.m2e.maven.runtime_3.9.900.20250220-2013\jars\plexus-utils-3.5.1.jar
2025-09-06 00:12:30,073 [Worker-43: Launching Executing test in C__Users_Sumit_Desktop_New folder_Janatri] INFO  o.eclipse.m2e.core.internal.Bundles - 	Entry: C:\Users\Sumit\.p2\pool\plugins\org.eclipse.m2e.maven.runtime_3.9.900.20250220-2013\jars\plexus-xml-3.0.1.jar
2025-09-06 00:12:30,074 [Worker-43: Launching Executing test in C__Users_Sumit_Desktop_New folder_Janatri] INFO  o.eclipse.m2e.core.internal.Bundles - 	Entry: C:\Users\Sumit\.p2\pool\plugins\org.eclipse.m2e.maven.runtime_3.9.900.20250220-2013\jars\wagon-file-3.5.3.jar
2025-09-06 00:12:30,074 [Worker-43: Launching Executing test in C__Users_Sumit_Desktop_New folder_Janatri] INFO  o.eclipse.m2e.core.internal.Bundles - 	Entry: C:\Users\Sumit\.p2\pool\plugins\org.eclipse.m2e.maven.runtime_3.9.900.20250220-2013\jars\wagon-http-3.5.3.jar
2025-09-06 00:12:30,074 [Worker-43: Launching Executing test in C__Users_Sumit_Desktop_New folder_Janatri] INFO  o.eclipse.m2e.core.internal.Bundles - 	Entry: C:\Users\Sumit\.p2\pool\plugins\org.eclipse.m2e.maven.runtime_3.9.900.20250220-2013\jars\wagon-http-shared-3.5.3.jar
2025-09-06 00:12:30,075 [Worker-43: Launching Executing test in C__Users_Sumit_Desktop_New folder_Janatri] INFO  o.eclipse.m2e.core.internal.Bundles - 	Entry: C:\Users\Sumit\.p2\pool\plugins\org.eclipse.m2e.maven.runtime_3.9.900.20250220-2013\jars\wagon-provider-api-3.5.3.jar
2025-09-06 00:12:30,075 [Worker-43: Launching Executing test in C__Users_Sumit_Desktop_New folder_Janatri] INFO  o.eclipse.m2e.core.internal.Bundles - getClasspathEntries(Bundle=com.google.guava_33.4.8.jre [18])
2025-09-06 00:12:30,076 [Worker-43: Launching Executing test in C__Users_Sumit_Desktop_New folder_Janatri] INFO  o.eclipse.m2e.core.internal.Bundles - 	Entry: C:\Users\Sumit\.p2\pool\plugins\com.google.guava_33.4.8.jre.jar
2025-09-06 00:12:30,076 [Worker-43: Launching Executing test in C__Users_Sumit_Desktop_New folder_Janatri] INFO  o.eclipse.m2e.core.internal.Bundles - getClasspathEntries(Bundle=slf4j.api_2.0.17 [1004])
2025-09-06 00:12:30,077 [Worker-43: Launching Executing test in C__Users_Sumit_Desktop_New folder_Janatri] INFO  o.eclipse.m2e.core.internal.Bundles - 	Entry: C:\Users\Sumit\.p2\pool\plugins\slf4j.api_2.0.17.jar
2025-09-06 00:12:30,077 [Worker-43: Launching Executing test in C__Users_Sumit_Desktop_New folder_Janatri] INFO  o.eclipse.m2e.core.internal.Bundles - getClasspathEntries(Bundle=jakarta.inject.jakarta.inject-api_1.0.5 [35])
2025-09-06 00:12:30,078 [Worker-43: Launching Executing test in C__Users_Sumit_Desktop_New folder_Janatri] INFO  o.eclipse.m2e.core.internal.Bundles - 	Entry: C:\Users\Sumit\.p2\pool\plugins\jakarta.inject.jakarta.inject-api_1.0.5.jar
2025-09-06 00:12:30,078 [Worker-43: Launching Executing test in C__Users_Sumit_Desktop_New folder_Janatri] INFO  o.eclipse.m2e.core.internal.Bundles - getClasspathEntries(Bundle=javax.annotation_1.3.5.v20200909-1856 [45])
2025-09-06 00:12:30,079 [Worker-43: Launching Executing test in C__Users_Sumit_Desktop_New folder_Janatri] INFO  o.eclipse.m2e.core.internal.Bundles - 	Entry: C:\Users\Sumit\.p2\pool\plugins\javax.annotation_1.3.5.v20200909-1856.jar
2025-09-06 00:12:30,080 [Worker-43: Launching Executing test in C__Users_Sumit_Desktop_New folder_Janatri] INFO  o.eclipse.m2e.core.internal.Bundles - getClasspathEntries(Bundle=org.apache.commons.cli_1.9.0 [76])
2025-09-06 00:12:30,081 [Worker-43: Launching Executing test in C__Users_Sumit_Desktop_New folder_Janatri] INFO  o.eclipse.m2e.core.internal.Bundles - 	Entry: C:\Users\Sumit\.p2\pool\plugins\org.apache.commons.cli_1.9.0.jar
2025-09-06 00:12:30,081 [Worker-43: Launching Executing test in C__Users_Sumit_Desktop_New folder_Janatri] INFO  o.eclipse.m2e.core.internal.Bundles - getClasspathEntries(Bundle=org.apache.commons.commons-codec_1.16.0 [78])
2025-09-06 00:12:30,083 [Worker-43: Launching Executing test in C__Users_Sumit_Desktop_New folder_Janatri] INFO  o.eclipse.m2e.core.internal.Bundles - 	Entry: C:\Users\Sumit\.p2\pool\plugins\org.apache.commons.commons-codec_1.16.0.jar
2025-09-06 00:12:30,084 [Worker-43: Launching Executing test in C__Users_Sumit_Desktop_New folder_Janatri] INFO  o.eclipse.m2e.core.internal.Bundles - getClasspathEntries(Bundle=com.google.guava.failureaccess_1.0.3 [19])
2025-09-06 00:12:30,085 [Worker-43: Launching Executing test in C__Users_Sumit_Desktop_New folder_Janatri] INFO  o.eclipse.m2e.core.internal.Bundles - 	Entry: C:\Users\Sumit\.p2\pool\plugins\com.google.guava.failureaccess_1.0.3.jar
2025-09-06 00:12:30,088 [Worker-43: Launching Executing test in C__Users_Sumit_Desktop_New folder_Janatri] INFO  o.e.m.i.launch.MavenLaunchDelegate - Run build in "C:\Users\Sumit\Desktop\New folder\Janatri":
2025-09-06 00:12:30,089 [Worker-43: Launching Executing test in C__Users_Sumit_Desktop_New folder_Janatri] INFO  o.e.m.i.launch.MavenLaunchDelegate -  mvn  -B -Dstyle.color=always test
2025-09-06 00:16:45,590 [Worker-46: Launching Executing test in C__Users_Sumit_Desktop_New folder_Janatri] INFO  o.eclipse.m2e.core.internal.Bundles - getClasspathEntries(Bundle=org.eclipse.m2e.maven.runtime_3.9.900.20250220-2013 [639])
2025-09-06 00:16:45,594 [Worker-46: Launching Executing test in C__Users_Sumit_Desktop_New folder_Janatri] INFO  o.eclipse.m2e.core.internal.Bundles - 	Entry: C:\Users\Sumit\.p2\pool\plugins\org.eclipse.m2e.maven.runtime_3.9.900.20250220-2013
2025-09-06 00:16:45,594 [Worker-46: Launching Executing test in C__Users_Sumit_Desktop_New folder_Janatri] INFO  o.eclipse.m2e.core.internal.Bundles - 	Entry: C:\Users\Sumit\.p2\pool\plugins\org.eclipse.m2e.maven.runtime_3.9.900.20250220-2013\jars\aopalliance-1.0.jar
2025-09-06 00:16:45,595 [Worker-46: Launching Executing test in C__Users_Sumit_Desktop_New folder_Janatri] INFO  o.eclipse.m2e.core.internal.Bundles - 	Entry: C:\Users\Sumit\.p2\pool\plugins\org.eclipse.m2e.maven.runtime_3.9.900.20250220-2013\jars\guice-5.1.0.jar
2025-09-06 00:16:45,595 [Worker-46: Launching Executing test in C__Users_Sumit_Desktop_New folder_Janatri] INFO  o.eclipse.m2e.core.internal.Bundles - 	Entry: C:\Users\Sumit\.p2\pool\plugins\org.eclipse.m2e.maven.runtime_3.9.900.20250220-2013\jars\httpclient-4.5.14.jar
2025-09-06 00:16:45,596 [Worker-46: Launching Executing test in C__Users_Sumit_Desktop_New folder_Janatri] INFO  o.eclipse.m2e.core.internal.Bundles - 	Entry: C:\Users\Sumit\.p2\pool\plugins\org.eclipse.m2e.maven.runtime_3.9.900.20250220-2013\jars\httpcore-4.4.16.jar
2025-09-06 00:16:45,596 [Worker-46: Launching Executing test in C__Users_Sumit_Desktop_New folder_Janatri] INFO  o.eclipse.m2e.core.internal.Bundles - 	Entry: C:\Users\Sumit\.p2\pool\plugins\org.eclipse.m2e.maven.runtime_3.9.900.20250220-2013\jars\jansi-2.4.1.jar
2025-09-06 00:16:45,597 [Worker-46: Launching Executing test in C__Users_Sumit_Desktop_New folder_Janatri] INFO  o.eclipse.m2e.core.internal.Bundles - 	Entry: C:\Users\Sumit\.p2\pool\plugins\org.eclipse.m2e.maven.runtime_3.9.900.20250220-2013\jars\jcl-over-slf4j-1.7.36.jar
2025-09-06 00:16:45,597 [Worker-46: Launching Executing test in C__Users_Sumit_Desktop_New folder_Janatri] INFO  o.eclipse.m2e.core.internal.Bundles - 	Entry: C:\Users\Sumit\.p2\pool\plugins\org.eclipse.m2e.maven.runtime_3.9.900.20250220-2013\jars\maven-artifact-3.9.9.jar
2025-09-06 00:16:45,599 [Worker-46: Launching Executing test in C__Users_Sumit_Desktop_New folder_Janatri] INFO  o.eclipse.m2e.core.internal.Bundles - 	Entry: C:\Users\Sumit\.p2\pool\plugins\org.eclipse.m2e.maven.runtime_3.9.900.20250220-2013\jars\maven-builder-support-3.9.9.jar
2025-09-06 00:16:45,600 [Worker-46: Launching Executing test in C__Users_Sumit_Desktop_New folder_Janatri] INFO  o.eclipse.m2e.core.internal.Bundles - 	Entry: C:\Users\Sumit\.p2\pool\plugins\org.eclipse.m2e.maven.runtime_3.9.900.20250220-2013\jars\maven-compat-3.9.9.jar
2025-09-06 00:16:45,602 [Worker-46: Launching Executing test in C__Users_Sumit_Desktop_New folder_Janatri] INFO  o.eclipse.m2e.core.internal.Bundles - 	Entry: C:\Users\Sumit\.p2\pool\plugins\org.eclipse.m2e.maven.runtime_3.9.900.20250220-2013\jars\maven-core-3.9.9.jar
2025-09-06 00:16:45,602 [Worker-46: Launching Executing test in C__Users_Sumit_Desktop_New folder_Janatri] INFO  o.eclipse.m2e.core.internal.Bundles - 	Entry: C:\Users\Sumit\.p2\pool\plugins\org.eclipse.m2e.maven.runtime_3.9.900.20250220-2013\jars\maven-embedder-3.9.9.jar
2025-09-06 00:16:45,603 [Worker-46: Launching Executing test in C__Users_Sumit_Desktop_New folder_Janatri] INFO  o.eclipse.m2e.core.internal.Bundles - 	Entry: C:\Users\Sumit\.p2\pool\plugins\org.eclipse.m2e.maven.runtime_3.9.900.20250220-2013\jars\maven-model-3.9.9.jar
2025-09-06 00:16:45,603 [Worker-46: Launching Executing test in C__Users_Sumit_Desktop_New folder_Janatri] INFO  o.eclipse.m2e.core.internal.Bundles - 	Entry: C:\Users\Sumit\.p2\pool\plugins\org.eclipse.m2e.maven.runtime_3.9.900.20250220-2013\jars\maven-model-builder-3.9.9.jar
2025-09-06 00:16:45,604 [Worker-46: Launching Executing test in C__Users_Sumit_Desktop_New folder_Janatri] INFO  o.eclipse.m2e.core.internal.Bundles - 	Entry: C:\Users\Sumit\.p2\pool\plugins\org.eclipse.m2e.maven.runtime_3.9.900.20250220-2013\jars\maven-plugin-api-3.9.9.jar
2025-09-06 00:16:45,605 [Worker-46: Launching Executing test in C__Users_Sumit_Desktop_New folder_Janatri] INFO  o.eclipse.m2e.core.internal.Bundles - 	Entry: C:\Users\Sumit\.p2\pool\plugins\org.eclipse.m2e.maven.runtime_3.9.900.20250220-2013\jars\maven-repository-metadata-3.9.9.jar
2025-09-06 00:16:45,605 [Worker-46: Launching Executing test in C__Users_Sumit_Desktop_New folder_Janatri] INFO  o.eclipse.m2e.core.internal.Bundles - 	Entry: C:\Users\Sumit\.p2\pool\plugins\org.eclipse.m2e.maven.runtime_3.9.900.20250220-2013\jars\maven-resolver-api-1.9.22.jar
2025-09-06 00:16:45,606 [Worker-46: Launching Executing test in C__Users_Sumit_Desktop_New folder_Janatri] INFO  o.eclipse.m2e.core.internal.Bundles - 	Entry: C:\Users\Sumit\.p2\pool\plugins\org.eclipse.m2e.maven.runtime_3.9.900.20250220-2013\jars\maven-resolver-connector-basic-1.9.22.jar
2025-09-06 00:16:45,606 [Worker-46: Launching Executing test in C__Users_Sumit_Desktop_New folder_Janatri] INFO  o.eclipse.m2e.core.internal.Bundles - 	Entry: C:\Users\Sumit\.p2\pool\plugins\org.eclipse.m2e.maven.runtime_3.9.900.20250220-2013\jars\maven-resolver-impl-1.9.22.jar
2025-09-06 00:16:45,607 [Worker-46: Launching Executing test in C__Users_Sumit_Desktop_New folder_Janatri] INFO  o.eclipse.m2e.core.internal.Bundles - 	Entry: C:\Users\Sumit\.p2\pool\plugins\org.eclipse.m2e.maven.runtime_3.9.900.20250220-2013\jars\maven-resolver-named-locks-1.9.22.jar
2025-09-06 00:16:45,607 [Worker-46: Launching Executing test in C__Users_Sumit_Desktop_New folder_Janatri] INFO  o.eclipse.m2e.core.internal.Bundles - 	Entry: C:\Users\Sumit\.p2\pool\plugins\org.eclipse.m2e.maven.runtime_3.9.900.20250220-2013\jars\maven-resolver-provider-3.9.9.jar
2025-09-06 00:16:45,607 [Worker-46: Launching Executing test in C__Users_Sumit_Desktop_New folder_Janatri] INFO  o.eclipse.m2e.core.internal.Bundles - 	Entry: C:\Users\Sumit\.p2\pool\plugins\org.eclipse.m2e.maven.runtime_3.9.900.20250220-2013\jars\maven-resolver-spi-1.9.22.jar
2025-09-06 00:16:45,608 [Worker-46: Launching Executing test in C__Users_Sumit_Desktop_New folder_Janatri] INFO  o.eclipse.m2e.core.internal.Bundles - 	Entry: C:\Users\Sumit\.p2\pool\plugins\org.eclipse.m2e.maven.runtime_3.9.900.20250220-2013\jars\maven-resolver-transport-file-1.9.22.jar
2025-09-06 00:16:45,608 [Worker-46: Launching Executing test in C__Users_Sumit_Desktop_New folder_Janatri] INFO  o.eclipse.m2e.core.internal.Bundles - 	Entry: C:\Users\Sumit\.p2\pool\plugins\org.eclipse.m2e.maven.runtime_3.9.900.20250220-2013\jars\maven-resolver-transport-http-1.9.22.jar
2025-09-06 00:16:45,609 [Worker-46: Launching Executing test in C__Users_Sumit_Desktop_New folder_Janatri] INFO  o.eclipse.m2e.core.internal.Bundles - 	Entry: C:\Users\Sumit\.p2\pool\plugins\org.eclipse.m2e.maven.runtime_3.9.900.20250220-2013\jars\maven-resolver-transport-wagon-1.9.22.jar
2025-09-06 00:16:45,609 [Worker-46: Launching Executing test in C__Users_Sumit_Desktop_New folder_Janatri] INFO  o.eclipse.m2e.core.internal.Bundles - 	Entry: C:\Users\Sumit\.p2\pool\plugins\org.eclipse.m2e.maven.runtime_3.9.900.20250220-2013\jars\maven-resolver-util-1.9.22.jar
2025-09-06 00:16:45,610 [Worker-46: Launching Executing test in C__Users_Sumit_Desktop_New folder_Janatri] INFO  o.eclipse.m2e.core.internal.Bundles - 	Entry: C:\Users\Sumit\.p2\pool\plugins\org.eclipse.m2e.maven.runtime_3.9.900.20250220-2013\jars\maven-settings-3.9.9.jar
2025-09-06 00:16:45,610 [Worker-46: Launching Executing test in C__Users_Sumit_Desktop_New folder_Janatri] INFO  o.eclipse.m2e.core.internal.Bundles - 	Entry: C:\Users\Sumit\.p2\pool\plugins\org.eclipse.m2e.maven.runtime_3.9.900.20250220-2013\jars\maven-settings-builder-3.9.9.jar
2025-09-06 00:16:45,610 [Worker-46: Launching Executing test in C__Users_Sumit_Desktop_New folder_Janatri] INFO  o.eclipse.m2e.core.internal.Bundles - 	Entry: C:\Users\Sumit\.p2\pool\plugins\org.eclipse.m2e.maven.runtime_3.9.900.20250220-2013\jars\maven-shared-utils-3.4.2.jar
2025-09-06 00:16:45,611 [Worker-46: Launching Executing test in C__Users_Sumit_Desktop_New folder_Janatri] INFO  o.eclipse.m2e.core.internal.Bundles - 	Entry: C:\Users\Sumit\.p2\pool\plugins\org.eclipse.m2e.maven.runtime_3.9.900.20250220-2013\jars\org.eclipse.sisu.inject-0.9.0.M3.jar
2025-09-06 00:16:45,611 [Worker-46: Launching Executing test in C__Users_Sumit_Desktop_New folder_Janatri] INFO  o.eclipse.m2e.core.internal.Bundles - 	Entry: C:\Users\Sumit\.p2\pool\plugins\org.eclipse.m2e.maven.runtime_3.9.900.20250220-2013\jars\org.eclipse.sisu.plexus-0.9.0.M3.jar
2025-09-06 00:16:45,612 [Worker-46: Launching Executing test in C__Users_Sumit_Desktop_New folder_Janatri] INFO  o.eclipse.m2e.core.internal.Bundles - 	Entry: C:\Users\Sumit\.p2\pool\plugins\org.eclipse.m2e.maven.runtime_3.9.900.20250220-2013\jars\plexus-build-api-0.0.7.jar
2025-09-06 00:16:45,613 [Worker-46: Launching Executing test in C__Users_Sumit_Desktop_New folder_Janatri] INFO  o.eclipse.m2e.core.internal.Bundles - 	Entry: C:\Users\Sumit\.p2\pool\plugins\org.eclipse.m2e.maven.runtime_3.9.900.20250220-2013\jars\plexus-build-api-1.2.0.jar
2025-09-06 00:16:45,614 [Worker-46: Launching Executing test in C__Users_Sumit_Desktop_New folder_Janatri] INFO  o.eclipse.m2e.core.internal.Bundles - 	Entry: C:\Users\Sumit\.p2\pool\plugins\org.eclipse.m2e.maven.runtime_3.9.900.20250220-2013\jars\plexus-cipher-2.0.jar
2025-09-06 00:16:45,614 [Worker-46: Launching Executing test in C__Users_Sumit_Desktop_New folder_Janatri] INFO  o.eclipse.m2e.core.internal.Bundles - 	Entry: C:\Users\Sumit\.p2\pool\plugins\org.eclipse.m2e.maven.runtime_3.9.900.20250220-2013\jars\plexus-classworlds-2.8.0.jar
2025-09-06 00:16:45,615 [Worker-46: Launching Executing test in C__Users_Sumit_Desktop_New folder_Janatri] INFO  o.eclipse.m2e.core.internal.Bundles - 	Entry: C:\Users\Sumit\.p2\pool\plugins\org.eclipse.m2e.maven.runtime_3.9.900.20250220-2013\jars\plexus-component-annotations-2.1.0.jar
2025-09-06 00:16:45,615 [Worker-46: Launching Executing test in C__Users_Sumit_Desktop_New folder_Janatri] INFO  o.eclipse.m2e.core.internal.Bundles - 	Entry: C:\Users\Sumit\.p2\pool\plugins\org.eclipse.m2e.maven.runtime_3.9.900.20250220-2013\jars\plexus-interpolation-1.27.jar
2025-09-06 00:16:45,616 [Worker-46: Launching Executing test in C__Users_Sumit_Desktop_New folder_Janatri] INFO  o.eclipse.m2e.core.internal.Bundles - 	Entry: C:\Users\Sumit\.p2\pool\plugins\org.eclipse.m2e.maven.runtime_3.9.900.20250220-2013\jars\plexus-sec-dispatcher-2.0.jar
2025-09-06 00:16:45,617 [Worker-46: Launching Executing test in C__Users_Sumit_Desktop_New folder_Janatri] INFO  o.eclipse.m2e.core.internal.Bundles - 	Entry: C:\Users\Sumit\.p2\pool\plugins\org.eclipse.m2e.maven.runtime_3.9.900.20250220-2013\jars\plexus-utils-3.5.1.jar
2025-09-06 00:16:45,618 [Worker-46: Launching Executing test in C__Users_Sumit_Desktop_New folder_Janatri] INFO  o.eclipse.m2e.core.internal.Bundles - 	Entry: C:\Users\Sumit\.p2\pool\plugins\org.eclipse.m2e.maven.runtime_3.9.900.20250220-2013\jars\plexus-xml-3.0.1.jar
2025-09-06 00:16:45,619 [Worker-46: Launching Executing test in C__Users_Sumit_Desktop_New folder_Janatri] INFO  o.eclipse.m2e.core.internal.Bundles - 	Entry: C:\Users\Sumit\.p2\pool\plugins\org.eclipse.m2e.maven.runtime_3.9.900.20250220-2013\jars\wagon-file-3.5.3.jar
2025-09-06 00:16:45,619 [Worker-46: Launching Executing test in C__Users_Sumit_Desktop_New folder_Janatri] INFO  o.eclipse.m2e.core.internal.Bundles - 	Entry: C:\Users\Sumit\.p2\pool\plugins\org.eclipse.m2e.maven.runtime_3.9.900.20250220-2013\jars\wagon-http-3.5.3.jar
2025-09-06 00:16:45,620 [Worker-46: Launching Executing test in C__Users_Sumit_Desktop_New folder_Janatri] INFO  o.eclipse.m2e.core.internal.Bundles - 	Entry: C:\Users\Sumit\.p2\pool\plugins\org.eclipse.m2e.maven.runtime_3.9.900.20250220-2013\jars\wagon-http-shared-3.5.3.jar
2025-09-06 00:16:45,620 [Worker-46: Launching Executing test in C__Users_Sumit_Desktop_New folder_Janatri] INFO  o.eclipse.m2e.core.internal.Bundles - 	Entry: C:\Users\Sumit\.p2\pool\plugins\org.eclipse.m2e.maven.runtime_3.9.900.20250220-2013\jars\wagon-provider-api-3.5.3.jar
2025-09-06 00:16:45,621 [Worker-46: Launching Executing test in C__Users_Sumit_Desktop_New folder_Janatri] INFO  o.eclipse.m2e.core.internal.Bundles - getClasspathEntries(Bundle=com.google.guava_33.4.8.jre [18])
2025-09-06 00:16:45,621 [Worker-46: Launching Executing test in C__Users_Sumit_Desktop_New folder_Janatri] INFO  o.eclipse.m2e.core.internal.Bundles - 	Entry: C:\Users\Sumit\.p2\pool\plugins\com.google.guava_33.4.8.jre.jar
2025-09-06 00:16:45,622 [Worker-46: Launching Executing test in C__Users_Sumit_Desktop_New folder_Janatri] INFO  o.eclipse.m2e.core.internal.Bundles - getClasspathEntries(Bundle=slf4j.api_2.0.17 [1004])
2025-09-06 00:16:45,622 [Worker-46: Launching Executing test in C__Users_Sumit_Desktop_New folder_Janatri] INFO  o.eclipse.m2e.core.internal.Bundles - 	Entry: C:\Users\Sumit\.p2\pool\plugins\slf4j.api_2.0.17.jar
2025-09-06 00:16:45,622 [Worker-46: Launching Executing test in C__Users_Sumit_Desktop_New folder_Janatri] INFO  o.eclipse.m2e.core.internal.Bundles - getClasspathEntries(Bundle=jakarta.inject.jakarta.inject-api_1.0.5 [35])
2025-09-06 00:16:45,623 [Worker-46: Launching Executing test in C__Users_Sumit_Desktop_New folder_Janatri] INFO  o.eclipse.m2e.core.internal.Bundles - 	Entry: C:\Users\Sumit\.p2\pool\plugins\jakarta.inject.jakarta.inject-api_1.0.5.jar
2025-09-06 00:16:45,623 [Worker-46: Launching Executing test in C__Users_Sumit_Desktop_New folder_Janatri] INFO  o.eclipse.m2e.core.internal.Bundles - getClasspathEntries(Bundle=javax.annotation_1.3.5.v20200909-1856 [45])
2025-09-06 00:16:45,624 [Worker-46: Launching Executing test in C__Users_Sumit_Desktop_New folder_Janatri] INFO  o.eclipse.m2e.core.internal.Bundles - 	Entry: C:\Users\Sumit\.p2\pool\plugins\javax.annotation_1.3.5.v20200909-1856.jar
2025-09-06 00:16:45,624 [Worker-46: Launching Executing test in C__Users_Sumit_Desktop_New folder_Janatri] INFO  o.eclipse.m2e.core.internal.Bundles - getClasspathEntries(Bundle=org.apache.commons.cli_1.9.0 [76])
2025-09-06 00:16:45,625 [Worker-46: Launching Executing test in C__Users_Sumit_Desktop_New folder_Janatri] INFO  o.eclipse.m2e.core.internal.Bundles - 	Entry: C:\Users\Sumit\.p2\pool\plugins\org.apache.commons.cli_1.9.0.jar
2025-09-06 00:16:45,625 [Worker-46: Launching Executing test in C__Users_Sumit_Desktop_New folder_Janatri] INFO  o.eclipse.m2e.core.internal.Bundles - getClasspathEntries(Bundle=org.apache.commons.commons-codec_1.16.0 [78])
2025-09-06 00:16:45,626 [Worker-46: Launching Executing test in C__Users_Sumit_Desktop_New folder_Janatri] INFO  o.eclipse.m2e.core.internal.Bundles - 	Entry: C:\Users\Sumit\.p2\pool\plugins\org.apache.commons.commons-codec_1.16.0.jar
2025-09-06 00:16:45,626 [Worker-46: Launching Executing test in C__Users_Sumit_Desktop_New folder_Janatri] INFO  o.eclipse.m2e.core.internal.Bundles - getClasspathEntries(Bundle=com.google.guava.failureaccess_1.0.3 [19])
2025-09-06 00:16:45,626 [Worker-46: Launching Executing test in C__Users_Sumit_Desktop_New folder_Janatri] INFO  o.eclipse.m2e.core.internal.Bundles - 	Entry: C:\Users\Sumit\.p2\pool\plugins\com.google.guava.failureaccess_1.0.3.jar
2025-09-06 00:16:45,629 [Worker-46: Launching Executing test in C__Users_Sumit_Desktop_New folder_Janatri] INFO  o.e.m.i.launch.MavenLaunchDelegate - Run build in "C:\Users\Sumit\Desktop\New folder\Janatri":
2025-09-06 00:16:45,629 [Worker-46: Launching Executing test in C__Users_Sumit_Desktop_New folder_Janatri] INFO  o.e.m.i.launch.MavenLaunchDelegate -  mvn  -B -Dstyle.color=always test
2025-09-06 00:19:06,718 [Worker-50: Building] WARN  o.a.m.s.f.DefaultMavenResourcesFiltering - Using platform encoding (UTF-8 actually) to copy filtered resources, i.e. build is platform dependent!
2025-09-06 00:19:06,806 [Worker-50: Building] INFO  o.a.m.s.f.DefaultMavenResourcesFiltering - Copying 0 resource from src\main\resources to target\classes
2025-09-06 00:19:06,813 [Worker-50: Building] WARN  o.a.m.s.f.DefaultMavenResourcesFiltering - Using platform encoding (UTF-8 actually) to copy filtered resources, i.e. build is platform dependent!
2025-09-06 00:19:06,817 [Worker-50: Building] INFO  o.a.m.s.f.DefaultMavenResourcesFiltering - Copying 0 resource from src\test\resources to target\test-classes
2025-09-06 00:19:13,139 [Worker-47: Launching Executing test in C__Users_Sumit_Desktop_New folder_Janatri] INFO  o.eclipse.m2e.core.internal.Bundles - getClasspathEntries(Bundle=org.eclipse.m2e.maven.runtime_3.9.900.20250220-2013 [639])
2025-09-06 00:19:13,149 [Worker-47: Launching Executing test in C__Users_Sumit_Desktop_New folder_Janatri] INFO  o.eclipse.m2e.core.internal.Bundles - 	Entry: C:\Users\Sumit\.p2\pool\plugins\org.eclipse.m2e.maven.runtime_3.9.900.20250220-2013
2025-09-06 00:19:13,152 [Worker-47: Launching Executing test in C__Users_Sumit_Desktop_New folder_Janatri] INFO  o.eclipse.m2e.core.internal.Bundles - 	Entry: C:\Users\Sumit\.p2\pool\plugins\org.eclipse.m2e.maven.runtime_3.9.900.20250220-2013\jars\aopalliance-1.0.jar
2025-09-06 00:19:13,153 [Worker-47: Launching Executing test in C__Users_Sumit_Desktop_New folder_Janatri] INFO  o.eclipse.m2e.core.internal.Bundles - 	Entry: C:\Users\Sumit\.p2\pool\plugins\org.eclipse.m2e.maven.runtime_3.9.900.20250220-2013\jars\guice-5.1.0.jar
2025-09-06 00:19:13,154 [Worker-47: Launching Executing test in C__Users_Sumit_Desktop_New folder_Janatri] INFO  o.eclipse.m2e.core.internal.Bundles - 	Entry: C:\Users\Sumit\.p2\pool\plugins\org.eclipse.m2e.maven.runtime_3.9.900.20250220-2013\jars\httpclient-4.5.14.jar
2025-09-06 00:19:13,155 [Worker-47: Launching Executing test in C__Users_Sumit_Desktop_New folder_Janatri] INFO  o.eclipse.m2e.core.internal.Bundles - 	Entry: C:\Users\Sumit\.p2\pool\plugins\org.eclipse.m2e.maven.runtime_3.9.900.20250220-2013\jars\httpcore-4.4.16.jar
2025-09-06 00:19:13,156 [Worker-47: Launching Executing test in C__Users_Sumit_Desktop_New folder_Janatri] INFO  o.eclipse.m2e.core.internal.Bundles - 	Entry: C:\Users\Sumit\.p2\pool\plugins\org.eclipse.m2e.maven.runtime_3.9.900.20250220-2013\jars\jansi-2.4.1.jar
2025-09-06 00:19:13,156 [Worker-47: Launching Executing test in C__Users_Sumit_Desktop_New folder_Janatri] INFO  o.eclipse.m2e.core.internal.Bundles - 	Entry: C:\Users\Sumit\.p2\pool\plugins\org.eclipse.m2e.maven.runtime_3.9.900.20250220-2013\jars\jcl-over-slf4j-1.7.36.jar
2025-09-06 00:19:13,156 [Worker-47: Launching Executing test in C__Users_Sumit_Desktop_New folder_Janatri] INFO  o.eclipse.m2e.core.internal.Bundles - 	Entry: C:\Users\Sumit\.p2\pool\plugins\org.eclipse.m2e.maven.runtime_3.9.900.20250220-2013\jars\maven-artifact-3.9.9.jar
2025-09-06 00:19:13,157 [Worker-47: Launching Executing test in C__Users_Sumit_Desktop_New folder_Janatri] INFO  o.eclipse.m2e.core.internal.Bundles - 	Entry: C:\Users\Sumit\.p2\pool\plugins\org.eclipse.m2e.maven.runtime_3.9.900.20250220-2013\jars\maven-builder-support-3.9.9.jar
2025-09-06 00:19:13,157 [Worker-47: Launching Executing test in C__Users_Sumit_Desktop_New folder_Janatri] INFO  o.eclipse.m2e.core.internal.Bundles - 	Entry: C:\Users\Sumit\.p2\pool\plugins\org.eclipse.m2e.maven.runtime_3.9.900.20250220-2013\jars\maven-compat-3.9.9.jar
2025-09-06 00:19:13,157 [Worker-47: Launching Executing test in C__Users_Sumit_Desktop_New folder_Janatri] INFO  o.eclipse.m2e.core.internal.Bundles - 	Entry: C:\Users\Sumit\.p2\pool\plugins\org.eclipse.m2e.maven.runtime_3.9.900.20250220-2013\jars\maven-core-3.9.9.jar
2025-09-06 00:19:13,158 [Worker-47: Launching Executing test in C__Users_Sumit_Desktop_New folder_Janatri] INFO  o.eclipse.m2e.core.internal.Bundles - 	Entry: C:\Users\Sumit\.p2\pool\plugins\org.eclipse.m2e.maven.runtime_3.9.900.20250220-2013\jars\maven-embedder-3.9.9.jar
2025-09-06 00:19:13,158 [Worker-47: Launching Executing test in C__Users_Sumit_Desktop_New folder_Janatri] INFO  o.eclipse.m2e.core.internal.Bundles - 	Entry: C:\Users\Sumit\.p2\pool\plugins\org.eclipse.m2e.maven.runtime_3.9.900.20250220-2013\jars\maven-model-3.9.9.jar
2025-09-06 00:19:13,158 [Worker-47: Launching Executing test in C__Users_Sumit_Desktop_New folder_Janatri] INFO  o.eclipse.m2e.core.internal.Bundles - 	Entry: C:\Users\Sumit\.p2\pool\plugins\org.eclipse.m2e.maven.runtime_3.9.900.20250220-2013\jars\maven-model-builder-3.9.9.jar
2025-09-06 00:19:13,158 [Worker-47: Launching Executing test in C__Users_Sumit_Desktop_New folder_Janatri] INFO  o.eclipse.m2e.core.internal.Bundles - 	Entry: C:\Users\Sumit\.p2\pool\plugins\org.eclipse.m2e.maven.runtime_3.9.900.20250220-2013\jars\maven-plugin-api-3.9.9.jar
2025-09-06 00:19:13,159 [Worker-47: Launching Executing test in C__Users_Sumit_Desktop_New folder_Janatri] INFO  o.eclipse.m2e.core.internal.Bundles - 	Entry: C:\Users\Sumit\.p2\pool\plugins\org.eclipse.m2e.maven.runtime_3.9.900.20250220-2013\jars\maven-repository-metadata-3.9.9.jar
2025-09-06 00:19:13,159 [Worker-47: Launching Executing test in C__Users_Sumit_Desktop_New folder_Janatri] INFO  o.eclipse.m2e.core.internal.Bundles - 	Entry: C:\Users\Sumit\.p2\pool\plugins\org.eclipse.m2e.maven.runtime_3.9.900.20250220-2013\jars\maven-resolver-api-1.9.22.jar
2025-09-06 00:19:13,160 [Worker-47: Launching Executing test in C__Users_Sumit_Desktop_New folder_Janatri] INFO  o.eclipse.m2e.core.internal.Bundles - 	Entry: C:\Users\Sumit\.p2\pool\plugins\org.eclipse.m2e.maven.runtime_3.9.900.20250220-2013\jars\maven-resolver-connector-basic-1.9.22.jar
2025-09-06 00:19:13,160 [Worker-47: Launching Executing test in C__Users_Sumit_Desktop_New folder_Janatri] INFO  o.eclipse.m2e.core.internal.Bundles - 	Entry: C:\Users\Sumit\.p2\pool\plugins\org.eclipse.m2e.maven.runtime_3.9.900.20250220-2013\jars\maven-resolver-impl-1.9.22.jar
2025-09-06 00:19:13,160 [Worker-47: Launching Executing test in C__Users_Sumit_Desktop_New folder_Janatri] INFO  o.eclipse.m2e.core.internal.Bundles - 	Entry: C:\Users\Sumit\.p2\pool\plugins\org.eclipse.m2e.maven.runtime_3.9.900.20250220-2013\jars\maven-resolver-named-locks-1.9.22.jar
2025-09-06 00:19:13,160 [Worker-47: Launching Executing test in C__Users_Sumit_Desktop_New folder_Janatri] INFO  o.eclipse.m2e.core.internal.Bundles - 	Entry: C:\Users\Sumit\.p2\pool\plugins\org.eclipse.m2e.maven.runtime_3.9.900.20250220-2013\jars\maven-resolver-provider-3.9.9.jar
2025-09-06 00:19:13,161 [Worker-47: Launching Executing test in C__Users_Sumit_Desktop_New folder_Janatri] INFO  o.eclipse.m2e.core.internal.Bundles - 	Entry: C:\Users\Sumit\.p2\pool\plugins\org.eclipse.m2e.maven.runtime_3.9.900.20250220-2013\jars\maven-resolver-spi-1.9.22.jar
2025-09-06 00:19:13,161 [Worker-47: Launching Executing test in C__Users_Sumit_Desktop_New folder_Janatri] INFO  o.eclipse.m2e.core.internal.Bundles - 	Entry: C:\Users\Sumit\.p2\pool\plugins\org.eclipse.m2e.maven.runtime_3.9.900.20250220-2013\jars\maven-resolver-transport-file-1.9.22.jar
2025-09-06 00:19:13,161 [Worker-47: Launching Executing test in C__Users_Sumit_Desktop_New folder_Janatri] INFO  o.eclipse.m2e.core.internal.Bundles - 	Entry: C:\Users\Sumit\.p2\pool\plugins\org.eclipse.m2e.maven.runtime_3.9.900.20250220-2013\jars\maven-resolver-transport-http-1.9.22.jar
2025-09-06 00:19:13,161 [Worker-47: Launching Executing test in C__Users_Sumit_Desktop_New folder_Janatri] INFO  o.eclipse.m2e.core.internal.Bundles - 	Entry: C:\Users\Sumit\.p2\pool\plugins\org.eclipse.m2e.maven.runtime_3.9.900.20250220-2013\jars\maven-resolver-transport-wagon-1.9.22.jar
2025-09-06 00:19:13,161 [Worker-47: Launching Executing test in C__Users_Sumit_Desktop_New folder_Janatri] INFO  o.eclipse.m2e.core.internal.Bundles - 	Entry: C:\Users\Sumit\.p2\pool\plugins\org.eclipse.m2e.maven.runtime_3.9.900.20250220-2013\jars\maven-resolver-util-1.9.22.jar
2025-09-06 00:19:13,162 [Worker-47: Launching Executing test in C__Users_Sumit_Desktop_New folder_Janatri] INFO  o.eclipse.m2e.core.internal.Bundles - 	Entry: C:\Users\Sumit\.p2\pool\plugins\org.eclipse.m2e.maven.runtime_3.9.900.20250220-2013\jars\maven-settings-3.9.9.jar
2025-09-06 00:19:13,162 [Worker-47: Launching Executing test in C__Users_Sumit_Desktop_New folder_Janatri] INFO  o.eclipse.m2e.core.internal.Bundles - 	Entry: C:\Users\Sumit\.p2\pool\plugins\org.eclipse.m2e.maven.runtime_3.9.900.20250220-2013\jars\maven-settings-builder-3.9.9.jar
2025-09-06 00:19:13,163 [Worker-47: Launching Executing test in C__Users_Sumit_Desktop_New folder_Janatri] INFO  o.eclipse.m2e.core.internal.Bundles - 	Entry: C:\Users\Sumit\.p2\pool\plugins\org.eclipse.m2e.maven.runtime_3.9.900.20250220-2013\jars\maven-shared-utils-3.4.2.jar
2025-09-06 00:19:13,164 [Worker-47: Launching Executing test in C__Users_Sumit_Desktop_New folder_Janatri] INFO  o.eclipse.m2e.core.internal.Bundles - 	Entry: C:\Users\Sumit\.p2\pool\plugins\org.eclipse.m2e.maven.runtime_3.9.900.20250220-2013\jars\org.eclipse.sisu.inject-0.9.0.M3.jar
2025-09-06 00:19:13,164 [Worker-47: Launching Executing test in C__Users_Sumit_Desktop_New folder_Janatri] INFO  o.eclipse.m2e.core.internal.Bundles - 	Entry: C:\Users\Sumit\.p2\pool\plugins\org.eclipse.m2e.maven.runtime_3.9.900.20250220-2013\jars\org.eclipse.sisu.plexus-0.9.0.M3.jar
2025-09-06 00:19:13,166 [Worker-47: Launching Executing test in C__Users_Sumit_Desktop_New folder_Janatri] INFO  o.eclipse.m2e.core.internal.Bundles - 	Entry: C:\Users\Sumit\.p2\pool\plugins\org.eclipse.m2e.maven.runtime_3.9.900.20250220-2013\jars\plexus-build-api-0.0.7.jar
2025-09-06 00:19:13,169 [Worker-47: Launching Executing test in C__Users_Sumit_Desktop_New folder_Janatri] INFO  o.eclipse.m2e.core.internal.Bundles - 	Entry: C:\Users\Sumit\.p2\pool\plugins\org.eclipse.m2e.maven.runtime_3.9.900.20250220-2013\jars\plexus-build-api-1.2.0.jar
2025-09-06 00:19:13,171 [Worker-47: Launching Executing test in C__Users_Sumit_Desktop_New folder_Janatri] INFO  o.eclipse.m2e.core.internal.Bundles - 	Entry: C:\Users\Sumit\.p2\pool\plugins\org.eclipse.m2e.maven.runtime_3.9.900.20250220-2013\jars\plexus-cipher-2.0.jar
2025-09-06 00:19:13,172 [Worker-47: Launching Executing test in C__Users_Sumit_Desktop_New folder_Janatri] INFO  o.eclipse.m2e.core.internal.Bundles - 	Entry: C:\Users\Sumit\.p2\pool\plugins\org.eclipse.m2e.maven.runtime_3.9.900.20250220-2013\jars\plexus-classworlds-2.8.0.jar
2025-09-06 00:19:13,172 [Worker-47: Launching Executing test in C__Users_Sumit_Desktop_New folder_Janatri] INFO  o.eclipse.m2e.core.internal.Bundles - 	Entry: C:\Users\Sumit\.p2\pool\plugins\org.eclipse.m2e.maven.runtime_3.9.900.20250220-2013\jars\plexus-component-annotations-2.1.0.jar
2025-09-06 00:19:13,173 [Worker-47: Launching Executing test in C__Users_Sumit_Desktop_New folder_Janatri] INFO  o.eclipse.m2e.core.internal.Bundles - 	Entry: C:\Users\Sumit\.p2\pool\plugins\org.eclipse.m2e.maven.runtime_3.9.900.20250220-2013\jars\plexus-interpolation-1.27.jar
2025-09-06 00:19:13,173 [Worker-47: Launching Executing test in C__Users_Sumit_Desktop_New folder_Janatri] INFO  o.eclipse.m2e.core.internal.Bundles - 	Entry: C:\Users\Sumit\.p2\pool\plugins\org.eclipse.m2e.maven.runtime_3.9.900.20250220-2013\jars\plexus-sec-dispatcher-2.0.jar
2025-09-06 00:19:13,174 [Worker-47: Launching Executing test in C__Users_Sumit_Desktop_New folder_Janatri] INFO  o.eclipse.m2e.core.internal.Bundles - 	Entry: C:\Users\Sumit\.p2\pool\plugins\org.eclipse.m2e.maven.runtime_3.9.900.20250220-2013\jars\plexus-utils-3.5.1.jar
2025-09-06 00:19:13,174 [Worker-47: Launching Executing test in C__Users_Sumit_Desktop_New folder_Janatri] INFO  o.eclipse.m2e.core.internal.Bundles - 	Entry: C:\Users\Sumit\.p2\pool\plugins\org.eclipse.m2e.maven.runtime_3.9.900.20250220-2013\jars\plexus-xml-3.0.1.jar
2025-09-06 00:19:13,174 [Worker-47: Launching Executing test in C__Users_Sumit_Desktop_New folder_Janatri] INFO  o.eclipse.m2e.core.internal.Bundles - 	Entry: C:\Users\Sumit\.p2\pool\plugins\org.eclipse.m2e.maven.runtime_3.9.900.20250220-2013\jars\wagon-file-3.5.3.jar
2025-09-06 00:19:13,175 [Worker-47: Launching Executing test in C__Users_Sumit_Desktop_New folder_Janatri] INFO  o.eclipse.m2e.core.internal.Bundles - 	Entry: C:\Users\Sumit\.p2\pool\plugins\org.eclipse.m2e.maven.runtime_3.9.900.20250220-2013\jars\wagon-http-3.5.3.jar
2025-09-06 00:19:13,176 [Worker-47: Launching Executing test in C__Users_Sumit_Desktop_New folder_Janatri] INFO  o.eclipse.m2e.core.internal.Bundles - 	Entry: C:\Users\Sumit\.p2\pool\plugins\org.eclipse.m2e.maven.runtime_3.9.900.20250220-2013\jars\wagon-http-shared-3.5.3.jar
2025-09-06 00:19:13,176 [Worker-47: Launching Executing test in C__Users_Sumit_Desktop_New folder_Janatri] INFO  o.eclipse.m2e.core.internal.Bundles - 	Entry: C:\Users\Sumit\.p2\pool\plugins\org.eclipse.m2e.maven.runtime_3.9.900.20250220-2013\jars\wagon-provider-api-3.5.3.jar
2025-09-06 00:19:13,189 [Worker-47: Launching Executing test in C__Users_Sumit_Desktop_New folder_Janatri] INFO  o.eclipse.m2e.core.internal.Bundles - getClasspathEntries(Bundle=com.google.guava_33.4.8.jre [18])
2025-09-06 00:19:13,191 [Worker-47: Launching Executing test in C__Users_Sumit_Desktop_New folder_Janatri] INFO  o.eclipse.m2e.core.internal.Bundles - 	Entry: C:\Users\Sumit\.p2\pool\plugins\com.google.guava_33.4.8.jre.jar
2025-09-06 00:19:13,191 [Worker-47: Launching Executing test in C__Users_Sumit_Desktop_New folder_Janatri] INFO  o.eclipse.m2e.core.internal.Bundles - getClasspathEntries(Bundle=slf4j.api_2.0.17 [1004])
2025-09-06 00:19:13,192 [Worker-47: Launching Executing test in C__Users_Sumit_Desktop_New folder_Janatri] INFO  o.eclipse.m2e.core.internal.Bundles - 	Entry: C:\Users\Sumit\.p2\pool\plugins\slf4j.api_2.0.17.jar
2025-09-06 00:19:13,192 [Worker-47: Launching Executing test in C__Users_Sumit_Desktop_New folder_Janatri] INFO  o.eclipse.m2e.core.internal.Bundles - getClasspathEntries(Bundle=jakarta.inject.jakarta.inject-api_1.0.5 [35])
2025-09-06 00:19:13,194 [Worker-47: Launching Executing test in C__Users_Sumit_Desktop_New folder_Janatri] INFO  o.eclipse.m2e.core.internal.Bundles - 	Entry: C:\Users\Sumit\.p2\pool\plugins\jakarta.inject.jakarta.inject-api_1.0.5.jar
2025-09-06 00:19:13,194 [Worker-47: Launching Executing test in C__Users_Sumit_Desktop_New folder_Janatri] INFO  o.eclipse.m2e.core.internal.Bundles - getClasspathEntries(Bundle=javax.annotation_1.3.5.v20200909-1856 [45])
2025-09-06 00:19:13,196 [Worker-47: Launching Executing test in C__Users_Sumit_Desktop_New folder_Janatri] INFO  o.eclipse.m2e.core.internal.Bundles - 	Entry: C:\Users\Sumit\.p2\pool\plugins\javax.annotation_1.3.5.v20200909-1856.jar
2025-09-06 00:19:13,196 [Worker-47: Launching Executing test in C__Users_Sumit_Desktop_New folder_Janatri] INFO  o.eclipse.m2e.core.internal.Bundles - getClasspathEntries(Bundle=org.apache.commons.cli_1.9.0 [76])
2025-09-06 00:19:13,199 [Worker-47: Launching Executing test in C__Users_Sumit_Desktop_New folder_Janatri] INFO  o.eclipse.m2e.core.internal.Bundles - 	Entry: C:\Users\Sumit\.p2\pool\plugins\org.apache.commons.cli_1.9.0.jar
2025-09-06 00:19:13,199 [Worker-47: Launching Executing test in C__Users_Sumit_Desktop_New folder_Janatri] INFO  o.eclipse.m2e.core.internal.Bundles - getClasspathEntries(Bundle=org.apache.commons.commons-codec_1.16.0 [78])
2025-09-06 00:19:13,202 [Worker-47: Launching Executing test in C__Users_Sumit_Desktop_New folder_Janatri] INFO  o.eclipse.m2e.core.internal.Bundles - 	Entry: C:\Users\Sumit\.p2\pool\plugins\org.apache.commons.commons-codec_1.16.0.jar
2025-09-06 00:19:13,202 [Worker-47: Launching Executing test in C__Users_Sumit_Desktop_New folder_Janatri] INFO  o.eclipse.m2e.core.internal.Bundles - getClasspathEntries(Bundle=com.google.guava.failureaccess_1.0.3 [19])
2025-09-06 00:19:13,204 [Worker-47: Launching Executing test in C__Users_Sumit_Desktop_New folder_Janatri] INFO  o.eclipse.m2e.core.internal.Bundles - 	Entry: C:\Users\Sumit\.p2\pool\plugins\com.google.guava.failureaccess_1.0.3.jar
2025-09-06 00:19:13,218 [Worker-47: Launching Executing test in C__Users_Sumit_Desktop_New folder_Janatri] INFO  o.e.m.i.launch.MavenLaunchDelegate - Run build in "C:\Users\Sumit\Desktop\New folder\Janatri":
2025-09-06 00:19:13,220 [Worker-47: Launching Executing test in C__Users_Sumit_Desktop_New folder_Janatri] INFO  o.e.m.i.launch.MavenLaunchDelegate -  mvn  -B -Dstyle.color=always test
2025-09-06 00:24:38,828 [Worker-55: Building] WARN  o.a.m.s.f.DefaultMavenResourcesFiltering - Using platform encoding (UTF-8 actually) to copy filtered resources, i.e. build is platform dependent!
2025-09-06 00:24:38,862 [Worker-55: Building] INFO  o.a.m.s.f.DefaultMavenResourcesFiltering - Copying 0 resource from src\main\resources to target\classes
2025-09-06 00:24:38,868 [Worker-55: Building] WARN  o.a.m.s.f.DefaultMavenResourcesFiltering - Using platform encoding (UTF-8 actually) to copy filtered resources, i.e. build is platform dependent!
2025-09-06 00:24:38,870 [Worker-55: Building] INFO  o.a.m.s.f.DefaultMavenResourcesFiltering - Copying 0 resource from src\test\resources to target\test-classes
2025-09-06 00:24:50,794 [Worker-50: Building] WARN  o.a.m.s.f.DefaultMavenResourcesFiltering - Using platform encoding (UTF-8 actually) to copy filtered resources, i.e. build is platform dependent!
2025-09-06 00:24:50,795 [Worker-50: Building] INFO  o.a.m.s.f.DefaultMavenResourcesFiltering - Copying 0 resource from src\main\resources to target\classes
2025-09-06 00:24:50,798 [Worker-50: Building] WARN  o.a.m.s.f.DefaultMavenResourcesFiltering - Using platform encoding (UTF-8 actually) to copy filtered resources, i.e. build is platform dependent!
2025-09-06 00:24:50,800 [Worker-50: Building] INFO  o.a.m.s.f.DefaultMavenResourcesFiltering - Copying 0 resource from src\test\resources to target\test-classes
2025-09-06 00:26:16,937 [Worker-56: Launching Executing test in C__Users_Sumit_Desktop_New folder_Janatri] INFO  o.eclipse.m2e.core.internal.Bundles - getClasspathEntries(Bundle=org.eclipse.m2e.maven.runtime_3.9.900.20250220-2013 [639])
2025-09-06 00:26:16,940 [Worker-56: Launching Executing test in C__Users_Sumit_Desktop_New folder_Janatri] INFO  o.eclipse.m2e.core.internal.Bundles - 	Entry: C:\Users\Sumit\.p2\pool\plugins\org.eclipse.m2e.maven.runtime_3.9.900.20250220-2013
2025-09-06 00:26:16,940 [Worker-56: Launching Executing test in C__Users_Sumit_Desktop_New folder_Janatri] INFO  o.eclipse.m2e.core.internal.Bundles - 	Entry: C:\Users\Sumit\.p2\pool\plugins\org.eclipse.m2e.maven.runtime_3.9.900.20250220-2013\jars\aopalliance-1.0.jar
2025-09-06 00:26:16,941 [Worker-56: Launching Executing test in C__Users_Sumit_Desktop_New folder_Janatri] INFO  o.eclipse.m2e.core.internal.Bundles - 	Entry: C:\Users\Sumit\.p2\pool\plugins\org.eclipse.m2e.maven.runtime_3.9.900.20250220-2013\jars\guice-5.1.0.jar
2025-09-06 00:26:16,942 [Worker-56: Launching Executing test in C__Users_Sumit_Desktop_New folder_Janatri] INFO  o.eclipse.m2e.core.internal.Bundles - 	Entry: C:\Users\Sumit\.p2\pool\plugins\org.eclipse.m2e.maven.runtime_3.9.900.20250220-2013\jars\httpclient-4.5.14.jar
2025-09-06 00:26:16,942 [Worker-56: Launching Executing test in C__Users_Sumit_Desktop_New folder_Janatri] INFO  o.eclipse.m2e.core.internal.Bundles - 	Entry: C:\Users\Sumit\.p2\pool\plugins\org.eclipse.m2e.maven.runtime_3.9.900.20250220-2013\jars\httpcore-4.4.16.jar
2025-09-06 00:26:16,942 [Worker-56: Launching Executing test in C__Users_Sumit_Desktop_New folder_Janatri] INFO  o.eclipse.m2e.core.internal.Bundles - 	Entry: C:\Users\Sumit\.p2\pool\plugins\org.eclipse.m2e.maven.runtime_3.9.900.20250220-2013\jars\jansi-2.4.1.jar
2025-09-06 00:26:16,943 [Worker-56: Launching Executing test in C__Users_Sumit_Desktop_New folder_Janatri] INFO  o.eclipse.m2e.core.internal.Bundles - 	Entry: C:\Users\Sumit\.p2\pool\plugins\org.eclipse.m2e.maven.runtime_3.9.900.20250220-2013\jars\jcl-over-slf4j-1.7.36.jar
2025-09-06 00:26:16,943 [Worker-56: Launching Executing test in C__Users_Sumit_Desktop_New folder_Janatri] INFO  o.eclipse.m2e.core.internal.Bundles - 	Entry: C:\Users\Sumit\.p2\pool\plugins\org.eclipse.m2e.maven.runtime_3.9.900.20250220-2013\jars\maven-artifact-3.9.9.jar
2025-09-06 00:26:16,943 [Worker-56: Launching Executing test in C__Users_Sumit_Desktop_New folder_Janatri] INFO  o.eclipse.m2e.core.internal.Bundles - 	Entry: C:\Users\Sumit\.p2\pool\plugins\org.eclipse.m2e.maven.runtime_3.9.900.20250220-2013\jars\maven-builder-support-3.9.9.jar
2025-09-06 00:26:16,944 [Worker-56: Launching Executing test in C__Users_Sumit_Desktop_New folder_Janatri] INFO  o.eclipse.m2e.core.internal.Bundles - 	Entry: C:\Users\Sumit\.p2\pool\plugins\org.eclipse.m2e.maven.runtime_3.9.900.20250220-2013\jars\maven-compat-3.9.9.jar
2025-09-06 00:26:16,944 [Worker-56: Launching Executing test in C__Users_Sumit_Desktop_New folder_Janatri] INFO  o.eclipse.m2e.core.internal.Bundles - 	Entry: C:\Users\Sumit\.p2\pool\plugins\org.eclipse.m2e.maven.runtime_3.9.900.20250220-2013\jars\maven-core-3.9.9.jar
2025-09-06 00:26:16,944 [Worker-56: Launching Executing test in C__Users_Sumit_Desktop_New folder_Janatri] INFO  o.eclipse.m2e.core.internal.Bundles - 	Entry: C:\Users\Sumit\.p2\pool\plugins\org.eclipse.m2e.maven.runtime_3.9.900.20250220-2013\jars\maven-embedder-3.9.9.jar
2025-09-06 00:26:16,944 [Worker-56: Launching Executing test in C__Users_Sumit_Desktop_New folder_Janatri] INFO  o.eclipse.m2e.core.internal.Bundles - 	Entry: C:\Users\Sumit\.p2\pool\plugins\org.eclipse.m2e.maven.runtime_3.9.900.20250220-2013\jars\maven-model-3.9.9.jar
2025-09-06 00:26:16,945 [Worker-56: Launching Executing test in C__Users_Sumit_Desktop_New folder_Janatri] INFO  o.eclipse.m2e.core.internal.Bundles - 	Entry: C:\Users\Sumit\.p2\pool\plugins\org.eclipse.m2e.maven.runtime_3.9.900.20250220-2013\jars\maven-model-builder-3.9.9.jar
2025-09-06 00:26:16,945 [Worker-56: Launching Executing test in C__Users_Sumit_Desktop_New folder_Janatri] INFO  o.eclipse.m2e.core.internal.Bundles - 	Entry: C:\Users\Sumit\.p2\pool\plugins\org.eclipse.m2e.maven.runtime_3.9.900.20250220-2013\jars\maven-plugin-api-3.9.9.jar
2025-09-06 00:26:16,947 [Worker-56: Launching Executing test in C__Users_Sumit_Desktop_New folder_Janatri] INFO  o.eclipse.m2e.core.internal.Bundles - 	Entry: C:\Users\Sumit\.p2\pool\plugins\org.eclipse.m2e.maven.runtime_3.9.900.20250220-2013\jars\maven-repository-metadata-3.9.9.jar
2025-09-06 00:26:16,947 [Worker-56: Launching Executing test in C__Users_Sumit_Desktop_New folder_Janatri] INFO  o.eclipse.m2e.core.internal.Bundles - 	Entry: C:\Users\Sumit\.p2\pool\plugins\org.eclipse.m2e.maven.runtime_3.9.900.20250220-2013\jars\maven-resolver-api-1.9.22.jar
2025-09-06 00:26:16,947 [Worker-56: Launching Executing test in C__Users_Sumit_Desktop_New folder_Janatri] INFO  o.eclipse.m2e.core.internal.Bundles - 	Entry: C:\Users\Sumit\.p2\pool\plugins\org.eclipse.m2e.maven.runtime_3.9.900.20250220-2013\jars\maven-resolver-connector-basic-1.9.22.jar
2025-09-06 00:26:16,948 [Worker-56: Launching Executing test in C__Users_Sumit_Desktop_New folder_Janatri] INFO  o.eclipse.m2e.core.internal.Bundles - 	Entry: C:\Users\Sumit\.p2\pool\plugins\org.eclipse.m2e.maven.runtime_3.9.900.20250220-2013\jars\maven-resolver-impl-1.9.22.jar
2025-09-06 00:26:16,948 [Worker-56: Launching Executing test in C__Users_Sumit_Desktop_New folder_Janatri] INFO  o.eclipse.m2e.core.internal.Bundles - 	Entry: C:\Users\Sumit\.p2\pool\plugins\org.eclipse.m2e.maven.runtime_3.9.900.20250220-2013\jars\maven-resolver-named-locks-1.9.22.jar
2025-09-06 00:26:16,949 [Worker-56: Launching Executing test in C__Users_Sumit_Desktop_New folder_Janatri] INFO  o.eclipse.m2e.core.internal.Bundles - 	Entry: C:\Users\Sumit\.p2\pool\plugins\org.eclipse.m2e.maven.runtime_3.9.900.20250220-2013\jars\maven-resolver-provider-3.9.9.jar
2025-09-06 00:26:16,949 [Worker-56: Launching Executing test in C__Users_Sumit_Desktop_New folder_Janatri] INFO  o.eclipse.m2e.core.internal.Bundles - 	Entry: C:\Users\Sumit\.p2\pool\plugins\org.eclipse.m2e.maven.runtime_3.9.900.20250220-2013\jars\maven-resolver-spi-1.9.22.jar
2025-09-06 00:26:16,949 [Worker-56: Launching Executing test in C__Users_Sumit_Desktop_New folder_Janatri] INFO  o.eclipse.m2e.core.internal.Bundles - 	Entry: C:\Users\Sumit\.p2\pool\plugins\org.eclipse.m2e.maven.runtime_3.9.900.20250220-2013\jars\maven-resolver-transport-file-1.9.22.jar
2025-09-06 00:26:16,950 [Worker-56: Launching Executing test in C__Users_Sumit_Desktop_New folder_Janatri] INFO  o.eclipse.m2e.core.internal.Bundles - 	Entry: C:\Users\Sumit\.p2\pool\plugins\org.eclipse.m2e.maven.runtime_3.9.900.20250220-2013\jars\maven-resolver-transport-http-1.9.22.jar
2025-09-06 00:26:16,952 [Worker-56: Launching Executing test in C__Users_Sumit_Desktop_New folder_Janatri] INFO  o.eclipse.m2e.core.internal.Bundles - 	Entry: C:\Users\Sumit\.p2\pool\plugins\org.eclipse.m2e.maven.runtime_3.9.900.20250220-2013\jars\maven-resolver-transport-wagon-1.9.22.jar
2025-09-06 00:26:16,952 [Worker-56: Launching Executing test in C__Users_Sumit_Desktop_New folder_Janatri] INFO  o.eclipse.m2e.core.internal.Bundles - 	Entry: C:\Users\Sumit\.p2\pool\plugins\org.eclipse.m2e.maven.runtime_3.9.900.20250220-2013\jars\maven-resolver-util-1.9.22.jar
2025-09-06 00:26:16,953 [Worker-56: Launching Executing test in C__Users_Sumit_Desktop_New folder_Janatri] INFO  o.eclipse.m2e.core.internal.Bundles - 	Entry: C:\Users\Sumit\.p2\pool\plugins\org.eclipse.m2e.maven.runtime_3.9.900.20250220-2013\jars\maven-settings-3.9.9.jar
2025-09-06 00:26:16,954 [Worker-56: Launching Executing test in C__Users_Sumit_Desktop_New folder_Janatri] INFO  o.eclipse.m2e.core.internal.Bundles - 	Entry: C:\Users\Sumit\.p2\pool\plugins\org.eclipse.m2e.maven.runtime_3.9.900.20250220-2013\jars\maven-settings-builder-3.9.9.jar
2025-09-06 00:26:16,955 [Worker-56: Launching Executing test in C__Users_Sumit_Desktop_New folder_Janatri] INFO  o.eclipse.m2e.core.internal.Bundles - 	Entry: C:\Users\Sumit\.p2\pool\plugins\org.eclipse.m2e.maven.runtime_3.9.900.20250220-2013\jars\maven-shared-utils-3.4.2.jar
2025-09-06 00:26:16,955 [Worker-56: Launching Executing test in C__Users_Sumit_Desktop_New folder_Janatri] INFO  o.eclipse.m2e.core.internal.Bundles - 	Entry: C:\Users\Sumit\.p2\pool\plugins\org.eclipse.m2e.maven.runtime_3.9.900.20250220-2013\jars\org.eclipse.sisu.inject-0.9.0.M3.jar
2025-09-06 00:26:16,956 [Worker-56: Launching Executing test in C__Users_Sumit_Desktop_New folder_Janatri] INFO  o.eclipse.m2e.core.internal.Bundles - 	Entry: C:\Users\Sumit\.p2\pool\plugins\org.eclipse.m2e.maven.runtime_3.9.900.20250220-2013\jars\org.eclipse.sisu.plexus-0.9.0.M3.jar
2025-09-06 00:26:16,957 [Worker-56: Launching Executing test in C__Users_Sumit_Desktop_New folder_Janatri] INFO  o.eclipse.m2e.core.internal.Bundles - 	Entry: C:\Users\Sumit\.p2\pool\plugins\org.eclipse.m2e.maven.runtime_3.9.900.20250220-2013\jars\plexus-build-api-0.0.7.jar
2025-09-06 00:26:16,958 [Worker-56: Launching Executing test in C__Users_Sumit_Desktop_New folder_Janatri] INFO  o.eclipse.m2e.core.internal.Bundles - 	Entry: C:\Users\Sumit\.p2\pool\plugins\org.eclipse.m2e.maven.runtime_3.9.900.20250220-2013\jars\plexus-build-api-1.2.0.jar
2025-09-06 00:26:16,958 [Worker-56: Launching Executing test in C__Users_Sumit_Desktop_New folder_Janatri] INFO  o.eclipse.m2e.core.internal.Bundles - 	Entry: C:\Users\Sumit\.p2\pool\plugins\org.eclipse.m2e.maven.runtime_3.9.900.20250220-2013\jars\plexus-cipher-2.0.jar
2025-09-06 00:26:16,959 [Worker-56: Launching Executing test in C__Users_Sumit_Desktop_New folder_Janatri] INFO  o.eclipse.m2e.core.internal.Bundles - 	Entry: C:\Users\Sumit\.p2\pool\plugins\org.eclipse.m2e.maven.runtime_3.9.900.20250220-2013\jars\plexus-classworlds-2.8.0.jar
2025-09-06 00:26:16,959 [Worker-56: Launching Executing test in C__Users_Sumit_Desktop_New folder_Janatri] INFO  o.eclipse.m2e.core.internal.Bundles - 	Entry: C:\Users\Sumit\.p2\pool\plugins\org.eclipse.m2e.maven.runtime_3.9.900.20250220-2013\jars\plexus-component-annotations-2.1.0.jar
2025-09-06 00:26:16,959 [Worker-56: Launching Executing test in C__Users_Sumit_Desktop_New folder_Janatri] INFO  o.eclipse.m2e.core.internal.Bundles - 	Entry: C:\Users\Sumit\.p2\pool\plugins\org.eclipse.m2e.maven.runtime_3.9.900.20250220-2013\jars\plexus-interpolation-1.27.jar
2025-09-06 00:26:16,960 [Worker-56: Launching Executing test in C__Users_Sumit_Desktop_New folder_Janatri] INFO  o.eclipse.m2e.core.internal.Bundles - 	Entry: C:\Users\Sumit\.p2\pool\plugins\org.eclipse.m2e.maven.runtime_3.9.900.20250220-2013\jars\plexus-sec-dispatcher-2.0.jar
2025-09-06 00:26:16,960 [Worker-56: Launching Executing test in C__Users_Sumit_Desktop_New folder_Janatri] INFO  o.eclipse.m2e.core.internal.Bundles - 	Entry: C:\Users\Sumit\.p2\pool\plugins\org.eclipse.m2e.maven.runtime_3.9.900.20250220-2013\jars\plexus-utils-3.5.1.jar
2025-09-06 00:26:16,961 [Worker-56: Launching Executing test in C__Users_Sumit_Desktop_New folder_Janatri] INFO  o.eclipse.m2e.core.internal.Bundles - 	Entry: C:\Users\Sumit\.p2\pool\plugins\org.eclipse.m2e.maven.runtime_3.9.900.20250220-2013\jars\plexus-xml-3.0.1.jar
2025-09-06 00:26:16,961 [Worker-56: Launching Executing test in C__Users_Sumit_Desktop_New folder_Janatri] INFO  o.eclipse.m2e.core.internal.Bundles - 	Entry: C:\Users\Sumit\.p2\pool\plugins\org.eclipse.m2e.maven.runtime_3.9.900.20250220-2013\jars\wagon-file-3.5.3.jar
2025-09-06 00:26:16,961 [Worker-56: Launching Executing test in C__Users_Sumit_Desktop_New folder_Janatri] INFO  o.eclipse.m2e.core.internal.Bundles - 	Entry: C:\Users\Sumit\.p2\pool\plugins\org.eclipse.m2e.maven.runtime_3.9.900.20250220-2013\jars\wagon-http-3.5.3.jar
2025-09-06 00:26:16,962 [Worker-56: Launching Executing test in C__Users_Sumit_Desktop_New folder_Janatri] INFO  o.eclipse.m2e.core.internal.Bundles - 	Entry: C:\Users\Sumit\.p2\pool\plugins\org.eclipse.m2e.maven.runtime_3.9.900.20250220-2013\jars\wagon-http-shared-3.5.3.jar
2025-09-06 00:26:16,962 [Worker-56: Launching Executing test in C__Users_Sumit_Desktop_New folder_Janatri] INFO  o.eclipse.m2e.core.internal.Bundles - 	Entry: C:\Users\Sumit\.p2\pool\plugins\org.eclipse.m2e.maven.runtime_3.9.900.20250220-2013\jars\wagon-provider-api-3.5.3.jar
2025-09-06 00:26:16,966 [Worker-56: Launching Executing test in C__Users_Sumit_Desktop_New folder_Janatri] INFO  o.eclipse.m2e.core.internal.Bundles - getClasspathEntries(Bundle=com.google.guava_33.4.8.jre [18])
2025-09-06 00:26:16,969 [Worker-56: Launching Executing test in C__Users_Sumit_Desktop_New folder_Janatri] INFO  o.eclipse.m2e.core.internal.Bundles - 	Entry: C:\Users\Sumit\.p2\pool\plugins\com.google.guava_33.4.8.jre.jar
2025-09-06 00:26:16,969 [Worker-56: Launching Executing test in C__Users_Sumit_Desktop_New folder_Janatri] INFO  o.eclipse.m2e.core.internal.Bundles - getClasspathEntries(Bundle=slf4j.api_2.0.17 [1004])
2025-09-06 00:26:16,970 [Worker-56: Launching Executing test in C__Users_Sumit_Desktop_New folder_Janatri] INFO  o.eclipse.m2e.core.internal.Bundles - 	Entry: C:\Users\Sumit\.p2\pool\plugins\slf4j.api_2.0.17.jar
2025-09-06 00:26:16,970 [Worker-56: Launching Executing test in C__Users_Sumit_Desktop_New folder_Janatri] INFO  o.eclipse.m2e.core.internal.Bundles - getClasspathEntries(Bundle=jakarta.inject.jakarta.inject-api_1.0.5 [35])
2025-09-06 00:26:16,972 [Worker-56: Launching Executing test in C__Users_Sumit_Desktop_New folder_Janatri] INFO  o.eclipse.m2e.core.internal.Bundles - 	Entry: C:\Users\Sumit\.p2\pool\plugins\jakarta.inject.jakarta.inject-api_1.0.5.jar
2025-09-06 00:26:16,972 [Worker-56: Launching Executing test in C__Users_Sumit_Desktop_New folder_Janatri] INFO  o.eclipse.m2e.core.internal.Bundles - getClasspathEntries(Bundle=javax.annotation_1.3.5.v20200909-1856 [45])
2025-09-06 00:26:16,974 [Worker-56: Launching Executing test in C__Users_Sumit_Desktop_New folder_Janatri] INFO  o.eclipse.m2e.core.internal.Bundles - 	Entry: C:\Users\Sumit\.p2\pool\plugins\javax.annotation_1.3.5.v20200909-1856.jar
2025-09-06 00:26:16,974 [Worker-56: Launching Executing test in C__Users_Sumit_Desktop_New folder_Janatri] INFO  o.eclipse.m2e.core.internal.Bundles - getClasspathEntries(Bundle=org.apache.commons.cli_1.9.0 [76])
2025-09-06 00:26:16,975 [Worker-56: Launching Executing test in C__Users_Sumit_Desktop_New folder_Janatri] INFO  o.eclipse.m2e.core.internal.Bundles - 	Entry: C:\Users\Sumit\.p2\pool\plugins\org.apache.commons.cli_1.9.0.jar
2025-09-06 00:26:16,975 [Worker-56: Launching Executing test in C__Users_Sumit_Desktop_New folder_Janatri] INFO  o.eclipse.m2e.core.internal.Bundles - getClasspathEntries(Bundle=org.apache.commons.commons-codec_1.16.0 [78])
2025-09-06 00:26:16,977 [Worker-56: Launching Executing test in C__Users_Sumit_Desktop_New folder_Janatri] INFO  o.eclipse.m2e.core.internal.Bundles - 	Entry: C:\Users\Sumit\.p2\pool\plugins\org.apache.commons.commons-codec_1.16.0.jar
2025-09-06 00:26:16,977 [Worker-56: Launching Executing test in C__Users_Sumit_Desktop_New folder_Janatri] INFO  o.eclipse.m2e.core.internal.Bundles - getClasspathEntries(Bundle=com.google.guava.failureaccess_1.0.3 [19])
2025-09-06 00:26:16,978 [Worker-56: Launching Executing test in C__Users_Sumit_Desktop_New folder_Janatri] INFO  o.eclipse.m2e.core.internal.Bundles - 	Entry: C:\Users\Sumit\.p2\pool\plugins\com.google.guava.failureaccess_1.0.3.jar
2025-09-06 00:26:16,984 [Worker-56: Launching Executing test in C__Users_Sumit_Desktop_New folder_Janatri] INFO  o.e.m.i.launch.MavenLaunchDelegate - Run build in "C:\Users\Sumit\Desktop\New folder\Janatri":
2025-09-06 00:26:16,985 [Worker-56: Launching Executing test in C__Users_Sumit_Desktop_New folder_Janatri] INFO  o.e.m.i.launch.MavenLaunchDelegate -  mvn  -B -Dstyle.color=always test
2025-09-06 00:27:38,907 [Worker-53: Building] WARN  o.a.m.s.f.DefaultMavenResourcesFiltering - Using platform encoding (UTF-8 actually) to copy filtered resources, i.e. build is platform dependent!
2025-09-06 00:27:39,010 [Worker-53: Building] INFO  o.a.m.s.f.DefaultMavenResourcesFiltering - Copying 0 resource from src\main\resources to target\classes
2025-09-06 00:27:39,039 [Worker-53: Building] WARN  o.a.m.s.f.DefaultMavenResourcesFiltering - Using platform encoding (UTF-8 actually) to copy filtered resources, i.e. build is platform dependent!
2025-09-06 00:27:39,042 [Worker-53: Building] INFO  o.a.m.s.f.DefaultMavenResourcesFiltering - Copying 0 resource from src\test\resources to target\test-classes
2025-09-06 00:30:02,091 [Worker-59: Building] WARN  o.a.m.s.f.DefaultMavenResourcesFiltering - Using platform encoding (UTF-8 actually) to copy filtered resources, i.e. build is platform dependent!
2025-09-06 00:30:02,165 [Worker-59: Building] INFO  o.a.m.s.f.DefaultMavenResourcesFiltering - Copying 0 resource from src\main\resources to target\classes
2025-09-06 00:30:02,178 [Worker-59: Building] WARN  o.a.m.s.f.DefaultMavenResourcesFiltering - Using platform encoding (UTF-8 actually) to copy filtered resources, i.e. build is platform dependent!
2025-09-06 00:30:02,182 [Worker-59: Building] INFO  o.a.m.s.f.DefaultMavenResourcesFiltering - Copying 0 resource from src\test\resources to target\test-classes
2025-09-06 00:30:32,015 [Worker-61: Building] WARN  o.a.m.s.f.DefaultMavenResourcesFiltering - Using platform encoding (UTF-8 actually) to copy filtered resources, i.e. build is platform dependent!
2025-09-06 00:30:32,060 [Worker-61: Building] INFO  o.a.m.s.f.DefaultMavenResourcesFiltering - Copying 0 resource from src\main\resources to target\classes
2025-09-06 00:30:32,067 [Worker-61: Building] WARN  o.a.m.s.f.DefaultMavenResourcesFiltering - Using platform encoding (UTF-8 actually) to copy filtered resources, i.e. build is platform dependent!
2025-09-06 00:30:32,071 [Worker-61: Building] INFO  o.a.m.s.f.DefaultMavenResourcesFiltering - Copying 0 resource from src\test\resources to target\test-classes
2025-09-06 00:30:50,960 [Worker-61: Building] WARN  o.a.m.s.f.DefaultMavenResourcesFiltering - Using platform encoding (UTF-8 actually) to copy filtered resources, i.e. build is platform dependent!
2025-09-06 00:30:50,967 [Worker-61: Building] INFO  o.a.m.s.f.DefaultMavenResourcesFiltering - Copying 0 resource from src\main\resources to target\classes
2025-09-06 00:30:50,976 [Worker-61: Building] WARN  o.a.m.s.f.DefaultMavenResourcesFiltering - Using platform encoding (UTF-8 actually) to copy filtered resources, i.e. build is platform dependent!
2025-09-06 00:30:50,979 [Worker-61: Building] INFO  o.a.m.s.f.DefaultMavenResourcesFiltering - Copying 0 resource from src\test\resources to target\test-classes
2025-09-06 00:30:56,309 [Worker-65: Launching Executing test in C__Users_Sumit_Desktop_New folder_Janatri] INFO  o.eclipse.m2e.core.internal.Bundles - getClasspathEntries(Bundle=org.eclipse.m2e.maven.runtime_3.9.900.20250220-2013 [639])
2025-09-06 00:30:56,314 [Worker-65: Launching Executing test in C__Users_Sumit_Desktop_New folder_Janatri] INFO  o.eclipse.m2e.core.internal.Bundles - 	Entry: C:\Users\Sumit\.p2\pool\plugins\org.eclipse.m2e.maven.runtime_3.9.900.20250220-2013
2025-09-06 00:30:56,314 [Worker-65: Launching Executing test in C__Users_Sumit_Desktop_New folder_Janatri] INFO  o.eclipse.m2e.core.internal.Bundles - 	Entry: C:\Users\Sumit\.p2\pool\plugins\org.eclipse.m2e.maven.runtime_3.9.900.20250220-2013\jars\aopalliance-1.0.jar
2025-09-06 00:30:56,315 [Worker-65: Launching Executing test in C__Users_Sumit_Desktop_New folder_Janatri] INFO  o.eclipse.m2e.core.internal.Bundles - 	Entry: C:\Users\Sumit\.p2\pool\plugins\org.eclipse.m2e.maven.runtime_3.9.900.20250220-2013\jars\guice-5.1.0.jar
2025-09-06 00:30:56,316 [Worker-65: Launching Executing test in C__Users_Sumit_Desktop_New folder_Janatri] INFO  o.eclipse.m2e.core.internal.Bundles - 	Entry: C:\Users\Sumit\.p2\pool\plugins\org.eclipse.m2e.maven.runtime_3.9.900.20250220-2013\jars\httpclient-4.5.14.jar
2025-09-06 00:30:56,316 [Worker-65: Launching Executing test in C__Users_Sumit_Desktop_New folder_Janatri] INFO  o.eclipse.m2e.core.internal.Bundles - 	Entry: C:\Users\Sumit\.p2\pool\plugins\org.eclipse.m2e.maven.runtime_3.9.900.20250220-2013\jars\httpcore-4.4.16.jar
2025-09-06 00:30:56,317 [Worker-65: Launching Executing test in C__Users_Sumit_Desktop_New folder_Janatri] INFO  o.eclipse.m2e.core.internal.Bundles - 	Entry: C:\Users\Sumit\.p2\pool\plugins\org.eclipse.m2e.maven.runtime_3.9.900.20250220-2013\jars\jansi-2.4.1.jar
2025-09-06 00:30:56,319 [Worker-65: Launching Executing test in C__Users_Sumit_Desktop_New folder_Janatri] INFO  o.eclipse.m2e.core.internal.Bundles - 	Entry: C:\Users\Sumit\.p2\pool\plugins\org.eclipse.m2e.maven.runtime_3.9.900.20250220-2013\jars\jcl-over-slf4j-1.7.36.jar
2025-09-06 00:30:56,320 [Worker-65: Launching Executing test in C__Users_Sumit_Desktop_New folder_Janatri] INFO  o.eclipse.m2e.core.internal.Bundles - 	Entry: C:\Users\Sumit\.p2\pool\plugins\org.eclipse.m2e.maven.runtime_3.9.900.20250220-2013\jars\maven-artifact-3.9.9.jar
2025-09-06 00:30:56,322 [Worker-65: Launching Executing test in C__Users_Sumit_Desktop_New folder_Janatri] INFO  o.eclipse.m2e.core.internal.Bundles - 	Entry: C:\Users\Sumit\.p2\pool\plugins\org.eclipse.m2e.maven.runtime_3.9.900.20250220-2013\jars\maven-builder-support-3.9.9.jar
2025-09-06 00:30:56,323 [Worker-65: Launching Executing test in C__Users_Sumit_Desktop_New folder_Janatri] INFO  o.eclipse.m2e.core.internal.Bundles - 	Entry: C:\Users\Sumit\.p2\pool\plugins\org.eclipse.m2e.maven.runtime_3.9.900.20250220-2013\jars\maven-compat-3.9.9.jar
2025-09-06 00:30:56,324 [Worker-65: Launching Executing test in C__Users_Sumit_Desktop_New folder_Janatri] INFO  o.eclipse.m2e.core.internal.Bundles - 	Entry: C:\Users\Sumit\.p2\pool\plugins\org.eclipse.m2e.maven.runtime_3.9.900.20250220-2013\jars\maven-core-3.9.9.jar
2025-09-06 00:30:56,324 [Worker-65: Launching Executing test in C__Users_Sumit_Desktop_New folder_Janatri] INFO  o.eclipse.m2e.core.internal.Bundles - 	Entry: C:\Users\Sumit\.p2\pool\plugins\org.eclipse.m2e.maven.runtime_3.9.900.20250220-2013\jars\maven-embedder-3.9.9.jar
2025-09-06 00:30:56,325 [Worker-65: Launching Executing test in C__Users_Sumit_Desktop_New folder_Janatri] INFO  o.eclipse.m2e.core.internal.Bundles - 	Entry: C:\Users\Sumit\.p2\pool\plugins\org.eclipse.m2e.maven.runtime_3.9.900.20250220-2013\jars\maven-model-3.9.9.jar
2025-09-06 00:30:56,326 [Worker-65: Launching Executing test in C__Users_Sumit_Desktop_New folder_Janatri] INFO  o.eclipse.m2e.core.internal.Bundles - 	Entry: C:\Users\Sumit\.p2\pool\plugins\org.eclipse.m2e.maven.runtime_3.9.900.20250220-2013\jars\maven-model-builder-3.9.9.jar
2025-09-06 00:30:56,326 [Worker-65: Launching Executing test in C__Users_Sumit_Desktop_New folder_Janatri] INFO  o.eclipse.m2e.core.internal.Bundles - 	Entry: C:\Users\Sumit\.p2\pool\plugins\org.eclipse.m2e.maven.runtime_3.9.900.20250220-2013\jars\maven-plugin-api-3.9.9.jar
2025-09-06 00:30:56,327 [Worker-65: Launching Executing test in C__Users_Sumit_Desktop_New folder_Janatri] INFO  o.eclipse.m2e.core.internal.Bundles - 	Entry: C:\Users\Sumit\.p2\pool\plugins\org.eclipse.m2e.maven.runtime_3.9.900.20250220-2013\jars\maven-repository-metadata-3.9.9.jar
2025-09-06 00:30:56,328 [Worker-65: Launching Executing test in C__Users_Sumit_Desktop_New folder_Janatri] INFO  o.eclipse.m2e.core.internal.Bundles - 	Entry: C:\Users\Sumit\.p2\pool\plugins\org.eclipse.m2e.maven.runtime_3.9.900.20250220-2013\jars\maven-resolver-api-1.9.22.jar
2025-09-06 00:30:56,329 [Worker-65: Launching Executing test in C__Users_Sumit_Desktop_New folder_Janatri] INFO  o.eclipse.m2e.core.internal.Bundles - 	Entry: C:\Users\Sumit\.p2\pool\plugins\org.eclipse.m2e.maven.runtime_3.9.900.20250220-2013\jars\maven-resolver-connector-basic-1.9.22.jar
2025-09-06 00:30:56,329 [Worker-65: Launching Executing test in C__Users_Sumit_Desktop_New folder_Janatri] INFO  o.eclipse.m2e.core.internal.Bundles - 	Entry: C:\Users\Sumit\.p2\pool\plugins\org.eclipse.m2e.maven.runtime_3.9.900.20250220-2013\jars\maven-resolver-impl-1.9.22.jar
2025-09-06 00:30:56,330 [Worker-65: Launching Executing test in C__Users_Sumit_Desktop_New folder_Janatri] INFO  o.eclipse.m2e.core.internal.Bundles - 	Entry: C:\Users\Sumit\.p2\pool\plugins\org.eclipse.m2e.maven.runtime_3.9.900.20250220-2013\jars\maven-resolver-named-locks-1.9.22.jar
2025-09-06 00:30:56,330 [Worker-65: Launching Executing test in C__Users_Sumit_Desktop_New folder_Janatri] INFO  o.eclipse.m2e.core.internal.Bundles - 	Entry: C:\Users\Sumit\.p2\pool\plugins\org.eclipse.m2e.maven.runtime_3.9.900.20250220-2013\jars\maven-resolver-provider-3.9.9.jar
2025-09-06 00:30:56,331 [Worker-65: Launching Executing test in C__Users_Sumit_Desktop_New folder_Janatri] INFO  o.eclipse.m2e.core.internal.Bundles - 	Entry: C:\Users\Sumit\.p2\pool\plugins\org.eclipse.m2e.maven.runtime_3.9.900.20250220-2013\jars\maven-resolver-spi-1.9.22.jar
2025-09-06 00:30:56,331 [Worker-65: Launching Executing test in C__Users_Sumit_Desktop_New folder_Janatri] INFO  o.eclipse.m2e.core.internal.Bundles - 	Entry: C:\Users\Sumit\.p2\pool\plugins\org.eclipse.m2e.maven.runtime_3.9.900.20250220-2013\jars\maven-resolver-transport-file-1.9.22.jar
2025-09-06 00:30:56,333 [Worker-65: Launching Executing test in C__Users_Sumit_Desktop_New folder_Janatri] INFO  o.eclipse.m2e.core.internal.Bundles - 	Entry: C:\Users\Sumit\.p2\pool\plugins\org.eclipse.m2e.maven.runtime_3.9.900.20250220-2013\jars\maven-resolver-transport-http-1.9.22.jar
2025-09-06 00:30:56,333 [Worker-65: Launching Executing test in C__Users_Sumit_Desktop_New folder_Janatri] INFO  o.eclipse.m2e.core.internal.Bundles - 	Entry: C:\Users\Sumit\.p2\pool\plugins\org.eclipse.m2e.maven.runtime_3.9.900.20250220-2013\jars\maven-resolver-transport-wagon-1.9.22.jar
2025-09-06 00:30:56,334 [Worker-65: Launching Executing test in C__Users_Sumit_Desktop_New folder_Janatri] INFO  o.eclipse.m2e.core.internal.Bundles - 	Entry: C:\Users\Sumit\.p2\pool\plugins\org.eclipse.m2e.maven.runtime_3.9.900.20250220-2013\jars\maven-resolver-util-1.9.22.jar
2025-09-06 00:30:56,335 [Worker-65: Launching Executing test in C__Users_Sumit_Desktop_New folder_Janatri] INFO  o.eclipse.m2e.core.internal.Bundles - 	Entry: C:\Users\Sumit\.p2\pool\plugins\org.eclipse.m2e.maven.runtime_3.9.900.20250220-2013\jars\maven-settings-3.9.9.jar
2025-09-06 00:30:56,336 [Worker-65: Launching Executing test in C__Users_Sumit_Desktop_New folder_Janatri] INFO  o.eclipse.m2e.core.internal.Bundles - 	Entry: C:\Users\Sumit\.p2\pool\plugins\org.eclipse.m2e.maven.runtime_3.9.900.20250220-2013\jars\maven-settings-builder-3.9.9.jar
2025-09-06 00:30:56,338 [Worker-65: Launching Executing test in C__Users_Sumit_Desktop_New folder_Janatri] INFO  o.eclipse.m2e.core.internal.Bundles - 	Entry: C:\Users\Sumit\.p2\pool\plugins\org.eclipse.m2e.maven.runtime_3.9.900.20250220-2013\jars\maven-shared-utils-3.4.2.jar
2025-09-06 00:30:56,339 [Worker-65: Launching Executing test in C__Users_Sumit_Desktop_New folder_Janatri] INFO  o.eclipse.m2e.core.internal.Bundles - 	Entry: C:\Users\Sumit\.p2\pool\plugins\org.eclipse.m2e.maven.runtime_3.9.900.20250220-2013\jars\org.eclipse.sisu.inject-0.9.0.M3.jar
2025-09-06 00:30:56,341 [Worker-65: Launching Executing test in C__Users_Sumit_Desktop_New folder_Janatri] INFO  o.eclipse.m2e.core.internal.Bundles - 	Entry: C:\Users\Sumit\.p2\pool\plugins\org.eclipse.m2e.maven.runtime_3.9.900.20250220-2013\jars\org.eclipse.sisu.plexus-0.9.0.M3.jar
2025-09-06 00:30:56,342 [Worker-65: Launching Executing test in C__Users_Sumit_Desktop_New folder_Janatri] INFO  o.eclipse.m2e.core.internal.Bundles - 	Entry: C:\Users\Sumit\.p2\pool\plugins\org.eclipse.m2e.maven.runtime_3.9.900.20250220-2013\jars\plexus-build-api-0.0.7.jar
2025-09-06 00:30:56,343 [Worker-65: Launching Executing test in C__Users_Sumit_Desktop_New folder_Janatri] INFO  o.eclipse.m2e.core.internal.Bundles - 	Entry: C:\Users\Sumit\.p2\pool\plugins\org.eclipse.m2e.maven.runtime_3.9.900.20250220-2013\jars\plexus-build-api-1.2.0.jar
2025-09-06 00:30:56,344 [Worker-65: Launching Executing test in C__Users_Sumit_Desktop_New folder_Janatri] INFO  o.eclipse.m2e.core.internal.Bundles - 	Entry: C:\Users\Sumit\.p2\pool\plugins\org.eclipse.m2e.maven.runtime_3.9.900.20250220-2013\jars\plexus-cipher-2.0.jar
2025-09-06 00:30:56,345 [Worker-65: Launching Executing test in C__Users_Sumit_Desktop_New folder_Janatri] INFO  o.eclipse.m2e.core.internal.Bundles - 	Entry: C:\Users\Sumit\.p2\pool\plugins\org.eclipse.m2e.maven.runtime_3.9.900.20250220-2013\jars\plexus-classworlds-2.8.0.jar
2025-09-06 00:30:56,346 [Worker-65: Launching Executing test in C__Users_Sumit_Desktop_New folder_Janatri] INFO  o.eclipse.m2e.core.internal.Bundles - 	Entry: C:\Users\Sumit\.p2\pool\plugins\org.eclipse.m2e.maven.runtime_3.9.900.20250220-2013\jars\plexus-component-annotations-2.1.0.jar
2025-09-06 00:30:56,346 [Worker-65: Launching Executing test in C__Users_Sumit_Desktop_New folder_Janatri] INFO  o.eclipse.m2e.core.internal.Bundles - 	Entry: C:\Users\Sumit\.p2\pool\plugins\org.eclipse.m2e.maven.runtime_3.9.900.20250220-2013\jars\plexus-interpolation-1.27.jar
2025-09-06 00:30:56,347 [Worker-65: Launching Executing test in C__Users_Sumit_Desktop_New folder_Janatri] INFO  o.eclipse.m2e.core.internal.Bundles - 	Entry: C:\Users\Sumit\.p2\pool\plugins\org.eclipse.m2e.maven.runtime_3.9.900.20250220-2013\jars\plexus-sec-dispatcher-2.0.jar
2025-09-06 00:30:56,347 [Worker-65: Launching Executing test in C__Users_Sumit_Desktop_New folder_Janatri] INFO  o.eclipse.m2e.core.internal.Bundles - 	Entry: C:\Users\Sumit\.p2\pool\plugins\org.eclipse.m2e.maven.runtime_3.9.900.20250220-2013\jars\plexus-utils-3.5.1.jar
2025-09-06 00:30:56,348 [Worker-65: Launching Executing test in C__Users_Sumit_Desktop_New folder_Janatri] INFO  o.eclipse.m2e.core.internal.Bundles - 	Entry: C:\Users\Sumit\.p2\pool\plugins\org.eclipse.m2e.maven.runtime_3.9.900.20250220-2013\jars\plexus-xml-3.0.1.jar
2025-09-06 00:30:56,348 [Worker-65: Launching Executing test in C__Users_Sumit_Desktop_New folder_Janatri] INFO  o.eclipse.m2e.core.internal.Bundles - 	Entry: C:\Users\Sumit\.p2\pool\plugins\org.eclipse.m2e.maven.runtime_3.9.900.20250220-2013\jars\wagon-file-3.5.3.jar
2025-09-06 00:30:56,348 [Worker-65: Launching Executing test in C__Users_Sumit_Desktop_New folder_Janatri] INFO  o.eclipse.m2e.core.internal.Bundles - 	Entry: C:\Users\Sumit\.p2\pool\plugins\org.eclipse.m2e.maven.runtime_3.9.900.20250220-2013\jars\wagon-http-3.5.3.jar
2025-09-06 00:30:56,349 [Worker-65: Launching Executing test in C__Users_Sumit_Desktop_New folder_Janatri] INFO  o.eclipse.m2e.core.internal.Bundles - 	Entry: C:\Users\Sumit\.p2\pool\plugins\org.eclipse.m2e.maven.runtime_3.9.900.20250220-2013\jars\wagon-http-shared-3.5.3.jar
2025-09-06 00:30:56,350 [Worker-65: Launching Executing test in C__Users_Sumit_Desktop_New folder_Janatri] INFO  o.eclipse.m2e.core.internal.Bundles - 	Entry: C:\Users\Sumit\.p2\pool\plugins\org.eclipse.m2e.maven.runtime_3.9.900.20250220-2013\jars\wagon-provider-api-3.5.3.jar
2025-09-06 00:30:56,353 [Worker-65: Launching Executing test in C__Users_Sumit_Desktop_New folder_Janatri] INFO  o.eclipse.m2e.core.internal.Bundles - getClasspathEntries(Bundle=com.google.guava_33.4.8.jre [18])
2025-09-06 00:30:56,356 [Worker-65: Launching Executing test in C__Users_Sumit_Desktop_New folder_Janatri] INFO  o.eclipse.m2e.core.internal.Bundles - 	Entry: C:\Users\Sumit\.p2\pool\plugins\com.google.guava_33.4.8.jre.jar
2025-09-06 00:30:56,356 [Worker-65: Launching Executing test in C__Users_Sumit_Desktop_New folder_Janatri] INFO  o.eclipse.m2e.core.internal.Bundles - getClasspathEntries(Bundle=slf4j.api_2.0.17 [1004])
2025-09-06 00:30:56,357 [Worker-65: Launching Executing test in C__Users_Sumit_Desktop_New folder_Janatri] INFO  o.eclipse.m2e.core.internal.Bundles - 	Entry: C:\Users\Sumit\.p2\pool\plugins\slf4j.api_2.0.17.jar
2025-09-06 00:30:56,358 [Worker-65: Launching Executing test in C__Users_Sumit_Desktop_New folder_Janatri] INFO  o.eclipse.m2e.core.internal.Bundles - getClasspathEntries(Bundle=jakarta.inject.jakarta.inject-api_1.0.5 [35])
2025-09-06 00:30:56,359 [Worker-65: Launching Executing test in C__Users_Sumit_Desktop_New folder_Janatri] INFO  o.eclipse.m2e.core.internal.Bundles - 	Entry: C:\Users\Sumit\.p2\pool\plugins\jakarta.inject.jakarta.inject-api_1.0.5.jar
2025-09-06 00:30:56,359 [Worker-65: Launching Executing test in C__Users_Sumit_Desktop_New folder_Janatri] INFO  o.eclipse.m2e.core.internal.Bundles - getClasspathEntries(Bundle=javax.annotation_1.3.5.v20200909-1856 [45])
2025-09-06 00:30:56,360 [Worker-65: Launching Executing test in C__Users_Sumit_Desktop_New folder_Janatri] INFO  o.eclipse.m2e.core.internal.Bundles - 	Entry: C:\Users\Sumit\.p2\pool\plugins\javax.annotation_1.3.5.v20200909-1856.jar
2025-09-06 00:30:56,361 [Worker-65: Launching Executing test in C__Users_Sumit_Desktop_New folder_Janatri] INFO  o.eclipse.m2e.core.internal.Bundles - getClasspathEntries(Bundle=org.apache.commons.cli_1.9.0 [76])
2025-09-06 00:30:56,362 [Worker-65: Launching Executing test in C__Users_Sumit_Desktop_New folder_Janatri] INFO  o.eclipse.m2e.core.internal.Bundles - 	Entry: C:\Users\Sumit\.p2\pool\plugins\org.apache.commons.cli_1.9.0.jar
2025-09-06 00:30:56,362 [Worker-65: Launching Executing test in C__Users_Sumit_Desktop_New folder_Janatri] INFO  o.eclipse.m2e.core.internal.Bundles - getClasspathEntries(Bundle=org.apache.commons.commons-codec_1.16.0 [78])
2025-09-06 00:30:56,363 [Worker-65: Launching Executing test in C__Users_Sumit_Desktop_New folder_Janatri] INFO  o.eclipse.m2e.core.internal.Bundles - 	Entry: C:\Users\Sumit\.p2\pool\plugins\org.apache.commons.commons-codec_1.16.0.jar
2025-09-06 00:30:56,363 [Worker-65: Launching Executing test in C__Users_Sumit_Desktop_New folder_Janatri] INFO  o.eclipse.m2e.core.internal.Bundles - getClasspathEntries(Bundle=com.google.guava.failureaccess_1.0.3 [19])
2025-09-06 00:30:56,364 [Worker-65: Launching Executing test in C__Users_Sumit_Desktop_New folder_Janatri] INFO  o.eclipse.m2e.core.internal.Bundles - 	Entry: C:\Users\Sumit\.p2\pool\plugins\com.google.guava.failureaccess_1.0.3.jar
2025-09-06 00:30:56,373 [Worker-65: Launching Executing test in C__Users_Sumit_Desktop_New folder_Janatri] INFO  o.e.m.i.launch.MavenLaunchDelegate - Run build in "C:\Users\Sumit\Desktop\New folder\Janatri":
2025-09-06 00:30:56,374 [Worker-65: Launching Executing test in C__Users_Sumit_Desktop_New folder_Janatri] INFO  o.e.m.i.launch.MavenLaunchDelegate -  mvn  -B -Dstyle.color=always test
2025-09-06 00:35:05,661 [Worker-67: Building] WARN  o.a.m.s.f.DefaultMavenResourcesFiltering - Using platform encoding (UTF-8 actually) to copy filtered resources, i.e. build is platform dependent!
2025-09-06 00:35:05,779 [Worker-67: Building] INFO  o.a.m.s.f.DefaultMavenResourcesFiltering - Copying 0 resource from src\main\resources to target\classes
2025-09-06 00:35:05,792 [Worker-67: Building] WARN  o.a.m.s.f.DefaultMavenResourcesFiltering - Using platform encoding (UTF-8 actually) to copy filtered resources, i.e. build is platform dependent!
2025-09-06 00:35:05,793 [Worker-67: Building] INFO  o.a.m.s.f.DefaultMavenResourcesFiltering - Copying 0 resource from src\test\resources to target\test-classes
2025-09-06 00:35:14,008 [Worker-64: Launching Executing test in C__Users_Sumit_Desktop_New folder_Janatri] INFO  o.eclipse.m2e.core.internal.Bundles - getClasspathEntries(Bundle=org.eclipse.m2e.maven.runtime_3.9.900.20250220-2013 [639])
2025-09-06 00:35:14,016 [Worker-64: Launching Executing test in C__Users_Sumit_Desktop_New folder_Janatri] INFO  o.eclipse.m2e.core.internal.Bundles - 	Entry: C:\Users\Sumit\.p2\pool\plugins\org.eclipse.m2e.maven.runtime_3.9.900.20250220-2013
2025-09-06 00:35:14,018 [Worker-64: Launching Executing test in C__Users_Sumit_Desktop_New folder_Janatri] INFO  o.eclipse.m2e.core.internal.Bundles - 	Entry: C:\Users\Sumit\.p2\pool\plugins\org.eclipse.m2e.maven.runtime_3.9.900.20250220-2013\jars\aopalliance-1.0.jar
2025-09-06 00:35:14,019 [Worker-64: Launching Executing test in C__Users_Sumit_Desktop_New folder_Janatri] INFO  o.eclipse.m2e.core.internal.Bundles - 	Entry: C:\Users\Sumit\.p2\pool\plugins\org.eclipse.m2e.maven.runtime_3.9.900.20250220-2013\jars\guice-5.1.0.jar
2025-09-06 00:35:14,020 [Worker-64: Launching Executing test in C__Users_Sumit_Desktop_New folder_Janatri] INFO  o.eclipse.m2e.core.internal.Bundles - 	Entry: C:\Users\Sumit\.p2\pool\plugins\org.eclipse.m2e.maven.runtime_3.9.900.20250220-2013\jars\httpclient-4.5.14.jar
2025-09-06 00:35:14,023 [Worker-64: Launching Executing test in C__Users_Sumit_Desktop_New folder_Janatri] INFO  o.eclipse.m2e.core.internal.Bundles - 	Entry: C:\Users\Sumit\.p2\pool\plugins\org.eclipse.m2e.maven.runtime_3.9.900.20250220-2013\jars\httpcore-4.4.16.jar
2025-09-06 00:35:14,024 [Worker-64: Launching Executing test in C__Users_Sumit_Desktop_New folder_Janatri] INFO  o.eclipse.m2e.core.internal.Bundles - 	Entry: C:\Users\Sumit\.p2\pool\plugins\org.eclipse.m2e.maven.runtime_3.9.900.20250220-2013\jars\jansi-2.4.1.jar
2025-09-06 00:35:14,025 [Worker-64: Launching Executing test in C__Users_Sumit_Desktop_New folder_Janatri] INFO  o.eclipse.m2e.core.internal.Bundles - 	Entry: C:\Users\Sumit\.p2\pool\plugins\org.eclipse.m2e.maven.runtime_3.9.900.20250220-2013\jars\jcl-over-slf4j-1.7.36.jar
2025-09-06 00:35:14,026 [Worker-64: Launching Executing test in C__Users_Sumit_Desktop_New folder_Janatri] INFO  o.eclipse.m2e.core.internal.Bundles - 	Entry: C:\Users\Sumit\.p2\pool\plugins\org.eclipse.m2e.maven.runtime_3.9.900.20250220-2013\jars\maven-artifact-3.9.9.jar
2025-09-06 00:35:14,027 [Worker-64: Launching Executing test in C__Users_Sumit_Desktop_New folder_Janatri] INFO  o.eclipse.m2e.core.internal.Bundles - 	Entry: C:\Users\Sumit\.p2\pool\plugins\org.eclipse.m2e.maven.runtime_3.9.900.20250220-2013\jars\maven-builder-support-3.9.9.jar
2025-09-06 00:35:14,027 [Worker-64: Launching Executing test in C__Users_Sumit_Desktop_New folder_Janatri] INFO  o.eclipse.m2e.core.internal.Bundles - 	Entry: C:\Users\Sumit\.p2\pool\plugins\org.eclipse.m2e.maven.runtime_3.9.900.20250220-2013\jars\maven-compat-3.9.9.jar
2025-09-06 00:35:14,028 [Worker-64: Launching Executing test in C__Users_Sumit_Desktop_New folder_Janatri] INFO  o.eclipse.m2e.core.internal.Bundles - 	Entry: C:\Users\Sumit\.p2\pool\plugins\org.eclipse.m2e.maven.runtime_3.9.900.20250220-2013\jars\maven-core-3.9.9.jar
2025-09-06 00:35:14,030 [Worker-64: Launching Executing test in C__Users_Sumit_Desktop_New folder_Janatri] INFO  o.eclipse.m2e.core.internal.Bundles - 	Entry: C:\Users\Sumit\.p2\pool\plugins\org.eclipse.m2e.maven.runtime_3.9.900.20250220-2013\jars\maven-embedder-3.9.9.jar
2025-09-06 00:35:14,031 [Worker-64: Launching Executing test in C__Users_Sumit_Desktop_New folder_Janatri] INFO  o.eclipse.m2e.core.internal.Bundles - 	Entry: C:\Users\Sumit\.p2\pool\plugins\org.eclipse.m2e.maven.runtime_3.9.900.20250220-2013\jars\maven-model-3.9.9.jar
2025-09-06 00:35:14,032 [Worker-64: Launching Executing test in C__Users_Sumit_Desktop_New folder_Janatri] INFO  o.eclipse.m2e.core.internal.Bundles - 	Entry: C:\Users\Sumit\.p2\pool\plugins\org.eclipse.m2e.maven.runtime_3.9.900.20250220-2013\jars\maven-model-builder-3.9.9.jar
2025-09-06 00:35:14,033 [Worker-64: Launching Executing test in C__Users_Sumit_Desktop_New folder_Janatri] INFO  o.eclipse.m2e.core.internal.Bundles - 	Entry: C:\Users\Sumit\.p2\pool\plugins\org.eclipse.m2e.maven.runtime_3.9.900.20250220-2013\jars\maven-plugin-api-3.9.9.jar
2025-09-06 00:35:14,035 [Worker-64: Launching Executing test in C__Users_Sumit_Desktop_New folder_Janatri] INFO  o.eclipse.m2e.core.internal.Bundles - 	Entry: C:\Users\Sumit\.p2\pool\plugins\org.eclipse.m2e.maven.runtime_3.9.900.20250220-2013\jars\maven-repository-metadata-3.9.9.jar
2025-09-06 00:35:14,037 [Worker-64: Launching Executing test in C__Users_Sumit_Desktop_New folder_Janatri] INFO  o.eclipse.m2e.core.internal.Bundles - 	Entry: C:\Users\Sumit\.p2\pool\plugins\org.eclipse.m2e.maven.runtime_3.9.900.20250220-2013\jars\maven-resolver-api-1.9.22.jar
2025-09-06 00:35:14,038 [Worker-64: Launching Executing test in C__Users_Sumit_Desktop_New folder_Janatri] INFO  o.eclipse.m2e.core.internal.Bundles - 	Entry: C:\Users\Sumit\.p2\pool\plugins\org.eclipse.m2e.maven.runtime_3.9.900.20250220-2013\jars\maven-resolver-connector-basic-1.9.22.jar
2025-09-06 00:35:14,040 [Worker-64: Launching Executing test in C__Users_Sumit_Desktop_New folder_Janatri] INFO  o.eclipse.m2e.core.internal.Bundles - 	Entry: C:\Users\Sumit\.p2\pool\plugins\org.eclipse.m2e.maven.runtime_3.9.900.20250220-2013\jars\maven-resolver-impl-1.9.22.jar
2025-09-06 00:35:14,041 [Worker-64: Launching Executing test in C__Users_Sumit_Desktop_New folder_Janatri] INFO  o.eclipse.m2e.core.internal.Bundles - 	Entry: C:\Users\Sumit\.p2\pool\plugins\org.eclipse.m2e.maven.runtime_3.9.900.20250220-2013\jars\maven-resolver-named-locks-1.9.22.jar
2025-09-06 00:35:14,043 [Worker-64: Launching Executing test in C__Users_Sumit_Desktop_New folder_Janatri] INFO  o.eclipse.m2e.core.internal.Bundles - 	Entry: C:\Users\Sumit\.p2\pool\plugins\org.eclipse.m2e.maven.runtime_3.9.900.20250220-2013\jars\maven-resolver-provider-3.9.9.jar
2025-09-06 00:35:14,045 [Worker-64: Launching Executing test in C__Users_Sumit_Desktop_New folder_Janatri] INFO  o.eclipse.m2e.core.internal.Bundles - 	Entry: C:\Users\Sumit\.p2\pool\plugins\org.eclipse.m2e.maven.runtime_3.9.900.20250220-2013\jars\maven-resolver-spi-1.9.22.jar
2025-09-06 00:35:14,047 [Worker-64: Launching Executing test in C__Users_Sumit_Desktop_New folder_Janatri] INFO  o.eclipse.m2e.core.internal.Bundles - 	Entry: C:\Users\Sumit\.p2\pool\plugins\org.eclipse.m2e.maven.runtime_3.9.900.20250220-2013\jars\maven-resolver-transport-file-1.9.22.jar
2025-09-06 00:35:14,048 [Worker-64: Launching Executing test in C__Users_Sumit_Desktop_New folder_Janatri] INFO  o.eclipse.m2e.core.internal.Bundles - 	Entry: C:\Users\Sumit\.p2\pool\plugins\org.eclipse.m2e.maven.runtime_3.9.900.20250220-2013\jars\maven-resolver-transport-http-1.9.22.jar
2025-09-06 00:35:14,049 [Worker-64: Launching Executing test in C__Users_Sumit_Desktop_New folder_Janatri] INFO  o.eclipse.m2e.core.internal.Bundles - 	Entry: C:\Users\Sumit\.p2\pool\plugins\org.eclipse.m2e.maven.runtime_3.9.900.20250220-2013\jars\maven-resolver-transport-wagon-1.9.22.jar
2025-09-06 00:35:14,050 [Worker-64: Launching Executing test in C__Users_Sumit_Desktop_New folder_Janatri] INFO  o.eclipse.m2e.core.internal.Bundles - 	Entry: C:\Users\Sumit\.p2\pool\plugins\org.eclipse.m2e.maven.runtime_3.9.900.20250220-2013\jars\maven-resolver-util-1.9.22.jar
2025-09-06 00:35:14,050 [Worker-64: Launching Executing test in C__Users_Sumit_Desktop_New folder_Janatri] INFO  o.eclipse.m2e.core.internal.Bundles - 	Entry: C:\Users\Sumit\.p2\pool\plugins\org.eclipse.m2e.maven.runtime_3.9.900.20250220-2013\jars\maven-settings-3.9.9.jar
2025-09-06 00:35:14,051 [Worker-64: Launching Executing test in C__Users_Sumit_Desktop_New folder_Janatri] INFO  o.eclipse.m2e.core.internal.Bundles - 	Entry: C:\Users\Sumit\.p2\pool\plugins\org.eclipse.m2e.maven.runtime_3.9.900.20250220-2013\jars\maven-settings-builder-3.9.9.jar
2025-09-06 00:35:14,053 [Worker-64: Launching Executing test in C__Users_Sumit_Desktop_New folder_Janatri] INFO  o.eclipse.m2e.core.internal.Bundles - 	Entry: C:\Users\Sumit\.p2\pool\plugins\org.eclipse.m2e.maven.runtime_3.9.900.20250220-2013\jars\maven-shared-utils-3.4.2.jar
2025-09-06 00:35:14,054 [Worker-64: Launching Executing test in C__Users_Sumit_Desktop_New folder_Janatri] INFO  o.eclipse.m2e.core.internal.Bundles - 	Entry: C:\Users\Sumit\.p2\pool\plugins\org.eclipse.m2e.maven.runtime_3.9.900.20250220-2013\jars\org.eclipse.sisu.inject-0.9.0.M3.jar
2025-09-06 00:35:14,056 [Worker-64: Launching Executing test in C__Users_Sumit_Desktop_New folder_Janatri] INFO  o.eclipse.m2e.core.internal.Bundles - 	Entry: C:\Users\Sumit\.p2\pool\plugins\org.eclipse.m2e.maven.runtime_3.9.900.20250220-2013\jars\org.eclipse.sisu.plexus-0.9.0.M3.jar
2025-09-06 00:35:14,058 [Worker-64: Launching Executing test in C__Users_Sumit_Desktop_New folder_Janatri] INFO  o.eclipse.m2e.core.internal.Bundles - 	Entry: C:\Users\Sumit\.p2\pool\plugins\org.eclipse.m2e.maven.runtime_3.9.900.20250220-2013\jars\plexus-build-api-0.0.7.jar
2025-09-06 00:35:14,059 [Worker-64: Launching Executing test in C__Users_Sumit_Desktop_New folder_Janatri] INFO  o.eclipse.m2e.core.internal.Bundles - 	Entry: C:\Users\Sumit\.p2\pool\plugins\org.eclipse.m2e.maven.runtime_3.9.900.20250220-2013\jars\plexus-build-api-1.2.0.jar
2025-09-06 00:35:14,060 [Worker-64: Launching Executing test in C__Users_Sumit_Desktop_New folder_Janatri] INFO  o.eclipse.m2e.core.internal.Bundles - 	Entry: C:\Users\Sumit\.p2\pool\plugins\org.eclipse.m2e.maven.runtime_3.9.900.20250220-2013\jars\plexus-cipher-2.0.jar
2025-09-06 00:35:14,061 [Worker-64: Launching Executing test in C__Users_Sumit_Desktop_New folder_Janatri] INFO  o.eclipse.m2e.core.internal.Bundles - 	Entry: C:\Users\Sumit\.p2\pool\plugins\org.eclipse.m2e.maven.runtime_3.9.900.20250220-2013\jars\plexus-classworlds-2.8.0.jar
2025-09-06 00:35:14,062 [Worker-64: Launching Executing test in C__Users_Sumit_Desktop_New folder_Janatri] INFO  o.eclipse.m2e.core.internal.Bundles - 	Entry: C:\Users\Sumit\.p2\pool\plugins\org.eclipse.m2e.maven.runtime_3.9.900.20250220-2013\jars\plexus-component-annotations-2.1.0.jar
2025-09-06 00:35:14,063 [Worker-64: Launching Executing test in C__Users_Sumit_Desktop_New folder_Janatri] INFO  o.eclipse.m2e.core.internal.Bundles - 	Entry: C:\Users\Sumit\.p2\pool\plugins\org.eclipse.m2e.maven.runtime_3.9.900.20250220-2013\jars\plexus-interpolation-1.27.jar
2025-09-06 00:35:14,064 [Worker-64: Launching Executing test in C__Users_Sumit_Desktop_New folder_Janatri] INFO  o.eclipse.m2e.core.internal.Bundles - 	Entry: C:\Users\Sumit\.p2\pool\plugins\org.eclipse.m2e.maven.runtime_3.9.900.20250220-2013\jars\plexus-sec-dispatcher-2.0.jar
2025-09-06 00:35:14,066 [Worker-64: Launching Executing test in C__Users_Sumit_Desktop_New folder_Janatri] INFO  o.eclipse.m2e.core.internal.Bundles - 	Entry: C:\Users\Sumit\.p2\pool\plugins\org.eclipse.m2e.maven.runtime_3.9.900.20250220-2013\jars\plexus-utils-3.5.1.jar
2025-09-06 00:35:14,067 [Worker-64: Launching Executing test in C__Users_Sumit_Desktop_New folder_Janatri] INFO  o.eclipse.m2e.core.internal.Bundles - 	Entry: C:\Users\Sumit\.p2\pool\plugins\org.eclipse.m2e.maven.runtime_3.9.900.20250220-2013\jars\plexus-xml-3.0.1.jar
2025-09-06 00:35:14,068 [Worker-64: Launching Executing test in C__Users_Sumit_Desktop_New folder_Janatri] INFO  o.eclipse.m2e.core.internal.Bundles - 	Entry: C:\Users\Sumit\.p2\pool\plugins\org.eclipse.m2e.maven.runtime_3.9.900.20250220-2013\jars\wagon-file-3.5.3.jar
2025-09-06 00:35:14,068 [Worker-64: Launching Executing test in C__Users_Sumit_Desktop_New folder_Janatri] INFO  o.eclipse.m2e.core.internal.Bundles - 	Entry: C:\Users\Sumit\.p2\pool\plugins\org.eclipse.m2e.maven.runtime_3.9.900.20250220-2013\jars\wagon-http-3.5.3.jar
2025-09-06 00:35:14,069 [Worker-64: Launching Executing test in C__Users_Sumit_Desktop_New folder_Janatri] INFO  o.eclipse.m2e.core.internal.Bundles - 	Entry: C:\Users\Sumit\.p2\pool\plugins\org.eclipse.m2e.maven.runtime_3.9.900.20250220-2013\jars\wagon-http-shared-3.5.3.jar
2025-09-06 00:35:14,070 [Worker-64: Launching Executing test in C__Users_Sumit_Desktop_New folder_Janatri] INFO  o.eclipse.m2e.core.internal.Bundles - 	Entry: C:\Users\Sumit\.p2\pool\plugins\org.eclipse.m2e.maven.runtime_3.9.900.20250220-2013\jars\wagon-provider-api-3.5.3.jar
2025-09-06 00:35:14,085 [Worker-64: Launching Executing test in C__Users_Sumit_Desktop_New folder_Janatri] INFO  o.eclipse.m2e.core.internal.Bundles - getClasspathEntries(Bundle=com.google.guava_33.4.8.jre [18])
2025-09-06 00:35:14,087 [Worker-64: Launching Executing test in C__Users_Sumit_Desktop_New folder_Janatri] INFO  o.eclipse.m2e.core.internal.Bundles - 	Entry: C:\Users\Sumit\.p2\pool\plugins\com.google.guava_33.4.8.jre.jar
2025-09-06 00:35:14,087 [Worker-64: Launching Executing test in C__Users_Sumit_Desktop_New folder_Janatri] INFO  o.eclipse.m2e.core.internal.Bundles - getClasspathEntries(Bundle=slf4j.api_2.0.17 [1004])
2025-09-06 00:35:14,091 [Worker-64: Launching Executing test in C__Users_Sumit_Desktop_New folder_Janatri] INFO  o.eclipse.m2e.core.internal.Bundles - 	Entry: C:\Users\Sumit\.p2\pool\plugins\slf4j.api_2.0.17.jar
2025-09-06 00:35:14,091 [Worker-64: Launching Executing test in C__Users_Sumit_Desktop_New folder_Janatri] INFO  o.eclipse.m2e.core.internal.Bundles - getClasspathEntries(Bundle=jakarta.inject.jakarta.inject-api_1.0.5 [35])
2025-09-06 00:35:14,093 [Worker-64: Launching Executing test in C__Users_Sumit_Desktop_New folder_Janatri] INFO  o.eclipse.m2e.core.internal.Bundles - 	Entry: C:\Users\Sumit\.p2\pool\plugins\jakarta.inject.jakarta.inject-api_1.0.5.jar
2025-09-06 00:35:14,093 [Worker-64: Launching Executing test in C__Users_Sumit_Desktop_New folder_Janatri] INFO  o.eclipse.m2e.core.internal.Bundles - getClasspathEntries(Bundle=javax.annotation_1.3.5.v20200909-1856 [45])
2025-09-06 00:35:14,094 [Worker-64: Launching Executing test in C__Users_Sumit_Desktop_New folder_Janatri] INFO  o.eclipse.m2e.core.internal.Bundles - 	Entry: C:\Users\Sumit\.p2\pool\plugins\javax.annotation_1.3.5.v20200909-1856.jar
2025-09-06 00:35:14,094 [Worker-64: Launching Executing test in C__Users_Sumit_Desktop_New folder_Janatri] INFO  o.eclipse.m2e.core.internal.Bundles - getClasspathEntries(Bundle=org.apache.commons.cli_1.9.0 [76])
2025-09-06 00:35:14,096 [Worker-64: Launching Executing test in C__Users_Sumit_Desktop_New folder_Janatri] INFO  o.eclipse.m2e.core.internal.Bundles - 	Entry: C:\Users\Sumit\.p2\pool\plugins\org.apache.commons.cli_1.9.0.jar
2025-09-06 00:35:14,096 [Worker-64: Launching Executing test in C__Users_Sumit_Desktop_New folder_Janatri] INFO  o.eclipse.m2e.core.internal.Bundles - getClasspathEntries(Bundle=org.apache.commons.commons-codec_1.16.0 [78])
2025-09-06 00:35:14,097 [Worker-64: Launching Executing test in C__Users_Sumit_Desktop_New folder_Janatri] INFO  o.eclipse.m2e.core.internal.Bundles - 	Entry: C:\Users\Sumit\.p2\pool\plugins\org.apache.commons.commons-codec_1.16.0.jar
2025-09-06 00:35:14,097 [Worker-64: Launching Executing test in C__Users_Sumit_Desktop_New folder_Janatri] INFO  o.eclipse.m2e.core.internal.Bundles - getClasspathEntries(Bundle=com.google.guava.failureaccess_1.0.3 [19])
2025-09-06 00:35:14,099 [Worker-64: Launching Executing test in C__Users_Sumit_Desktop_New folder_Janatri] INFO  o.eclipse.m2e.core.internal.Bundles - 	Entry: C:\Users\Sumit\.p2\pool\plugins\com.google.guava.failureaccess_1.0.3.jar
2025-09-06 00:35:14,117 [Worker-64: Launching Executing test in C__Users_Sumit_Desktop_New folder_Janatri] INFO  o.e.m.i.launch.MavenLaunchDelegate - Run build in "C:\Users\Sumit\Desktop\New folder\Janatri":
2025-09-06 00:35:14,119 [Worker-64: Launching Executing test in C__Users_Sumit_Desktop_New folder_Janatri] INFO  o.e.m.i.launch.MavenLaunchDelegate -  mvn  -B -Dstyle.color=always test
2025-09-06 00:40:35,569 [Worker-70: Building] WARN  o.a.m.s.f.DefaultMavenResourcesFiltering - Using platform encoding (UTF-8 actually) to copy filtered resources, i.e. build is platform dependent!
2025-09-06 00:40:35,650 [Worker-70: Building] INFO  o.a.m.s.f.DefaultMavenResourcesFiltering - Copying 0 resource from src\main\resources to target\classes
2025-09-06 00:40:35,652 [Worker-70: Building] WARN  o.a.m.s.f.DefaultMavenResourcesFiltering - Using platform encoding (UTF-8 actually) to copy filtered resources, i.e. build is platform dependent!
2025-09-06 00:40:35,656 [Worker-70: Building] INFO  o.a.m.s.f.DefaultMavenResourcesFiltering - Copying 0 resource from src\test\resources to target\test-classes
2025-09-06 00:40:52,809 [Worker-64: Building] WARN  o.a.m.s.f.DefaultMavenResourcesFiltering - Using platform encoding (UTF-8 actually) to copy filtered resources, i.e. build is platform dependent!
2025-09-06 00:40:52,815 [Worker-64: Building] INFO  o.a.m.s.f.DefaultMavenResourcesFiltering - Copying 0 resource from src\main\resources to target\classes
2025-09-06 00:40:52,820 [Worker-64: Building] WARN  o.a.m.s.f.DefaultMavenResourcesFiltering - Using platform encoding (UTF-8 actually) to copy filtered resources, i.e. build is platform dependent!
2025-09-06 00:40:52,824 [Worker-64: Building] INFO  o.a.m.s.f.DefaultMavenResourcesFiltering - Copying 0 resource from src\test\resources to target\test-classes
2025-09-06 00:41:04,166 [Worker-68: Launching Executing test in C__Users_Sumit_Desktop_New folder_Janatri] INFO  o.eclipse.m2e.core.internal.Bundles - getClasspathEntries(Bundle=org.eclipse.m2e.maven.runtime_3.9.900.20250220-2013 [639])
2025-09-06 00:41:04,169 [Worker-68: Launching Executing test in C__Users_Sumit_Desktop_New folder_Janatri] INFO  o.eclipse.m2e.core.internal.Bundles - 	Entry: C:\Users\Sumit\.p2\pool\plugins\org.eclipse.m2e.maven.runtime_3.9.900.20250220-2013
2025-09-06 00:41:04,170 [Worker-68: Launching Executing test in C__Users_Sumit_Desktop_New folder_Janatri] INFO  o.eclipse.m2e.core.internal.Bundles - 	Entry: C:\Users\Sumit\.p2\pool\plugins\org.eclipse.m2e.maven.runtime_3.9.900.20250220-2013\jars\aopalliance-1.0.jar
2025-09-06 00:41:04,171 [Worker-68: Launching Executing test in C__Users_Sumit_Desktop_New folder_Janatri] INFO  o.eclipse.m2e.core.internal.Bundles - 	Entry: C:\Users\Sumit\.p2\pool\plugins\org.eclipse.m2e.maven.runtime_3.9.900.20250220-2013\jars\guice-5.1.0.jar
2025-09-06 00:41:04,171 [Worker-68: Launching Executing test in C__Users_Sumit_Desktop_New folder_Janatri] INFO  o.eclipse.m2e.core.internal.Bundles - 	Entry: C:\Users\Sumit\.p2\pool\plugins\org.eclipse.m2e.maven.runtime_3.9.900.20250220-2013\jars\httpclient-4.5.14.jar
2025-09-06 00:41:04,173 [Worker-68: Launching Executing test in C__Users_Sumit_Desktop_New folder_Janatri] INFO  o.eclipse.m2e.core.internal.Bundles - 	Entry: C:\Users\Sumit\.p2\pool\plugins\org.eclipse.m2e.maven.runtime_3.9.900.20250220-2013\jars\httpcore-4.4.16.jar
2025-09-06 00:41:04,174 [Worker-68: Launching Executing test in C__Users_Sumit_Desktop_New folder_Janatri] INFO  o.eclipse.m2e.core.internal.Bundles - 	Entry: C:\Users\Sumit\.p2\pool\plugins\org.eclipse.m2e.maven.runtime_3.9.900.20250220-2013\jars\jansi-2.4.1.jar
2025-09-06 00:41:04,175 [Worker-68: Launching Executing test in C__Users_Sumit_Desktop_New folder_Janatri] INFO  o.eclipse.m2e.core.internal.Bundles - 	Entry: C:\Users\Sumit\.p2\pool\plugins\org.eclipse.m2e.maven.runtime_3.9.900.20250220-2013\jars\jcl-over-slf4j-1.7.36.jar
2025-09-06 00:41:04,176 [Worker-68: Launching Executing test in C__Users_Sumit_Desktop_New folder_Janatri] INFO  o.eclipse.m2e.core.internal.Bundles - 	Entry: C:\Users\Sumit\.p2\pool\plugins\org.eclipse.m2e.maven.runtime_3.9.900.20250220-2013\jars\maven-artifact-3.9.9.jar
2025-09-06 00:41:04,177 [Worker-68: Launching Executing test in C__Users_Sumit_Desktop_New folder_Janatri] INFO  o.eclipse.m2e.core.internal.Bundles - 	Entry: C:\Users\Sumit\.p2\pool\plugins\org.eclipse.m2e.maven.runtime_3.9.900.20250220-2013\jars\maven-builder-support-3.9.9.jar
2025-09-06 00:41:04,178 [Worker-68: Launching Executing test in C__Users_Sumit_Desktop_New folder_Janatri] INFO  o.eclipse.m2e.core.internal.Bundles - 	Entry: C:\Users\Sumit\.p2\pool\plugins\org.eclipse.m2e.maven.runtime_3.9.900.20250220-2013\jars\maven-compat-3.9.9.jar
2025-09-06 00:41:04,178 [Worker-68: Launching Executing test in C__Users_Sumit_Desktop_New folder_Janatri] INFO  o.eclipse.m2e.core.internal.Bundles - 	Entry: C:\Users\Sumit\.p2\pool\plugins\org.eclipse.m2e.maven.runtime_3.9.900.20250220-2013\jars\maven-core-3.9.9.jar
2025-09-06 00:41:04,178 [Worker-68: Launching Executing test in C__Users_Sumit_Desktop_New folder_Janatri] INFO  o.eclipse.m2e.core.internal.Bundles - 	Entry: C:\Users\Sumit\.p2\pool\plugins\org.eclipse.m2e.maven.runtime_3.9.900.20250220-2013\jars\maven-embedder-3.9.9.jar
2025-09-06 00:41:04,179 [Worker-68: Launching Executing test in C__Users_Sumit_Desktop_New folder_Janatri] INFO  o.eclipse.m2e.core.internal.Bundles - 	Entry: C:\Users\Sumit\.p2\pool\plugins\org.eclipse.m2e.maven.runtime_3.9.900.20250220-2013\jars\maven-model-3.9.9.jar
2025-09-06 00:41:04,180 [Worker-68: Launching Executing test in C__Users_Sumit_Desktop_New folder_Janatri] INFO  o.eclipse.m2e.core.internal.Bundles - 	Entry: C:\Users\Sumit\.p2\pool\plugins\org.eclipse.m2e.maven.runtime_3.9.900.20250220-2013\jars\maven-model-builder-3.9.9.jar
2025-09-06 00:41:04,181 [Worker-68: Launching Executing test in C__Users_Sumit_Desktop_New folder_Janatri] INFO  o.eclipse.m2e.core.internal.Bundles - 	Entry: C:\Users\Sumit\.p2\pool\plugins\org.eclipse.m2e.maven.runtime_3.9.900.20250220-2013\jars\maven-plugin-api-3.9.9.jar
2025-09-06 00:41:04,182 [Worker-68: Launching Executing test in C__Users_Sumit_Desktop_New folder_Janatri] INFO  o.eclipse.m2e.core.internal.Bundles - 	Entry: C:\Users\Sumit\.p2\pool\plugins\org.eclipse.m2e.maven.runtime_3.9.900.20250220-2013\jars\maven-repository-metadata-3.9.9.jar
2025-09-06 00:41:04,183 [Worker-68: Launching Executing test in C__Users_Sumit_Desktop_New folder_Janatri] INFO  o.eclipse.m2e.core.internal.Bundles - 	Entry: C:\Users\Sumit\.p2\pool\plugins\org.eclipse.m2e.maven.runtime_3.9.900.20250220-2013\jars\maven-resolver-api-1.9.22.jar
2025-09-06 00:41:04,183 [Worker-68: Launching Executing test in C__Users_Sumit_Desktop_New folder_Janatri] INFO  o.eclipse.m2e.core.internal.Bundles - 	Entry: C:\Users\Sumit\.p2\pool\plugins\org.eclipse.m2e.maven.runtime_3.9.900.20250220-2013\jars\maven-resolver-connector-basic-1.9.22.jar
2025-09-06 00:41:04,183 [Worker-68: Launching Executing test in C__Users_Sumit_Desktop_New folder_Janatri] INFO  o.eclipse.m2e.core.internal.Bundles - 	Entry: C:\Users\Sumit\.p2\pool\plugins\org.eclipse.m2e.maven.runtime_3.9.900.20250220-2013\jars\maven-resolver-impl-1.9.22.jar
2025-09-06 00:41:04,184 [Worker-68: Launching Executing test in C__Users_Sumit_Desktop_New folder_Janatri] INFO  o.eclipse.m2e.core.internal.Bundles - 	Entry: C:\Users\Sumit\.p2\pool\plugins\org.eclipse.m2e.maven.runtime_3.9.900.20250220-2013\jars\maven-resolver-named-locks-1.9.22.jar
2025-09-06 00:41:04,184 [Worker-68: Launching Executing test in C__Users_Sumit_Desktop_New folder_Janatri] INFO  o.eclipse.m2e.core.internal.Bundles - 	Entry: C:\Users\Sumit\.p2\pool\plugins\org.eclipse.m2e.maven.runtime_3.9.900.20250220-2013\jars\maven-resolver-provider-3.9.9.jar
2025-09-06 00:41:04,185 [Worker-68: Launching Executing test in C__Users_Sumit_Desktop_New folder_Janatri] INFO  o.eclipse.m2e.core.internal.Bundles - 	Entry: C:\Users\Sumit\.p2\pool\plugins\org.eclipse.m2e.maven.runtime_3.9.900.20250220-2013\jars\maven-resolver-spi-1.9.22.jar
2025-09-06 00:41:04,185 [Worker-68: Launching Executing test in C__Users_Sumit_Desktop_New folder_Janatri] INFO  o.eclipse.m2e.core.internal.Bundles - 	Entry: C:\Users\Sumit\.p2\pool\plugins\org.eclipse.m2e.maven.runtime_3.9.900.20250220-2013\jars\maven-resolver-transport-file-1.9.22.jar
2025-09-06 00:41:04,186 [Worker-68: Launching Executing test in C__Users_Sumit_Desktop_New folder_Janatri] INFO  o.eclipse.m2e.core.internal.Bundles - 	Entry: C:\Users\Sumit\.p2\pool\plugins\org.eclipse.m2e.maven.runtime_3.9.900.20250220-2013\jars\maven-resolver-transport-http-1.9.22.jar
2025-09-06 00:41:04,187 [Worker-68: Launching Executing test in C__Users_Sumit_Desktop_New folder_Janatri] INFO  o.eclipse.m2e.core.internal.Bundles - 	Entry: C:\Users\Sumit\.p2\pool\plugins\org.eclipse.m2e.maven.runtime_3.9.900.20250220-2013\jars\maven-resolver-transport-wagon-1.9.22.jar
2025-09-06 00:41:04,192 [Worker-68: Launching Executing test in C__Users_Sumit_Desktop_New folder_Janatri] INFO  o.eclipse.m2e.core.internal.Bundles - 	Entry: C:\Users\Sumit\.p2\pool\plugins\org.eclipse.m2e.maven.runtime_3.9.900.20250220-2013\jars\maven-resolver-util-1.9.22.jar
2025-09-06 00:41:04,196 [Worker-68: Launching Executing test in C__Users_Sumit_Desktop_New folder_Janatri] INFO  o.eclipse.m2e.core.internal.Bundles - 	Entry: C:\Users\Sumit\.p2\pool\plugins\org.eclipse.m2e.maven.runtime_3.9.900.20250220-2013\jars\maven-settings-3.9.9.jar
2025-09-06 00:41:04,197 [Worker-68: Launching Executing test in C__Users_Sumit_Desktop_New folder_Janatri] INFO  o.eclipse.m2e.core.internal.Bundles - 	Entry: C:\Users\Sumit\.p2\pool\plugins\org.eclipse.m2e.maven.runtime_3.9.900.20250220-2013\jars\maven-settings-builder-3.9.9.jar
2025-09-06 00:41:04,198 [Worker-68: Launching Executing test in C__Users_Sumit_Desktop_New folder_Janatri] INFO  o.eclipse.m2e.core.internal.Bundles - 	Entry: C:\Users\Sumit\.p2\pool\plugins\org.eclipse.m2e.maven.runtime_3.9.900.20250220-2013\jars\maven-shared-utils-3.4.2.jar
2025-09-06 00:41:04,199 [Worker-68: Launching Executing test in C__Users_Sumit_Desktop_New folder_Janatri] INFO  o.eclipse.m2e.core.internal.Bundles - 	Entry: C:\Users\Sumit\.p2\pool\plugins\org.eclipse.m2e.maven.runtime_3.9.900.20250220-2013\jars\org.eclipse.sisu.inject-0.9.0.M3.jar
2025-09-06 00:41:04,200 [Worker-68: Launching Executing test in C__Users_Sumit_Desktop_New folder_Janatri] INFO  o.eclipse.m2e.core.internal.Bundles - 	Entry: C:\Users\Sumit\.p2\pool\plugins\org.eclipse.m2e.maven.runtime_3.9.900.20250220-2013\jars\org.eclipse.sisu.plexus-0.9.0.M3.jar
2025-09-06 00:41:04,201 [Worker-68: Launching Executing test in C__Users_Sumit_Desktop_New folder_Janatri] INFO  o.eclipse.m2e.core.internal.Bundles - 	Entry: C:\Users\Sumit\.p2\pool\plugins\org.eclipse.m2e.maven.runtime_3.9.900.20250220-2013\jars\plexus-build-api-0.0.7.jar
2025-09-06 00:41:04,202 [Worker-68: Launching Executing test in C__Users_Sumit_Desktop_New folder_Janatri] INFO  o.eclipse.m2e.core.internal.Bundles - 	Entry: C:\Users\Sumit\.p2\pool\plugins\org.eclipse.m2e.maven.runtime_3.9.900.20250220-2013\jars\plexus-build-api-1.2.0.jar
2025-09-06 00:41:04,202 [Worker-68: Launching Executing test in C__Users_Sumit_Desktop_New folder_Janatri] INFO  o.eclipse.m2e.core.internal.Bundles - 	Entry: C:\Users\Sumit\.p2\pool\plugins\org.eclipse.m2e.maven.runtime_3.9.900.20250220-2013\jars\plexus-cipher-2.0.jar
2025-09-06 00:41:04,203 [Worker-68: Launching Executing test in C__Users_Sumit_Desktop_New folder_Janatri] INFO  o.eclipse.m2e.core.internal.Bundles - 	Entry: C:\Users\Sumit\.p2\pool\plugins\org.eclipse.m2e.maven.runtime_3.9.900.20250220-2013\jars\plexus-classworlds-2.8.0.jar
2025-09-06 00:41:04,204 [Worker-68: Launching Executing test in C__Users_Sumit_Desktop_New folder_Janatri] INFO  o.eclipse.m2e.core.internal.Bundles - 	Entry: C:\Users\Sumit\.p2\pool\plugins\org.eclipse.m2e.maven.runtime_3.9.900.20250220-2013\jars\plexus-component-annotations-2.1.0.jar
2025-09-06 00:41:04,205 [Worker-68: Launching Executing test in C__Users_Sumit_Desktop_New folder_Janatri] INFO  o.eclipse.m2e.core.internal.Bundles - 	Entry: C:\Users\Sumit\.p2\pool\plugins\org.eclipse.m2e.maven.runtime_3.9.900.20250220-2013\jars\plexus-interpolation-1.27.jar
2025-09-06 00:41:04,207 [Worker-68: Launching Executing test in C__Users_Sumit_Desktop_New folder_Janatri] INFO  o.eclipse.m2e.core.internal.Bundles - 	Entry: C:\Users\Sumit\.p2\pool\plugins\org.eclipse.m2e.maven.runtime_3.9.900.20250220-2013\jars\plexus-sec-dispatcher-2.0.jar
2025-09-06 00:41:04,209 [Worker-68: Launching Executing test in C__Users_Sumit_Desktop_New folder_Janatri] INFO  o.eclipse.m2e.core.internal.Bundles - 	Entry: C:\Users\Sumit\.p2\pool\plugins\org.eclipse.m2e.maven.runtime_3.9.900.20250220-2013\jars\plexus-utils-3.5.1.jar
2025-09-06 00:41:04,209 [Worker-68: Launching Executing test in C__Users_Sumit_Desktop_New folder_Janatri] INFO  o.eclipse.m2e.core.internal.Bundles - 	Entry: C:\Users\Sumit\.p2\pool\plugins\org.eclipse.m2e.maven.runtime_3.9.900.20250220-2013\jars\plexus-xml-3.0.1.jar
2025-09-06 00:41:04,211 [Worker-68: Launching Executing test in C__Users_Sumit_Desktop_New folder_Janatri] INFO  o.eclipse.m2e.core.internal.Bundles - 	Entry: C:\Users\Sumit\.p2\pool\plugins\org.eclipse.m2e.maven.runtime_3.9.900.20250220-2013\jars\wagon-file-3.5.3.jar
2025-09-06 00:41:04,211 [Worker-68: Launching Executing test in C__Users_Sumit_Desktop_New folder_Janatri] INFO  o.eclipse.m2e.core.internal.Bundles - 	Entry: C:\Users\Sumit\.p2\pool\plugins\org.eclipse.m2e.maven.runtime_3.9.900.20250220-2013\jars\wagon-http-3.5.3.jar
2025-09-06 00:41:04,212 [Worker-68: Launching Executing test in C__Users_Sumit_Desktop_New folder_Janatri] INFO  o.eclipse.m2e.core.internal.Bundles - 	Entry: C:\Users\Sumit\.p2\pool\plugins\org.eclipse.m2e.maven.runtime_3.9.900.20250220-2013\jars\wagon-http-shared-3.5.3.jar
2025-09-06 00:41:04,213 [Worker-68: Launching Executing test in C__Users_Sumit_Desktop_New folder_Janatri] INFO  o.eclipse.m2e.core.internal.Bundles - 	Entry: C:\Users\Sumit\.p2\pool\plugins\org.eclipse.m2e.maven.runtime_3.9.900.20250220-2013\jars\wagon-provider-api-3.5.3.jar
2025-09-06 00:41:04,216 [Worker-68: Launching Executing test in C__Users_Sumit_Desktop_New folder_Janatri] INFO  o.eclipse.m2e.core.internal.Bundles - getClasspathEntries(Bundle=com.google.guava_33.4.8.jre [18])
2025-09-06 00:41:04,216 [Worker-68: Launching Executing test in C__Users_Sumit_Desktop_New folder_Janatri] INFO  o.eclipse.m2e.core.internal.Bundles - 	Entry: C:\Users\Sumit\.p2\pool\plugins\com.google.guava_33.4.8.jre.jar
2025-09-06 00:41:04,217 [Worker-68: Launching Executing test in C__Users_Sumit_Desktop_New folder_Janatri] INFO  o.eclipse.m2e.core.internal.Bundles - getClasspathEntries(Bundle=slf4j.api_2.0.17 [1004])
2025-09-06 00:41:04,217 [Worker-68: Launching Executing test in C__Users_Sumit_Desktop_New folder_Janatri] INFO  o.eclipse.m2e.core.internal.Bundles - 	Entry: C:\Users\Sumit\.p2\pool\plugins\slf4j.api_2.0.17.jar
2025-09-06 00:41:04,217 [Worker-68: Launching Executing test in C__Users_Sumit_Desktop_New folder_Janatri] INFO  o.eclipse.m2e.core.internal.Bundles - getClasspathEntries(Bundle=jakarta.inject.jakarta.inject-api_1.0.5 [35])
2025-09-06 00:41:04,218 [Worker-68: Launching Executing test in C__Users_Sumit_Desktop_New folder_Janatri] INFO  o.eclipse.m2e.core.internal.Bundles - 	Entry: C:\Users\Sumit\.p2\pool\plugins\jakarta.inject.jakarta.inject-api_1.0.5.jar
2025-09-06 00:41:04,218 [Worker-68: Launching Executing test in C__Users_Sumit_Desktop_New folder_Janatri] INFO  o.eclipse.m2e.core.internal.Bundles - getClasspathEntries(Bundle=javax.annotation_1.3.5.v20200909-1856 [45])
2025-09-06 00:41:04,219 [Worker-68: Launching Executing test in C__Users_Sumit_Desktop_New folder_Janatri] INFO  o.eclipse.m2e.core.internal.Bundles - 	Entry: C:\Users\Sumit\.p2\pool\plugins\javax.annotation_1.3.5.v20200909-1856.jar
2025-09-06 00:41:04,219 [Worker-68: Launching Executing test in C__Users_Sumit_Desktop_New folder_Janatri] INFO  o.eclipse.m2e.core.internal.Bundles - getClasspathEntries(Bundle=org.apache.commons.cli_1.9.0 [76])
2025-09-06 00:41:04,220 [Worker-68: Launching Executing test in C__Users_Sumit_Desktop_New folder_Janatri] INFO  o.eclipse.m2e.core.internal.Bundles - 	Entry: C:\Users\Sumit\.p2\pool\plugins\org.apache.commons.cli_1.9.0.jar
2025-09-06 00:41:04,221 [Worker-68: Launching Executing test in C__Users_Sumit_Desktop_New folder_Janatri] INFO  o.eclipse.m2e.core.internal.Bundles - getClasspathEntries(Bundle=org.apache.commons.commons-codec_1.16.0 [78])
2025-09-06 00:41:04,222 [Worker-68: Launching Executing test in C__Users_Sumit_Desktop_New folder_Janatri] INFO  o.eclipse.m2e.core.internal.Bundles - 	Entry: C:\Users\Sumit\.p2\pool\plugins\org.apache.commons.commons-codec_1.16.0.jar
2025-09-06 00:41:04,222 [Worker-68: Launching Executing test in C__Users_Sumit_Desktop_New folder_Janatri] INFO  o.eclipse.m2e.core.internal.Bundles - getClasspathEntries(Bundle=com.google.guava.failureaccess_1.0.3 [19])
2025-09-06 00:41:04,224 [Worker-68: Launching Executing test in C__Users_Sumit_Desktop_New folder_Janatri] INFO  o.eclipse.m2e.core.internal.Bundles - 	Entry: C:\Users\Sumit\.p2\pool\plugins\com.google.guava.failureaccess_1.0.3.jar
2025-09-06 00:41:04,231 [Worker-68: Launching Executing test in C__Users_Sumit_Desktop_New folder_Janatri] INFO  o.e.m.i.launch.MavenLaunchDelegate - Run build in "C:\Users\Sumit\Desktop\New folder\Janatri":
2025-09-06 00:41:04,232 [Worker-68: Launching Executing test in C__Users_Sumit_Desktop_New folder_Janatri] INFO  o.e.m.i.launch.MavenLaunchDelegate -  mvn  -B -Dstyle.color=always test
2025-09-06 00:42:17,553 [Worker-73: Building] WARN  o.a.m.s.f.DefaultMavenResourcesFiltering - Using platform encoding (UTF-8 actually) to copy filtered resources, i.e. build is platform dependent!
2025-09-06 00:42:17,583 [Worker-73: Building] INFO  o.a.m.s.f.DefaultMavenResourcesFiltering - Copying 0 resource from src\main\resources to target\classes
2025-09-06 00:42:17,588 [Worker-73: Building] WARN  o.a.m.s.f.DefaultMavenResourcesFiltering - Using platform encoding (UTF-8 actually) to copy filtered resources, i.e. build is platform dependent!
2025-09-06 00:42:17,593 [Worker-73: Building] INFO  o.a.m.s.f.DefaultMavenResourcesFiltering - Copying 0 resource from src\test\resources to target\test-classes
2025-09-06 00:42:21,970 [Worker-73: Launching Executing test in C__Users_Sumit_Desktop_New folder_Janatri] INFO  o.eclipse.m2e.core.internal.Bundles - getClasspathEntries(Bundle=org.eclipse.m2e.maven.runtime_3.9.900.20250220-2013 [639])
2025-09-06 00:42:21,975 [Worker-73: Launching Executing test in C__Users_Sumit_Desktop_New folder_Janatri] INFO  o.eclipse.m2e.core.internal.Bundles - 	Entry: C:\Users\Sumit\.p2\pool\plugins\org.eclipse.m2e.maven.runtime_3.9.900.20250220-2013
2025-09-06 00:42:21,975 [Worker-73: Launching Executing test in C__Users_Sumit_Desktop_New folder_Janatri] INFO  o.eclipse.m2e.core.internal.Bundles - 	Entry: C:\Users\Sumit\.p2\pool\plugins\org.eclipse.m2e.maven.runtime_3.9.900.20250220-2013\jars\aopalliance-1.0.jar
2025-09-06 00:42:21,976 [Worker-73: Launching Executing test in C__Users_Sumit_Desktop_New folder_Janatri] INFO  o.eclipse.m2e.core.internal.Bundles - 	Entry: C:\Users\Sumit\.p2\pool\plugins\org.eclipse.m2e.maven.runtime_3.9.900.20250220-2013\jars\guice-5.1.0.jar
2025-09-06 00:42:21,976 [Worker-73: Launching Executing test in C__Users_Sumit_Desktop_New folder_Janatri] INFO  o.eclipse.m2e.core.internal.Bundles - 	Entry: C:\Users\Sumit\.p2\pool\plugins\org.eclipse.m2e.maven.runtime_3.9.900.20250220-2013\jars\httpclient-4.5.14.jar
2025-09-06 00:42:21,977 [Worker-73: Launching Executing test in C__Users_Sumit_Desktop_New folder_Janatri] INFO  o.eclipse.m2e.core.internal.Bundles - 	Entry: C:\Users\Sumit\.p2\pool\plugins\org.eclipse.m2e.maven.runtime_3.9.900.20250220-2013\jars\httpcore-4.4.16.jar
2025-09-06 00:42:21,978 [Worker-73: Launching Executing test in C__Users_Sumit_Desktop_New folder_Janatri] INFO  o.eclipse.m2e.core.internal.Bundles - 	Entry: C:\Users\Sumit\.p2\pool\plugins\org.eclipse.m2e.maven.runtime_3.9.900.20250220-2013\jars\jansi-2.4.1.jar
2025-09-06 00:42:21,978 [Worker-73: Launching Executing test in C__Users_Sumit_Desktop_New folder_Janatri] INFO  o.eclipse.m2e.core.internal.Bundles - 	Entry: C:\Users\Sumit\.p2\pool\plugins\org.eclipse.m2e.maven.runtime_3.9.900.20250220-2013\jars\jcl-over-slf4j-1.7.36.jar
2025-09-06 00:42:21,978 [Worker-73: Launching Executing test in C__Users_Sumit_Desktop_New folder_Janatri] INFO  o.eclipse.m2e.core.internal.Bundles - 	Entry: C:\Users\Sumit\.p2\pool\plugins\org.eclipse.m2e.maven.runtime_3.9.900.20250220-2013\jars\maven-artifact-3.9.9.jar
2025-09-06 00:42:21,978 [Worker-73: Launching Executing test in C__Users_Sumit_Desktop_New folder_Janatri] INFO  o.eclipse.m2e.core.internal.Bundles - 	Entry: C:\Users\Sumit\.p2\pool\plugins\org.eclipse.m2e.maven.runtime_3.9.900.20250220-2013\jars\maven-builder-support-3.9.9.jar
2025-09-06 00:42:21,979 [Worker-73: Launching Executing test in C__Users_Sumit_Desktop_New folder_Janatri] INFO  o.eclipse.m2e.core.internal.Bundles - 	Entry: C:\Users\Sumit\.p2\pool\plugins\org.eclipse.m2e.maven.runtime_3.9.900.20250220-2013\jars\maven-compat-3.9.9.jar
2025-09-06 00:42:21,980 [Worker-73: Launching Executing test in C__Users_Sumit_Desktop_New folder_Janatri] INFO  o.eclipse.m2e.core.internal.Bundles - 	Entry: C:\Users\Sumit\.p2\pool\plugins\org.eclipse.m2e.maven.runtime_3.9.900.20250220-2013\jars\maven-core-3.9.9.jar
2025-09-06 00:42:21,980 [Worker-73: Launching Executing test in C__Users_Sumit_Desktop_New folder_Janatri] INFO  o.eclipse.m2e.core.internal.Bundles - 	Entry: C:\Users\Sumit\.p2\pool\plugins\org.eclipse.m2e.maven.runtime_3.9.900.20250220-2013\jars\maven-embedder-3.9.9.jar
2025-09-06 00:42:21,980 [Worker-73: Launching Executing test in C__Users_Sumit_Desktop_New folder_Janatri] INFO  o.eclipse.m2e.core.internal.Bundles - 	Entry: C:\Users\Sumit\.p2\pool\plugins\org.eclipse.m2e.maven.runtime_3.9.900.20250220-2013\jars\maven-model-3.9.9.jar
2025-09-06 00:42:21,980 [Worker-73: Launching Executing test in C__Users_Sumit_Desktop_New folder_Janatri] INFO  o.eclipse.m2e.core.internal.Bundles - 	Entry: C:\Users\Sumit\.p2\pool\plugins\org.eclipse.m2e.maven.runtime_3.9.900.20250220-2013\jars\maven-model-builder-3.9.9.jar
2025-09-06 00:42:21,980 [Worker-73: Launching Executing test in C__Users_Sumit_Desktop_New folder_Janatri] INFO  o.eclipse.m2e.core.internal.Bundles - 	Entry: C:\Users\Sumit\.p2\pool\plugins\org.eclipse.m2e.maven.runtime_3.9.900.20250220-2013\jars\maven-plugin-api-3.9.9.jar
2025-09-06 00:42:21,981 [Worker-73: Launching Executing test in C__Users_Sumit_Desktop_New folder_Janatri] INFO  o.eclipse.m2e.core.internal.Bundles - 	Entry: C:\Users\Sumit\.p2\pool\plugins\org.eclipse.m2e.maven.runtime_3.9.900.20250220-2013\jars\maven-repository-metadata-3.9.9.jar
2025-09-06 00:42:21,981 [Worker-73: Launching Executing test in C__Users_Sumit_Desktop_New folder_Janatri] INFO  o.eclipse.m2e.core.internal.Bundles - 	Entry: C:\Users\Sumit\.p2\pool\plugins\org.eclipse.m2e.maven.runtime_3.9.900.20250220-2013\jars\maven-resolver-api-1.9.22.jar
2025-09-06 00:42:21,981 [Worker-73: Launching Executing test in C__Users_Sumit_Desktop_New folder_Janatri] INFO  o.eclipse.m2e.core.internal.Bundles - 	Entry: C:\Users\Sumit\.p2\pool\plugins\org.eclipse.m2e.maven.runtime_3.9.900.20250220-2013\jars\maven-resolver-connector-basic-1.9.22.jar
2025-09-06 00:42:21,981 [Worker-73: Launching Executing test in C__Users_Sumit_Desktop_New folder_Janatri] INFO  o.eclipse.m2e.core.internal.Bundles - 	Entry: C:\Users\Sumit\.p2\pool\plugins\org.eclipse.m2e.maven.runtime_3.9.900.20250220-2013\jars\maven-resolver-impl-1.9.22.jar
2025-09-06 00:42:21,981 [Worker-73: Launching Executing test in C__Users_Sumit_Desktop_New folder_Janatri] INFO  o.eclipse.m2e.core.internal.Bundles - 	Entry: C:\Users\Sumit\.p2\pool\plugins\org.eclipse.m2e.maven.runtime_3.9.900.20250220-2013\jars\maven-resolver-named-locks-1.9.22.jar
2025-09-06 00:42:21,982 [Worker-73: Launching Executing test in C__Users_Sumit_Desktop_New folder_Janatri] INFO  o.eclipse.m2e.core.internal.Bundles - 	Entry: C:\Users\Sumit\.p2\pool\plugins\org.eclipse.m2e.maven.runtime_3.9.900.20250220-2013\jars\maven-resolver-provider-3.9.9.jar
2025-09-06 00:42:21,982 [Worker-73: Launching Executing test in C__Users_Sumit_Desktop_New folder_Janatri] INFO  o.eclipse.m2e.core.internal.Bundles - 	Entry: C:\Users\Sumit\.p2\pool\plugins\org.eclipse.m2e.maven.runtime_3.9.900.20250220-2013\jars\maven-resolver-spi-1.9.22.jar
2025-09-06 00:42:21,982 [Worker-73: Launching Executing test in C__Users_Sumit_Desktop_New folder_Janatri] INFO  o.eclipse.m2e.core.internal.Bundles - 	Entry: C:\Users\Sumit\.p2\pool\plugins\org.eclipse.m2e.maven.runtime_3.9.900.20250220-2013\jars\maven-resolver-transport-file-1.9.22.jar
2025-09-06 00:42:21,983 [Worker-73: Launching Executing test in C__Users_Sumit_Desktop_New folder_Janatri] INFO  o.eclipse.m2e.core.internal.Bundles - 	Entry: C:\Users\Sumit\.p2\pool\plugins\org.eclipse.m2e.maven.runtime_3.9.900.20250220-2013\jars\maven-resolver-transport-http-1.9.22.jar
2025-09-06 00:42:21,983 [Worker-73: Launching Executing test in C__Users_Sumit_Desktop_New folder_Janatri] INFO  o.eclipse.m2e.core.internal.Bundles - 	Entry: C:\Users\Sumit\.p2\pool\plugins\org.eclipse.m2e.maven.runtime_3.9.900.20250220-2013\jars\maven-resolver-transport-wagon-1.9.22.jar
2025-09-06 00:42:21,983 [Worker-73: Launching Executing test in C__Users_Sumit_Desktop_New folder_Janatri] INFO  o.eclipse.m2e.core.internal.Bundles - 	Entry: C:\Users\Sumit\.p2\pool\plugins\org.eclipse.m2e.maven.runtime_3.9.900.20250220-2013\jars\maven-resolver-util-1.9.22.jar
2025-09-06 00:42:21,983 [Worker-73: Launching Executing test in C__Users_Sumit_Desktop_New folder_Janatri] INFO  o.eclipse.m2e.core.internal.Bundles - 	Entry: C:\Users\Sumit\.p2\pool\plugins\org.eclipse.m2e.maven.runtime_3.9.900.20250220-2013\jars\maven-settings-3.9.9.jar
2025-09-06 00:42:21,983 [Worker-73: Launching Executing test in C__Users_Sumit_Desktop_New folder_Janatri] INFO  o.eclipse.m2e.core.internal.Bundles - 	Entry: C:\Users\Sumit\.p2\pool\plugins\org.eclipse.m2e.maven.runtime_3.9.900.20250220-2013\jars\maven-settings-builder-3.9.9.jar
2025-09-06 00:42:21,984 [Worker-73: Launching Executing test in C__Users_Sumit_Desktop_New folder_Janatri] INFO  o.eclipse.m2e.core.internal.Bundles - 	Entry: C:\Users\Sumit\.p2\pool\plugins\org.eclipse.m2e.maven.runtime_3.9.900.20250220-2013\jars\maven-shared-utils-3.4.2.jar
2025-09-06 00:42:21,984 [Worker-73: Launching Executing test in C__Users_Sumit_Desktop_New folder_Janatri] INFO  o.eclipse.m2e.core.internal.Bundles - 	Entry: C:\Users\Sumit\.p2\pool\plugins\org.eclipse.m2e.maven.runtime_3.9.900.20250220-2013\jars\org.eclipse.sisu.inject-0.9.0.M3.jar
2025-09-06 00:42:21,984 [Worker-73: Launching Executing test in C__Users_Sumit_Desktop_New folder_Janatri] INFO  o.eclipse.m2e.core.internal.Bundles - 	Entry: C:\Users\Sumit\.p2\pool\plugins\org.eclipse.m2e.maven.runtime_3.9.900.20250220-2013\jars\org.eclipse.sisu.plexus-0.9.0.M3.jar
2025-09-06 00:42:21,985 [Worker-73: Launching Executing test in C__Users_Sumit_Desktop_New folder_Janatri] INFO  o.eclipse.m2e.core.internal.Bundles - 	Entry: C:\Users\Sumit\.p2\pool\plugins\org.eclipse.m2e.maven.runtime_3.9.900.20250220-2013\jars\plexus-build-api-0.0.7.jar
2025-09-06 00:42:21,985 [Worker-73: Launching Executing test in C__Users_Sumit_Desktop_New folder_Janatri] INFO  o.eclipse.m2e.core.internal.Bundles - 	Entry: C:\Users\Sumit\.p2\pool\plugins\org.eclipse.m2e.maven.runtime_3.9.900.20250220-2013\jars\plexus-build-api-1.2.0.jar
2025-09-06 00:42:21,985 [Worker-73: Launching Executing test in C__Users_Sumit_Desktop_New folder_Janatri] INFO  o.eclipse.m2e.core.internal.Bundles - 	Entry: C:\Users\Sumit\.p2\pool\plugins\org.eclipse.m2e.maven.runtime_3.9.900.20250220-2013\jars\plexus-cipher-2.0.jar
2025-09-06 00:42:21,985 [Worker-73: Launching Executing test in C__Users_Sumit_Desktop_New folder_Janatri] INFO  o.eclipse.m2e.core.internal.Bundles - 	Entry: C:\Users\Sumit\.p2\pool\plugins\org.eclipse.m2e.maven.runtime_3.9.900.20250220-2013\jars\plexus-classworlds-2.8.0.jar
2025-09-06 00:42:21,985 [Worker-73: Launching Executing test in C__Users_Sumit_Desktop_New folder_Janatri] INFO  o.eclipse.m2e.core.internal.Bundles - 	Entry: C:\Users\Sumit\.p2\pool\plugins\org.eclipse.m2e.maven.runtime_3.9.900.20250220-2013\jars\plexus-component-annotations-2.1.0.jar
2025-09-06 00:42:21,986 [Worker-73: Launching Executing test in C__Users_Sumit_Desktop_New folder_Janatri] INFO  o.eclipse.m2e.core.internal.Bundles - 	Entry: C:\Users\Sumit\.p2\pool\plugins\org.eclipse.m2e.maven.runtime_3.9.900.20250220-2013\jars\plexus-interpolation-1.27.jar
2025-09-06 00:42:21,986 [Worker-73: Launching Executing test in C__Users_Sumit_Desktop_New folder_Janatri] INFO  o.eclipse.m2e.core.internal.Bundles - 	Entry: C:\Users\Sumit\.p2\pool\plugins\org.eclipse.m2e.maven.runtime_3.9.900.20250220-2013\jars\plexus-sec-dispatcher-2.0.jar
2025-09-06 00:42:21,987 [Worker-73: Launching Executing test in C__Users_Sumit_Desktop_New folder_Janatri] INFO  o.eclipse.m2e.core.internal.Bundles - 	Entry: C:\Users\Sumit\.p2\pool\plugins\org.eclipse.m2e.maven.runtime_3.9.900.20250220-2013\jars\plexus-utils-3.5.1.jar
2025-09-06 00:42:21,987 [Worker-73: Launching Executing test in C__Users_Sumit_Desktop_New folder_Janatri] INFO  o.eclipse.m2e.core.internal.Bundles - 	Entry: C:\Users\Sumit\.p2\pool\plugins\org.eclipse.m2e.maven.runtime_3.9.900.20250220-2013\jars\plexus-xml-3.0.1.jar
2025-09-06 00:42:21,987 [Worker-73: Launching Executing test in C__Users_Sumit_Desktop_New folder_Janatri] INFO  o.eclipse.m2e.core.internal.Bundles - 	Entry: C:\Users\Sumit\.p2\pool\plugins\org.eclipse.m2e.maven.runtime_3.9.900.20250220-2013\jars\wagon-file-3.5.3.jar
2025-09-06 00:42:21,988 [Worker-73: Launching Executing test in C__Users_Sumit_Desktop_New folder_Janatri] INFO  o.eclipse.m2e.core.internal.Bundles - 	Entry: C:\Users\Sumit\.p2\pool\plugins\org.eclipse.m2e.maven.runtime_3.9.900.20250220-2013\jars\wagon-http-3.5.3.jar
2025-09-06 00:42:21,990 [Worker-73: Launching Executing test in C__Users_Sumit_Desktop_New folder_Janatri] INFO  o.eclipse.m2e.core.internal.Bundles - 	Entry: C:\Users\Sumit\.p2\pool\plugins\org.eclipse.m2e.maven.runtime_3.9.900.20250220-2013\jars\wagon-http-shared-3.5.3.jar
2025-09-06 00:42:21,990 [Worker-73: Launching Executing test in C__Users_Sumit_Desktop_New folder_Janatri] INFO  o.eclipse.m2e.core.internal.Bundles - 	Entry: C:\Users\Sumit\.p2\pool\plugins\org.eclipse.m2e.maven.runtime_3.9.900.20250220-2013\jars\wagon-provider-api-3.5.3.jar
2025-09-06 00:42:21,993 [Worker-73: Launching Executing test in C__Users_Sumit_Desktop_New folder_Janatri] INFO  o.eclipse.m2e.core.internal.Bundles - getClasspathEntries(Bundle=com.google.guava_33.4.8.jre [18])
2025-09-06 00:42:21,995 [Worker-73: Launching Executing test in C__Users_Sumit_Desktop_New folder_Janatri] INFO  o.eclipse.m2e.core.internal.Bundles - 	Entry: C:\Users\Sumit\.p2\pool\plugins\com.google.guava_33.4.8.jre.jar
2025-09-06 00:42:21,995 [Worker-73: Launching Executing test in C__Users_Sumit_Desktop_New folder_Janatri] INFO  o.eclipse.m2e.core.internal.Bundles - getClasspathEntries(Bundle=slf4j.api_2.0.17 [1004])
2025-09-06 00:42:21,996 [Worker-73: Launching Executing test in C__Users_Sumit_Desktop_New folder_Janatri] INFO  o.eclipse.m2e.core.internal.Bundles - 	Entry: C:\Users\Sumit\.p2\pool\plugins\slf4j.api_2.0.17.jar
2025-09-06 00:42:21,996 [Worker-73: Launching Executing test in C__Users_Sumit_Desktop_New folder_Janatri] INFO  o.eclipse.m2e.core.internal.Bundles - getClasspathEntries(Bundle=jakarta.inject.jakarta.inject-api_1.0.5 [35])
2025-09-06 00:42:21,997 [Worker-73: Launching Executing test in C__Users_Sumit_Desktop_New folder_Janatri] INFO  o.eclipse.m2e.core.internal.Bundles - 	Entry: C:\Users\Sumit\.p2\pool\plugins\jakarta.inject.jakarta.inject-api_1.0.5.jar
2025-09-06 00:42:21,997 [Worker-73: Launching Executing test in C__Users_Sumit_Desktop_New folder_Janatri] INFO  o.eclipse.m2e.core.internal.Bundles - getClasspathEntries(Bundle=javax.annotation_1.3.5.v20200909-1856 [45])
2025-09-06 00:42:21,997 [Worker-73: Launching Executing test in C__Users_Sumit_Desktop_New folder_Janatri] INFO  o.eclipse.m2e.core.internal.Bundles - 	Entry: C:\Users\Sumit\.p2\pool\plugins\javax.annotation_1.3.5.v20200909-1856.jar
2025-09-06 00:42:21,998 [Worker-73: Launching Executing test in C__Users_Sumit_Desktop_New folder_Janatri] INFO  o.eclipse.m2e.core.internal.Bundles - getClasspathEntries(Bundle=org.apache.commons.cli_1.9.0 [76])
2025-09-06 00:42:21,998 [Worker-73: Launching Executing test in C__Users_Sumit_Desktop_New folder_Janatri] INFO  o.eclipse.m2e.core.internal.Bundles - 	Entry: C:\Users\Sumit\.p2\pool\plugins\org.apache.commons.cli_1.9.0.jar
2025-09-06 00:42:21,998 [Worker-73: Launching Executing test in C__Users_Sumit_Desktop_New folder_Janatri] INFO  o.eclipse.m2e.core.internal.Bundles - getClasspathEntries(Bundle=org.apache.commons.commons-codec_1.16.0 [78])
2025-09-06 00:42:21,999 [Worker-73: Launching Executing test in C__Users_Sumit_Desktop_New folder_Janatri] INFO  o.eclipse.m2e.core.internal.Bundles - 	Entry: C:\Users\Sumit\.p2\pool\plugins\org.apache.commons.commons-codec_1.16.0.jar
2025-09-06 00:42:21,999 [Worker-73: Launching Executing test in C__Users_Sumit_Desktop_New folder_Janatri] INFO  o.eclipse.m2e.core.internal.Bundles - getClasspathEntries(Bundle=com.google.guava.failureaccess_1.0.3 [19])
2025-09-06 00:42:22,000 [Worker-73: Launching Executing test in C__Users_Sumit_Desktop_New folder_Janatri] INFO  o.eclipse.m2e.core.internal.Bundles - 	Entry: C:\Users\Sumit\.p2\pool\plugins\com.google.guava.failureaccess_1.0.3.jar
2025-09-06 00:42:22,005 [Worker-73: Launching Executing test in C__Users_Sumit_Desktop_New folder_Janatri] INFO  o.e.m.i.launch.MavenLaunchDelegate - Run build in "C:\Users\Sumit\Desktop\New folder\Janatri":
2025-09-06 00:42:22,005 [Worker-73: Launching Executing test in C__Users_Sumit_Desktop_New folder_Janatri] INFO  o.e.m.i.launch.MavenLaunchDelegate -  mvn  -B -Dstyle.color=always test
2025-09-06 00:48:57,855 [Worker-80: Building] WARN  o.a.m.s.f.DefaultMavenResourcesFiltering - Using platform encoding (UTF-8 actually) to copy filtered resources, i.e. build is platform dependent!
2025-09-06 00:48:57,868 [Worker-80: Building] INFO  o.a.m.s.f.DefaultMavenResourcesFiltering - Copying 0 resource from src\main\resources to target\classes
2025-09-06 00:48:57,870 [Worker-80: Building] WARN  o.a.m.s.f.DefaultMavenResourcesFiltering - Using platform encoding (UTF-8 actually) to copy filtered resources, i.e. build is platform dependent!
2025-09-06 00:48:57,871 [Worker-80: Building] INFO  o.a.m.s.f.DefaultMavenResourcesFiltering - Copying 0 resource from src\test\resources to target\test-classes
2025-09-06 00:50:43,997 [Worker-78: Building] WARN  o.a.m.s.f.DefaultMavenResourcesFiltering - Using platform encoding (UTF-8 actually) to copy filtered resources, i.e. build is platform dependent!
2025-09-06 00:50:44,000 [Worker-78: Building] INFO  o.a.m.s.f.DefaultMavenResourcesFiltering - Copying 0 resource from src\main\resources to target\classes
2025-09-06 00:50:44,004 [Worker-78: Building] WARN  o.a.m.s.f.DefaultMavenResourcesFiltering - Using platform encoding (UTF-8 actually) to copy filtered resources, i.e. build is platform dependent!
2025-09-06 00:50:44,006 [Worker-78: Building] INFO  o.a.m.s.f.DefaultMavenResourcesFiltering - Copying 0 resource from src\test\resources to target\test-classes
2025-09-06 00:51:43,072 [Worker-80: Building] WARN  o.a.m.s.f.DefaultMavenResourcesFiltering - Using platform encoding (UTF-8 actually) to copy filtered resources, i.e. build is platform dependent!
2025-09-06 00:51:43,078 [Worker-80: Building] INFO  o.a.m.s.f.DefaultMavenResourcesFiltering - Copying 0 resource from src\main\resources to target\classes
2025-09-06 00:51:43,081 [Worker-80: Building] WARN  o.a.m.s.f.DefaultMavenResourcesFiltering - Using platform encoding (UTF-8 actually) to copy filtered resources, i.e. build is platform dependent!
2025-09-06 00:51:43,084 [Worker-80: Building] INFO  o.a.m.s.f.DefaultMavenResourcesFiltering - Copying 0 resource from src\test\resources to target\test-classes
2025-09-06 00:51:59,870 [Worker-80: Launching Executing test in C__Users_Sumit_Desktop_New folder_Janatri] INFO  o.eclipse.m2e.core.internal.Bundles - getClasspathEntries(Bundle=org.eclipse.m2e.maven.runtime_3.9.900.20250220-2013 [639])
2025-09-06 00:51:59,881 [Worker-80: Launching Executing test in C__Users_Sumit_Desktop_New folder_Janatri] INFO  o.eclipse.m2e.core.internal.Bundles - 	Entry: C:\Users\Sumit\.p2\pool\plugins\org.eclipse.m2e.maven.runtime_3.9.900.20250220-2013
2025-09-06 00:51:59,882 [Worker-80: Launching Executing test in C__Users_Sumit_Desktop_New folder_Janatri] INFO  o.eclipse.m2e.core.internal.Bundles - 	Entry: C:\Users\Sumit\.p2\pool\plugins\org.eclipse.m2e.maven.runtime_3.9.900.20250220-2013\jars\aopalliance-1.0.jar
2025-09-06 00:51:59,883 [Worker-80: Launching Executing test in C__Users_Sumit_Desktop_New folder_Janatri] INFO  o.eclipse.m2e.core.internal.Bundles - 	Entry: C:\Users\Sumit\.p2\pool\plugins\org.eclipse.m2e.maven.runtime_3.9.900.20250220-2013\jars\guice-5.1.0.jar
2025-09-06 00:51:59,884 [Worker-80: Launching Executing test in C__Users_Sumit_Desktop_New folder_Janatri] INFO  o.eclipse.m2e.core.internal.Bundles - 	Entry: C:\Users\Sumit\.p2\pool\plugins\org.eclipse.m2e.maven.runtime_3.9.900.20250220-2013\jars\httpclient-4.5.14.jar
2025-09-06 00:51:59,884 [Worker-80: Launching Executing test in C__Users_Sumit_Desktop_New folder_Janatri] INFO  o.eclipse.m2e.core.internal.Bundles - 	Entry: C:\Users\Sumit\.p2\pool\plugins\org.eclipse.m2e.maven.runtime_3.9.900.20250220-2013\jars\httpcore-4.4.16.jar
2025-09-06 00:51:59,885 [Worker-80: Launching Executing test in C__Users_Sumit_Desktop_New folder_Janatri] INFO  o.eclipse.m2e.core.internal.Bundles - 	Entry: C:\Users\Sumit\.p2\pool\plugins\org.eclipse.m2e.maven.runtime_3.9.900.20250220-2013\jars\jansi-2.4.1.jar
2025-09-06 00:51:59,886 [Worker-80: Launching Executing test in C__Users_Sumit_Desktop_New folder_Janatri] INFO  o.eclipse.m2e.core.internal.Bundles - 	Entry: C:\Users\Sumit\.p2\pool\plugins\org.eclipse.m2e.maven.runtime_3.9.900.20250220-2013\jars\jcl-over-slf4j-1.7.36.jar
2025-09-06 00:51:59,886 [Worker-80: Launching Executing test in C__Users_Sumit_Desktop_New folder_Janatri] INFO  o.eclipse.m2e.core.internal.Bundles - 	Entry: C:\Users\Sumit\.p2\pool\plugins\org.eclipse.m2e.maven.runtime_3.9.900.20250220-2013\jars\maven-artifact-3.9.9.jar
2025-09-06 00:51:59,887 [Worker-80: Launching Executing test in C__Users_Sumit_Desktop_New folder_Janatri] INFO  o.eclipse.m2e.core.internal.Bundles - 	Entry: C:\Users\Sumit\.p2\pool\plugins\org.eclipse.m2e.maven.runtime_3.9.900.20250220-2013\jars\maven-builder-support-3.9.9.jar
2025-09-06 00:51:59,887 [Worker-80: Launching Executing test in C__Users_Sumit_Desktop_New folder_Janatri] INFO  o.eclipse.m2e.core.internal.Bundles - 	Entry: C:\Users\Sumit\.p2\pool\plugins\org.eclipse.m2e.maven.runtime_3.9.900.20250220-2013\jars\maven-compat-3.9.9.jar
2025-09-06 00:51:59,888 [Worker-80: Launching Executing test in C__Users_Sumit_Desktop_New folder_Janatri] INFO  o.eclipse.m2e.core.internal.Bundles - 	Entry: C:\Users\Sumit\.p2\pool\plugins\org.eclipse.m2e.maven.runtime_3.9.900.20250220-2013\jars\maven-core-3.9.9.jar
2025-09-06 00:51:59,888 [Worker-80: Launching Executing test in C__Users_Sumit_Desktop_New folder_Janatri] INFO  o.eclipse.m2e.core.internal.Bundles - 	Entry: C:\Users\Sumit\.p2\pool\plugins\org.eclipse.m2e.maven.runtime_3.9.900.20250220-2013\jars\maven-embedder-3.9.9.jar
2025-09-06 00:51:59,891 [Worker-80: Launching Executing test in C__Users_Sumit_Desktop_New folder_Janatri] INFO  o.eclipse.m2e.core.internal.Bundles - 	Entry: C:\Users\Sumit\.p2\pool\plugins\org.eclipse.m2e.maven.runtime_3.9.900.20250220-2013\jars\maven-model-3.9.9.jar
2025-09-06 00:51:59,892 [Worker-80: Launching Executing test in C__Users_Sumit_Desktop_New folder_Janatri] INFO  o.eclipse.m2e.core.internal.Bundles - 	Entry: C:\Users\Sumit\.p2\pool\plugins\org.eclipse.m2e.maven.runtime_3.9.900.20250220-2013\jars\maven-model-builder-3.9.9.jar
2025-09-06 00:51:59,893 [Worker-80: Launching Executing test in C__Users_Sumit_Desktop_New folder_Janatri] INFO  o.eclipse.m2e.core.internal.Bundles - 	Entry: C:\Users\Sumit\.p2\pool\plugins\org.eclipse.m2e.maven.runtime_3.9.900.20250220-2013\jars\maven-plugin-api-3.9.9.jar
2025-09-06 00:51:59,895 [Worker-80: Launching Executing test in C__Users_Sumit_Desktop_New folder_Janatri] INFO  o.eclipse.m2e.core.internal.Bundles - 	Entry: C:\Users\Sumit\.p2\pool\plugins\org.eclipse.m2e.maven.runtime_3.9.900.20250220-2013\jars\maven-repository-metadata-3.9.9.jar
2025-09-06 00:51:59,896 [Worker-80: Launching Executing test in C__Users_Sumit_Desktop_New folder_Janatri] INFO  o.eclipse.m2e.core.internal.Bundles - 	Entry: C:\Users\Sumit\.p2\pool\plugins\org.eclipse.m2e.maven.runtime_3.9.900.20250220-2013\jars\maven-resolver-api-1.9.22.jar
2025-09-06 00:51:59,897 [Worker-80: Launching Executing test in C__Users_Sumit_Desktop_New folder_Janatri] INFO  o.eclipse.m2e.core.internal.Bundles - 	Entry: C:\Users\Sumit\.p2\pool\plugins\org.eclipse.m2e.maven.runtime_3.9.900.20250220-2013\jars\maven-resolver-connector-basic-1.9.22.jar
2025-09-06 00:51:59,898 [Worker-80: Launching Executing test in C__Users_Sumit_Desktop_New folder_Janatri] INFO  o.eclipse.m2e.core.internal.Bundles - 	Entry: C:\Users\Sumit\.p2\pool\plugins\org.eclipse.m2e.maven.runtime_3.9.900.20250220-2013\jars\maven-resolver-impl-1.9.22.jar
2025-09-06 00:51:59,898 [Worker-80: Launching Executing test in C__Users_Sumit_Desktop_New folder_Janatri] INFO  o.eclipse.m2e.core.internal.Bundles - 	Entry: C:\Users\Sumit\.p2\pool\plugins\org.eclipse.m2e.maven.runtime_3.9.900.20250220-2013\jars\maven-resolver-named-locks-1.9.22.jar
2025-09-06 00:51:59,899 [Worker-80: Launching Executing test in C__Users_Sumit_Desktop_New folder_Janatri] INFO  o.eclipse.m2e.core.internal.Bundles - 	Entry: C:\Users\Sumit\.p2\pool\plugins\org.eclipse.m2e.maven.runtime_3.9.900.20250220-2013\jars\maven-resolver-provider-3.9.9.jar
2025-09-06 00:51:59,899 [Worker-80: Launching Executing test in C__Users_Sumit_Desktop_New folder_Janatri] INFO  o.eclipse.m2e.core.internal.Bundles - 	Entry: C:\Users\Sumit\.p2\pool\plugins\org.eclipse.m2e.maven.runtime_3.9.900.20250220-2013\jars\maven-resolver-spi-1.9.22.jar
2025-09-06 00:51:59,900 [Worker-80: Launching Executing test in C__Users_Sumit_Desktop_New folder_Janatri] INFO  o.eclipse.m2e.core.internal.Bundles - 	Entry: C:\Users\Sumit\.p2\pool\plugins\org.eclipse.m2e.maven.runtime_3.9.900.20250220-2013\jars\maven-resolver-transport-file-1.9.22.jar
2025-09-06 00:51:59,902 [Worker-80: Launching Executing test in C__Users_Sumit_Desktop_New folder_Janatri] INFO  o.eclipse.m2e.core.internal.Bundles - 	Entry: C:\Users\Sumit\.p2\pool\plugins\org.eclipse.m2e.maven.runtime_3.9.900.20250220-2013\jars\maven-resolver-transport-http-1.9.22.jar
2025-09-06 00:51:59,902 [Worker-80: Launching Executing test in C__Users_Sumit_Desktop_New folder_Janatri] INFO  o.eclipse.m2e.core.internal.Bundles - 	Entry: C:\Users\Sumit\.p2\pool\plugins\org.eclipse.m2e.maven.runtime_3.9.900.20250220-2013\jars\maven-resolver-transport-wagon-1.9.22.jar
2025-09-06 00:51:59,903 [Worker-80: Launching Executing test in C__Users_Sumit_Desktop_New folder_Janatri] INFO  o.eclipse.m2e.core.internal.Bundles - 	Entry: C:\Users\Sumit\.p2\pool\plugins\org.eclipse.m2e.maven.runtime_3.9.900.20250220-2013\jars\maven-resolver-util-1.9.22.jar
2025-09-06 00:51:59,906 [Worker-80: Launching Executing test in C__Users_Sumit_Desktop_New folder_Janatri] INFO  o.eclipse.m2e.core.internal.Bundles - 	Entry: C:\Users\Sumit\.p2\pool\plugins\org.eclipse.m2e.maven.runtime_3.9.900.20250220-2013\jars\maven-settings-3.9.9.jar
2025-09-06 00:51:59,907 [Worker-80: Launching Executing test in C__Users_Sumit_Desktop_New folder_Janatri] INFO  o.eclipse.m2e.core.internal.Bundles - 	Entry: C:\Users\Sumit\.p2\pool\plugins\org.eclipse.m2e.maven.runtime_3.9.900.20250220-2013\jars\maven-settings-builder-3.9.9.jar
2025-09-06 00:51:59,910 [Worker-80: Launching Executing test in C__Users_Sumit_Desktop_New folder_Janatri] INFO  o.eclipse.m2e.core.internal.Bundles - 	Entry: C:\Users\Sumit\.p2\pool\plugins\org.eclipse.m2e.maven.runtime_3.9.900.20250220-2013\jars\maven-shared-utils-3.4.2.jar
2025-09-06 00:51:59,911 [Worker-80: Launching Executing test in C__Users_Sumit_Desktop_New folder_Janatri] INFO  o.eclipse.m2e.core.internal.Bundles - 	Entry: C:\Users\Sumit\.p2\pool\plugins\org.eclipse.m2e.maven.runtime_3.9.900.20250220-2013\jars\org.eclipse.sisu.inject-0.9.0.M3.jar
2025-09-06 00:51:59,912 [Worker-80: Launching Executing test in C__Users_Sumit_Desktop_New folder_Janatri] INFO  o.eclipse.m2e.core.internal.Bundles - 	Entry: C:\Users\Sumit\.p2\pool\plugins\org.eclipse.m2e.maven.runtime_3.9.900.20250220-2013\jars\org.eclipse.sisu.plexus-0.9.0.M3.jar
2025-09-06 00:51:59,913 [Worker-80: Launching Executing test in C__Users_Sumit_Desktop_New folder_Janatri] INFO  o.eclipse.m2e.core.internal.Bundles - 	Entry: C:\Users\Sumit\.p2\pool\plugins\org.eclipse.m2e.maven.runtime_3.9.900.20250220-2013\jars\plexus-build-api-0.0.7.jar
2025-09-06 00:51:59,914 [Worker-80: Launching Executing test in C__Users_Sumit_Desktop_New folder_Janatri] INFO  o.eclipse.m2e.core.internal.Bundles - 	Entry: C:\Users\Sumit\.p2\pool\plugins\org.eclipse.m2e.maven.runtime_3.9.900.20250220-2013\jars\plexus-build-api-1.2.0.jar
2025-09-06 00:51:59,915 [Worker-80: Launching Executing test in C__Users_Sumit_Desktop_New folder_Janatri] INFO  o.eclipse.m2e.core.internal.Bundles - 	Entry: C:\Users\Sumit\.p2\pool\plugins\org.eclipse.m2e.maven.runtime_3.9.900.20250220-2013\jars\plexus-cipher-2.0.jar
2025-09-06 00:51:59,916 [Worker-80: Launching Executing test in C__Users_Sumit_Desktop_New folder_Janatri] INFO  o.eclipse.m2e.core.internal.Bundles - 	Entry: C:\Users\Sumit\.p2\pool\plugins\org.eclipse.m2e.maven.runtime_3.9.900.20250220-2013\jars\plexus-classworlds-2.8.0.jar
2025-09-06 00:51:59,917 [Worker-80: Launching Executing test in C__Users_Sumit_Desktop_New folder_Janatri] INFO  o.eclipse.m2e.core.internal.Bundles - 	Entry: C:\Users\Sumit\.p2\pool\plugins\org.eclipse.m2e.maven.runtime_3.9.900.20250220-2013\jars\plexus-component-annotations-2.1.0.jar
2025-09-06 00:51:59,918 [Worker-80: Launching Executing test in C__Users_Sumit_Desktop_New folder_Janatri] INFO  o.eclipse.m2e.core.internal.Bundles - 	Entry: C:\Users\Sumit\.p2\pool\plugins\org.eclipse.m2e.maven.runtime_3.9.900.20250220-2013\jars\plexus-interpolation-1.27.jar
2025-09-06 00:51:59,919 [Worker-80: Launching Executing test in C__Users_Sumit_Desktop_New folder_Janatri] INFO  o.eclipse.m2e.core.internal.Bundles - 	Entry: C:\Users\Sumit\.p2\pool\plugins\org.eclipse.m2e.maven.runtime_3.9.900.20250220-2013\jars\plexus-sec-dispatcher-2.0.jar
2025-09-06 00:51:59,919 [Worker-80: Launching Executing test in C__Users_Sumit_Desktop_New folder_Janatri] INFO  o.eclipse.m2e.core.internal.Bundles - 	Entry: C:\Users\Sumit\.p2\pool\plugins\org.eclipse.m2e.maven.runtime_3.9.900.20250220-2013\jars\plexus-utils-3.5.1.jar
2025-09-06 00:51:59,920 [Worker-80: Launching Executing test in C__Users_Sumit_Desktop_New folder_Janatri] INFO  o.eclipse.m2e.core.internal.Bundles - 	Entry: C:\Users\Sumit\.p2\pool\plugins\org.eclipse.m2e.maven.runtime_3.9.900.20250220-2013\jars\plexus-xml-3.0.1.jar
2025-09-06 00:51:59,920 [Worker-80: Launching Executing test in C__Users_Sumit_Desktop_New folder_Janatri] INFO  o.eclipse.m2e.core.internal.Bundles - 	Entry: C:\Users\Sumit\.p2\pool\plugins\org.eclipse.m2e.maven.runtime_3.9.900.20250220-2013\jars\wagon-file-3.5.3.jar
2025-09-06 00:51:59,921 [Worker-80: Launching Executing test in C__Users_Sumit_Desktop_New folder_Janatri] INFO  o.eclipse.m2e.core.internal.Bundles - 	Entry: C:\Users\Sumit\.p2\pool\plugins\org.eclipse.m2e.maven.runtime_3.9.900.20250220-2013\jars\wagon-http-3.5.3.jar
2025-09-06 00:51:59,921 [Worker-80: Launching Executing test in C__Users_Sumit_Desktop_New folder_Janatri] INFO  o.eclipse.m2e.core.internal.Bundles - 	Entry: C:\Users\Sumit\.p2\pool\plugins\org.eclipse.m2e.maven.runtime_3.9.900.20250220-2013\jars\wagon-http-shared-3.5.3.jar
2025-09-06 00:51:59,922 [Worker-80: Launching Executing test in C__Users_Sumit_Desktop_New folder_Janatri] INFO  o.eclipse.m2e.core.internal.Bundles - 	Entry: C:\Users\Sumit\.p2\pool\plugins\org.eclipse.m2e.maven.runtime_3.9.900.20250220-2013\jars\wagon-provider-api-3.5.3.jar
2025-09-06 00:51:59,930 [Worker-80: Launching Executing test in C__Users_Sumit_Desktop_New folder_Janatri] INFO  o.eclipse.m2e.core.internal.Bundles - getClasspathEntries(Bundle=com.google.guava_33.4.8.jre [18])
2025-09-06 00:51:59,932 [Worker-80: Launching Executing test in C__Users_Sumit_Desktop_New folder_Janatri] INFO  o.eclipse.m2e.core.internal.Bundles - 	Entry: C:\Users\Sumit\.p2\pool\plugins\com.google.guava_33.4.8.jre.jar
2025-09-06 00:51:59,932 [Worker-80: Launching Executing test in C__Users_Sumit_Desktop_New folder_Janatri] INFO  o.eclipse.m2e.core.internal.Bundles - getClasspathEntries(Bundle=slf4j.api_2.0.17 [1004])
2025-09-06 00:51:59,934 [Worker-80: Launching Executing test in C__Users_Sumit_Desktop_New folder_Janatri] INFO  o.eclipse.m2e.core.internal.Bundles - 	Entry: C:\Users\Sumit\.p2\pool\plugins\slf4j.api_2.0.17.jar
2025-09-06 00:51:59,934 [Worker-80: Launching Executing test in C__Users_Sumit_Desktop_New folder_Janatri] INFO  o.eclipse.m2e.core.internal.Bundles - getClasspathEntries(Bundle=jakarta.inject.jakarta.inject-api_1.0.5 [35])
2025-09-06 00:51:59,935 [Worker-80: Launching Executing test in C__Users_Sumit_Desktop_New folder_Janatri] INFO  o.eclipse.m2e.core.internal.Bundles - 	Entry: C:\Users\Sumit\.p2\pool\plugins\jakarta.inject.jakarta.inject-api_1.0.5.jar
2025-09-06 00:51:59,935 [Worker-80: Launching Executing test in C__Users_Sumit_Desktop_New folder_Janatri] INFO  o.eclipse.m2e.core.internal.Bundles - getClasspathEntries(Bundle=javax.annotation_1.3.5.v20200909-1856 [45])
2025-09-06 00:51:59,936 [Worker-80: Launching Executing test in C__Users_Sumit_Desktop_New folder_Janatri] INFO  o.eclipse.m2e.core.internal.Bundles - 	Entry: C:\Users\Sumit\.p2\pool\plugins\javax.annotation_1.3.5.v20200909-1856.jar
2025-09-06 00:51:59,936 [Worker-80: Launching Executing test in C__Users_Sumit_Desktop_New folder_Janatri] INFO  o.eclipse.m2e.core.internal.Bundles - getClasspathEntries(Bundle=org.apache.commons.cli_1.9.0 [76])
2025-09-06 00:51:59,938 [Worker-80: Launching Executing test in C__Users_Sumit_Desktop_New folder_Janatri] INFO  o.eclipse.m2e.core.internal.Bundles - 	Entry: C:\Users\Sumit\.p2\pool\plugins\org.apache.commons.cli_1.9.0.jar
2025-09-06 00:51:59,938 [Worker-80: Launching Executing test in C__Users_Sumit_Desktop_New folder_Janatri] INFO  o.eclipse.m2e.core.internal.Bundles - getClasspathEntries(Bundle=org.apache.commons.commons-codec_1.16.0 [78])
2025-09-06 00:51:59,939 [Worker-80: Launching Executing test in C__Users_Sumit_Desktop_New folder_Janatri] INFO  o.eclipse.m2e.core.internal.Bundles - 	Entry: C:\Users\Sumit\.p2\pool\plugins\org.apache.commons.commons-codec_1.16.0.jar
2025-09-06 00:51:59,939 [Worker-80: Launching Executing test in C__Users_Sumit_Desktop_New folder_Janatri] INFO  o.eclipse.m2e.core.internal.Bundles - getClasspathEntries(Bundle=com.google.guava.failureaccess_1.0.3 [19])
2025-09-06 00:51:59,943 [Worker-80: Launching Executing test in C__Users_Sumit_Desktop_New folder_Janatri] INFO  o.eclipse.m2e.core.internal.Bundles - 	Entry: C:\Users\Sumit\.p2\pool\plugins\com.google.guava.failureaccess_1.0.3.jar
2025-09-06 00:51:59,957 [Worker-80: Launching Executing test in C__Users_Sumit_Desktop_New folder_Janatri] INFO  o.e.m.i.launch.MavenLaunchDelegate - Run build in "C:\Users\Sumit\Desktop\New folder\Janatri":
2025-09-06 00:51:59,959 [Worker-80: Launching Executing test in C__Users_Sumit_Desktop_New folder_Janatri] INFO  o.e.m.i.launch.MavenLaunchDelegate -  mvn  -B -Dstyle.color=always test
2025-09-06 00:54:36,000 [Worker-80: Building] WARN  o.a.m.s.f.DefaultMavenResourcesFiltering - Using platform encoding (UTF-8 actually) to copy filtered resources, i.e. build is platform dependent!
2025-09-06 00:54:36,169 [Worker-80: Building] INFO  o.a.m.s.f.DefaultMavenResourcesFiltering - Copying 0 resource from src\main\resources to target\classes
2025-09-06 00:54:36,179 [Worker-80: Building] WARN  o.a.m.s.f.DefaultMavenResourcesFiltering - Using platform encoding (UTF-8 actually) to copy filtered resources, i.e. build is platform dependent!
2025-09-06 00:54:36,181 [Worker-80: Building] INFO  o.a.m.s.f.DefaultMavenResourcesFiltering - Copying 0 resource from src\test\resources to target\test-classes
2025-09-06 00:54:38,261 [Worker-80: Building] WARN  o.a.m.s.f.DefaultMavenResourcesFiltering - Using platform encoding (UTF-8 actually) to copy filtered resources, i.e. build is platform dependent!
2025-09-06 00:54:38,273 [Worker-80: Building] INFO  o.a.m.s.f.DefaultMavenResourcesFiltering - Copying 0 resource from src\main\resources to target\classes
2025-09-06 00:54:38,278 [Worker-80: Building] WARN  o.a.m.s.f.DefaultMavenResourcesFiltering - Using platform encoding (UTF-8 actually) to copy filtered resources, i.e. build is platform dependent!
2025-09-06 00:54:38,280 [Worker-80: Building] INFO  o.a.m.s.f.DefaultMavenResourcesFiltering - Copying 0 resource from src\test\resources to target\test-classes
2025-09-06 00:55:08,500 [Worker-80: Launching Executing test in C__Users_Sumit_Desktop_New folder_Janatri] INFO  o.eclipse.m2e.core.internal.Bundles - getClasspathEntries(Bundle=org.eclipse.m2e.maven.runtime_3.9.900.20250220-2013 [639])
2025-09-06 00:55:08,516 [Worker-80: Launching Executing test in C__Users_Sumit_Desktop_New folder_Janatri] INFO  o.eclipse.m2e.core.internal.Bundles - 	Entry: C:\Users\Sumit\.p2\pool\plugins\org.eclipse.m2e.maven.runtime_3.9.900.20250220-2013
2025-09-06 00:55:08,517 [Worker-80: Launching Executing test in C__Users_Sumit_Desktop_New folder_Janatri] INFO  o.eclipse.m2e.core.internal.Bundles - 	Entry: C:\Users\Sumit\.p2\pool\plugins\org.eclipse.m2e.maven.runtime_3.9.900.20250220-2013\jars\aopalliance-1.0.jar
2025-09-06 00:55:08,518 [Worker-80: Launching Executing test in C__Users_Sumit_Desktop_New folder_Janatri] INFO  o.eclipse.m2e.core.internal.Bundles - 	Entry: C:\Users\Sumit\.p2\pool\plugins\org.eclipse.m2e.maven.runtime_3.9.900.20250220-2013\jars\guice-5.1.0.jar
2025-09-06 00:55:08,518 [Worker-80: Launching Executing test in C__Users_Sumit_Desktop_New folder_Janatri] INFO  o.eclipse.m2e.core.internal.Bundles - 	Entry: C:\Users\Sumit\.p2\pool\plugins\org.eclipse.m2e.maven.runtime_3.9.900.20250220-2013\jars\httpclient-4.5.14.jar
2025-09-06 00:55:08,519 [Worker-80: Launching Executing test in C__Users_Sumit_Desktop_New folder_Janatri] INFO  o.eclipse.m2e.core.internal.Bundles - 	Entry: C:\Users\Sumit\.p2\pool\plugins\org.eclipse.m2e.maven.runtime_3.9.900.20250220-2013\jars\httpcore-4.4.16.jar
2025-09-06 00:55:08,520 [Worker-80: Launching Executing test in C__Users_Sumit_Desktop_New folder_Janatri] INFO  o.eclipse.m2e.core.internal.Bundles - 	Entry: C:\Users\Sumit\.p2\pool\plugins\org.eclipse.m2e.maven.runtime_3.9.900.20250220-2013\jars\jansi-2.4.1.jar
2025-09-06 00:55:08,521 [Worker-80: Launching Executing test in C__Users_Sumit_Desktop_New folder_Janatri] INFO  o.eclipse.m2e.core.internal.Bundles - 	Entry: C:\Users\Sumit\.p2\pool\plugins\org.eclipse.m2e.maven.runtime_3.9.900.20250220-2013\jars\jcl-over-slf4j-1.7.36.jar
2025-09-06 00:55:08,522 [Worker-80: Launching Executing test in C__Users_Sumit_Desktop_New folder_Janatri] INFO  o.eclipse.m2e.core.internal.Bundles - 	Entry: C:\Users\Sumit\.p2\pool\plugins\org.eclipse.m2e.maven.runtime_3.9.900.20250220-2013\jars\maven-artifact-3.9.9.jar
2025-09-06 00:55:08,523 [Worker-80: Launching Executing test in C__Users_Sumit_Desktop_New folder_Janatri] INFO  o.eclipse.m2e.core.internal.Bundles - 	Entry: C:\Users\Sumit\.p2\pool\plugins\org.eclipse.m2e.maven.runtime_3.9.900.20250220-2013\jars\maven-builder-support-3.9.9.jar
2025-09-06 00:55:08,526 [Worker-80: Launching Executing test in C__Users_Sumit_Desktop_New folder_Janatri] INFO  o.eclipse.m2e.core.internal.Bundles - 	Entry: C:\Users\Sumit\.p2\pool\plugins\org.eclipse.m2e.maven.runtime_3.9.900.20250220-2013\jars\maven-compat-3.9.9.jar
2025-09-06 00:55:08,530 [Worker-80: Launching Executing test in C__Users_Sumit_Desktop_New folder_Janatri] INFO  o.eclipse.m2e.core.internal.Bundles - 	Entry: C:\Users\Sumit\.p2\pool\plugins\org.eclipse.m2e.maven.runtime_3.9.900.20250220-2013\jars\maven-core-3.9.9.jar
2025-09-06 00:55:08,531 [Worker-80: Launching Executing test in C__Users_Sumit_Desktop_New folder_Janatri] INFO  o.eclipse.m2e.core.internal.Bundles - 	Entry: C:\Users\Sumit\.p2\pool\plugins\org.eclipse.m2e.maven.runtime_3.9.900.20250220-2013\jars\maven-embedder-3.9.9.jar
2025-09-06 00:55:08,531 [Worker-80: Launching Executing test in C__Users_Sumit_Desktop_New folder_Janatri] INFO  o.eclipse.m2e.core.internal.Bundles - 	Entry: C:\Users\Sumit\.p2\pool\plugins\org.eclipse.m2e.maven.runtime_3.9.900.20250220-2013\jars\maven-model-3.9.9.jar
2025-09-06 00:55:08,532 [Worker-80: Launching Executing test in C__Users_Sumit_Desktop_New folder_Janatri] INFO  o.eclipse.m2e.core.internal.Bundles - 	Entry: C:\Users\Sumit\.p2\pool\plugins\org.eclipse.m2e.maven.runtime_3.9.900.20250220-2013\jars\maven-model-builder-3.9.9.jar
2025-09-06 00:55:08,533 [Worker-80: Launching Executing test in C__Users_Sumit_Desktop_New folder_Janatri] INFO  o.eclipse.m2e.core.internal.Bundles - 	Entry: C:\Users\Sumit\.p2\pool\plugins\org.eclipse.m2e.maven.runtime_3.9.900.20250220-2013\jars\maven-plugin-api-3.9.9.jar
2025-09-06 00:55:08,533 [Worker-80: Launching Executing test in C__Users_Sumit_Desktop_New folder_Janatri] INFO  o.eclipse.m2e.core.internal.Bundles - 	Entry: C:\Users\Sumit\.p2\pool\plugins\org.eclipse.m2e.maven.runtime_3.9.900.20250220-2013\jars\maven-repository-metadata-3.9.9.jar
2025-09-06 00:55:08,534 [Worker-80: Launching Executing test in C__Users_Sumit_Desktop_New folder_Janatri] INFO  o.eclipse.m2e.core.internal.Bundles - 	Entry: C:\Users\Sumit\.p2\pool\plugins\org.eclipse.m2e.maven.runtime_3.9.900.20250220-2013\jars\maven-resolver-api-1.9.22.jar
2025-09-06 00:55:08,535 [Worker-80: Launching Executing test in C__Users_Sumit_Desktop_New folder_Janatri] INFO  o.eclipse.m2e.core.internal.Bundles - 	Entry: C:\Users\Sumit\.p2\pool\plugins\org.eclipse.m2e.maven.runtime_3.9.900.20250220-2013\jars\maven-resolver-connector-basic-1.9.22.jar
2025-09-06 00:55:08,536 [Worker-80: Launching Executing test in C__Users_Sumit_Desktop_New folder_Janatri] INFO  o.eclipse.m2e.core.internal.Bundles - 	Entry: C:\Users\Sumit\.p2\pool\plugins\org.eclipse.m2e.maven.runtime_3.9.900.20250220-2013\jars\maven-resolver-impl-1.9.22.jar
2025-09-06 00:55:08,537 [Worker-80: Launching Executing test in C__Users_Sumit_Desktop_New folder_Janatri] INFO  o.eclipse.m2e.core.internal.Bundles - 	Entry: C:\Users\Sumit\.p2\pool\plugins\org.eclipse.m2e.maven.runtime_3.9.900.20250220-2013\jars\maven-resolver-named-locks-1.9.22.jar
2025-09-06 00:55:08,537 [Worker-80: Launching Executing test in C__Users_Sumit_Desktop_New folder_Janatri] INFO  o.eclipse.m2e.core.internal.Bundles - 	Entry: C:\Users\Sumit\.p2\pool\plugins\org.eclipse.m2e.maven.runtime_3.9.900.20250220-2013\jars\maven-resolver-provider-3.9.9.jar
2025-09-06 00:55:08,538 [Worker-80: Launching Executing test in C__Users_Sumit_Desktop_New folder_Janatri] INFO  o.eclipse.m2e.core.internal.Bundles - 	Entry: C:\Users\Sumit\.p2\pool\plugins\org.eclipse.m2e.maven.runtime_3.9.900.20250220-2013\jars\maven-resolver-spi-1.9.22.jar
2025-09-06 00:55:08,538 [Worker-80: Launching Executing test in C__Users_Sumit_Desktop_New folder_Janatri] INFO  o.eclipse.m2e.core.internal.Bundles - 	Entry: C:\Users\Sumit\.p2\pool\plugins\org.eclipse.m2e.maven.runtime_3.9.900.20250220-2013\jars\maven-resolver-transport-file-1.9.22.jar
2025-09-06 00:55:08,539 [Worker-80: Launching Executing test in C__Users_Sumit_Desktop_New folder_Janatri] INFO  o.eclipse.m2e.core.internal.Bundles - 	Entry: C:\Users\Sumit\.p2\pool\plugins\org.eclipse.m2e.maven.runtime_3.9.900.20250220-2013\jars\maven-resolver-transport-http-1.9.22.jar
2025-09-06 00:55:08,540 [Worker-80: Launching Executing test in C__Users_Sumit_Desktop_New folder_Janatri] INFO  o.eclipse.m2e.core.internal.Bundles - 	Entry: C:\Users\Sumit\.p2\pool\plugins\org.eclipse.m2e.maven.runtime_3.9.900.20250220-2013\jars\maven-resolver-transport-wagon-1.9.22.jar
2025-09-06 00:55:08,541 [Worker-80: Launching Executing test in C__Users_Sumit_Desktop_New folder_Janatri] INFO  o.eclipse.m2e.core.internal.Bundles - 	Entry: C:\Users\Sumit\.p2\pool\plugins\org.eclipse.m2e.maven.runtime_3.9.900.20250220-2013\jars\maven-resolver-util-1.9.22.jar
2025-09-06 00:55:08,542 [Worker-80: Launching Executing test in C__Users_Sumit_Desktop_New folder_Janatri] INFO  o.eclipse.m2e.core.internal.Bundles - 	Entry: C:\Users\Sumit\.p2\pool\plugins\org.eclipse.m2e.maven.runtime_3.9.900.20250220-2013\jars\maven-settings-3.9.9.jar
2025-09-06 00:55:08,543 [Worker-80: Launching Executing test in C__Users_Sumit_Desktop_New folder_Janatri] INFO  o.eclipse.m2e.core.internal.Bundles - 	Entry: C:\Users\Sumit\.p2\pool\plugins\org.eclipse.m2e.maven.runtime_3.9.900.20250220-2013\jars\maven-settings-builder-3.9.9.jar
2025-09-06 00:55:08,544 [Worker-80: Launching Executing test in C__Users_Sumit_Desktop_New folder_Janatri] INFO  o.eclipse.m2e.core.internal.Bundles - 	Entry: C:\Users\Sumit\.p2\pool\plugins\org.eclipse.m2e.maven.runtime_3.9.900.20250220-2013\jars\maven-shared-utils-3.4.2.jar
2025-09-06 00:55:08,544 [Worker-80: Launching Executing test in C__Users_Sumit_Desktop_New folder_Janatri] INFO  o.eclipse.m2e.core.internal.Bundles - 	Entry: C:\Users\Sumit\.p2\pool\plugins\org.eclipse.m2e.maven.runtime_3.9.900.20250220-2013\jars\org.eclipse.sisu.inject-0.9.0.M3.jar
2025-09-06 00:55:08,545 [Worker-80: Launching Executing test in C__Users_Sumit_Desktop_New folder_Janatri] INFO  o.eclipse.m2e.core.internal.Bundles - 	Entry: C:\Users\Sumit\.p2\pool\plugins\org.eclipse.m2e.maven.runtime_3.9.900.20250220-2013\jars\org.eclipse.sisu.plexus-0.9.0.M3.jar
2025-09-06 00:55:08,546 [Worker-80: Launching Executing test in C__Users_Sumit_Desktop_New folder_Janatri] INFO  o.eclipse.m2e.core.internal.Bundles - 	Entry: C:\Users\Sumit\.p2\pool\plugins\org.eclipse.m2e.maven.runtime_3.9.900.20250220-2013\jars\plexus-build-api-0.0.7.jar
2025-09-06 00:55:08,547 [Worker-80: Launching Executing test in C__Users_Sumit_Desktop_New folder_Janatri] INFO  o.eclipse.m2e.core.internal.Bundles - 	Entry: C:\Users\Sumit\.p2\pool\plugins\org.eclipse.m2e.maven.runtime_3.9.900.20250220-2013\jars\plexus-build-api-1.2.0.jar
2025-09-06 00:55:08,548 [Worker-80: Launching Executing test in C__Users_Sumit_Desktop_New folder_Janatri] INFO  o.eclipse.m2e.core.internal.Bundles - 	Entry: C:\Users\Sumit\.p2\pool\plugins\org.eclipse.m2e.maven.runtime_3.9.900.20250220-2013\jars\plexus-cipher-2.0.jar
2025-09-06 00:55:08,548 [Worker-80: Launching Executing test in C__Users_Sumit_Desktop_New folder_Janatri] INFO  o.eclipse.m2e.core.internal.Bundles - 	Entry: C:\Users\Sumit\.p2\pool\plugins\org.eclipse.m2e.maven.runtime_3.9.900.20250220-2013\jars\plexus-classworlds-2.8.0.jar
2025-09-06 00:55:08,548 [Worker-80: Launching Executing test in C__Users_Sumit_Desktop_New folder_Janatri] INFO  o.eclipse.m2e.core.internal.Bundles - 	Entry: C:\Users\Sumit\.p2\pool\plugins\org.eclipse.m2e.maven.runtime_3.9.900.20250220-2013\jars\plexus-component-annotations-2.1.0.jar
2025-09-06 00:55:08,549 [Worker-80: Launching Executing test in C__Users_Sumit_Desktop_New folder_Janatri] INFO  o.eclipse.m2e.core.internal.Bundles - 	Entry: C:\Users\Sumit\.p2\pool\plugins\org.eclipse.m2e.maven.runtime_3.9.900.20250220-2013\jars\plexus-interpolation-1.27.jar
2025-09-06 00:55:08,549 [Worker-80: Launching Executing test in C__Users_Sumit_Desktop_New folder_Janatri] INFO  o.eclipse.m2e.core.internal.Bundles - 	Entry: C:\Users\Sumit\.p2\pool\plugins\org.eclipse.m2e.maven.runtime_3.9.900.20250220-2013\jars\plexus-sec-dispatcher-2.0.jar
2025-09-06 00:55:08,550 [Worker-80: Launching Executing test in C__Users_Sumit_Desktop_New folder_Janatri] INFO  o.eclipse.m2e.core.internal.Bundles - 	Entry: C:\Users\Sumit\.p2\pool\plugins\org.eclipse.m2e.maven.runtime_3.9.900.20250220-2013\jars\plexus-utils-3.5.1.jar
2025-09-06 00:55:08,550 [Worker-80: Launching Executing test in C__Users_Sumit_Desktop_New folder_Janatri] INFO  o.eclipse.m2e.core.internal.Bundles - 	Entry: C:\Users\Sumit\.p2\pool\plugins\org.eclipse.m2e.maven.runtime_3.9.900.20250220-2013\jars\plexus-xml-3.0.1.jar
2025-09-06 00:55:08,551 [Worker-80: Launching Executing test in C__Users_Sumit_Desktop_New folder_Janatri] INFO  o.eclipse.m2e.core.internal.Bundles - 	Entry: C:\Users\Sumit\.p2\pool\plugins\org.eclipse.m2e.maven.runtime_3.9.900.20250220-2013\jars\wagon-file-3.5.3.jar
2025-09-06 00:55:08,551 [Worker-80: Launching Executing test in C__Users_Sumit_Desktop_New folder_Janatri] INFO  o.eclipse.m2e.core.internal.Bundles - 	Entry: C:\Users\Sumit\.p2\pool\plugins\org.eclipse.m2e.maven.runtime_3.9.900.20250220-2013\jars\wagon-http-3.5.3.jar
2025-09-06 00:55:08,551 [Worker-80: Launching Executing test in C__Users_Sumit_Desktop_New folder_Janatri] INFO  o.eclipse.m2e.core.internal.Bundles - 	Entry: C:\Users\Sumit\.p2\pool\plugins\org.eclipse.m2e.maven.runtime_3.9.900.20250220-2013\jars\wagon-http-shared-3.5.3.jar
2025-09-06 00:55:08,552 [Worker-80: Launching Executing test in C__Users_Sumit_Desktop_New folder_Janatri] INFO  o.eclipse.m2e.core.internal.Bundles - 	Entry: C:\Users\Sumit\.p2\pool\plugins\org.eclipse.m2e.maven.runtime_3.9.900.20250220-2013\jars\wagon-provider-api-3.5.3.jar
2025-09-06 00:55:08,555 [Worker-80: Launching Executing test in C__Users_Sumit_Desktop_New folder_Janatri] INFO  o.eclipse.m2e.core.internal.Bundles - getClasspathEntries(Bundle=com.google.guava_33.4.8.jre [18])
2025-09-06 00:55:08,557 [Worker-80: Launching Executing test in C__Users_Sumit_Desktop_New folder_Janatri] INFO  o.eclipse.m2e.core.internal.Bundles - 	Entry: C:\Users\Sumit\.p2\pool\plugins\com.google.guava_33.4.8.jre.jar
2025-09-06 00:55:08,557 [Worker-80: Launching Executing test in C__Users_Sumit_Desktop_New folder_Janatri] INFO  o.eclipse.m2e.core.internal.Bundles - getClasspathEntries(Bundle=slf4j.api_2.0.17 [1004])
2025-09-06 00:55:08,560 [Worker-80: Launching Executing test in C__Users_Sumit_Desktop_New folder_Janatri] INFO  o.eclipse.m2e.core.internal.Bundles - 	Entry: C:\Users\Sumit\.p2\pool\plugins\slf4j.api_2.0.17.jar
2025-09-06 00:55:08,560 [Worker-80: Launching Executing test in C__Users_Sumit_Desktop_New folder_Janatri] INFO  o.eclipse.m2e.core.internal.Bundles - getClasspathEntries(Bundle=jakarta.inject.jakarta.inject-api_1.0.5 [35])
2025-09-06 00:55:08,561 [Worker-80: Launching Executing test in C__Users_Sumit_Desktop_New folder_Janatri] INFO  o.eclipse.m2e.core.internal.Bundles - 	Entry: C:\Users\Sumit\.p2\pool\plugins\jakarta.inject.jakarta.inject-api_1.0.5.jar
2025-09-06 00:55:08,561 [Worker-80: Launching Executing test in C__Users_Sumit_Desktop_New folder_Janatri] INFO  o.eclipse.m2e.core.internal.Bundles - getClasspathEntries(Bundle=javax.annotation_1.3.5.v20200909-1856 [45])
2025-09-06 00:55:08,564 [Worker-80: Launching Executing test in C__Users_Sumit_Desktop_New folder_Janatri] INFO  o.eclipse.m2e.core.internal.Bundles - 	Entry: C:\Users\Sumit\.p2\pool\plugins\javax.annotation_1.3.5.v20200909-1856.jar
2025-09-06 00:55:08,564 [Worker-80: Launching Executing test in C__Users_Sumit_Desktop_New folder_Janatri] INFO  o.eclipse.m2e.core.internal.Bundles - getClasspathEntries(Bundle=org.apache.commons.cli_1.9.0 [76])
2025-09-06 00:55:08,566 [Worker-80: Launching Executing test in C__Users_Sumit_Desktop_New folder_Janatri] INFO  o.eclipse.m2e.core.internal.Bundles - 	Entry: C:\Users\Sumit\.p2\pool\plugins\org.apache.commons.cli_1.9.0.jar
2025-09-06 00:55:08,566 [Worker-80: Launching Executing test in C__Users_Sumit_Desktop_New folder_Janatri] INFO  o.eclipse.m2e.core.internal.Bundles - getClasspathEntries(Bundle=org.apache.commons.commons-codec_1.16.0 [78])
2025-09-06 00:55:08,568 [Worker-80: Launching Executing test in C__Users_Sumit_Desktop_New folder_Janatri] INFO  o.eclipse.m2e.core.internal.Bundles - 	Entry: C:\Users\Sumit\.p2\pool\plugins\org.apache.commons.commons-codec_1.16.0.jar
2025-09-06 00:55:08,568 [Worker-80: Launching Executing test in C__Users_Sumit_Desktop_New folder_Janatri] INFO  o.eclipse.m2e.core.internal.Bundles - getClasspathEntries(Bundle=com.google.guava.failureaccess_1.0.3 [19])
2025-09-06 00:55:08,570 [Worker-80: Launching Executing test in C__Users_Sumit_Desktop_New folder_Janatri] INFO  o.eclipse.m2e.core.internal.Bundles - 	Entry: C:\Users\Sumit\.p2\pool\plugins\com.google.guava.failureaccess_1.0.3.jar
2025-09-06 00:55:08,581 [Worker-80: Launching Executing test in C__Users_Sumit_Desktop_New folder_Janatri] INFO  o.e.m.i.launch.MavenLaunchDelegate - Run build in "C:\Users\Sumit\Desktop\New folder\Janatri":
2025-09-06 00:55:08,582 [Worker-80: Launching Executing test in C__Users_Sumit_Desktop_New folder_Janatri] INFO  o.e.m.i.launch.MavenLaunchDelegate -  mvn  -B -Dstyle.color=always test
2025-09-06 00:56:30,757 [Worker-83: Building] WARN  o.a.m.s.f.DefaultMavenResourcesFiltering - Using platform encoding (UTF-8 actually) to copy filtered resources, i.e. build is platform dependent!
2025-09-06 00:56:30,802 [Worker-83: Building] INFO  o.a.m.s.f.DefaultMavenResourcesFiltering - Copying 0 resource from src\main\resources to target\classes
2025-09-06 00:56:30,807 [Worker-83: Building] WARN  o.a.m.s.f.DefaultMavenResourcesFiltering - Using platform encoding (UTF-8 actually) to copy filtered resources, i.e. build is platform dependent!
2025-09-06 00:56:30,810 [Worker-83: Building] INFO  o.a.m.s.f.DefaultMavenResourcesFiltering - Copying 0 resource from src\test\resources to target\test-classes
2025-09-06 00:56:36,283 [Worker-68: Launching Executing test in C__Users_Sumit_Desktop_New folder_Janatri] INFO  o.eclipse.m2e.core.internal.Bundles - getClasspathEntries(Bundle=org.eclipse.m2e.maven.runtime_3.9.900.20250220-2013 [639])
2025-09-06 00:56:36,285 [Worker-68: Launching Executing test in C__Users_Sumit_Desktop_New folder_Janatri] INFO  o.eclipse.m2e.core.internal.Bundles - 	Entry: C:\Users\Sumit\.p2\pool\plugins\org.eclipse.m2e.maven.runtime_3.9.900.20250220-2013
2025-09-06 00:56:36,286 [Worker-68: Launching Executing test in C__Users_Sumit_Desktop_New folder_Janatri] INFO  o.eclipse.m2e.core.internal.Bundles - 	Entry: C:\Users\Sumit\.p2\pool\plugins\org.eclipse.m2e.maven.runtime_3.9.900.20250220-2013\jars\aopalliance-1.0.jar
2025-09-06 00:56:36,286 [Worker-68: Launching Executing test in C__Users_Sumit_Desktop_New folder_Janatri] INFO  o.eclipse.m2e.core.internal.Bundles - 	Entry: C:\Users\Sumit\.p2\pool\plugins\org.eclipse.m2e.maven.runtime_3.9.900.20250220-2013\jars\guice-5.1.0.jar
2025-09-06 00:56:36,286 [Worker-68: Launching Executing test in C__Users_Sumit_Desktop_New folder_Janatri] INFO  o.eclipse.m2e.core.internal.Bundles - 	Entry: C:\Users\Sumit\.p2\pool\plugins\org.eclipse.m2e.maven.runtime_3.9.900.20250220-2013\jars\httpclient-4.5.14.jar
2025-09-06 00:56:36,287 [Worker-68: Launching Executing test in C__Users_Sumit_Desktop_New folder_Janatri] INFO  o.eclipse.m2e.core.internal.Bundles - 	Entry: C:\Users\Sumit\.p2\pool\plugins\org.eclipse.m2e.maven.runtime_3.9.900.20250220-2013\jars\httpcore-4.4.16.jar
2025-09-06 00:56:36,287 [Worker-68: Launching Executing test in C__Users_Sumit_Desktop_New folder_Janatri] INFO  o.eclipse.m2e.core.internal.Bundles - 	Entry: C:\Users\Sumit\.p2\pool\plugins\org.eclipse.m2e.maven.runtime_3.9.900.20250220-2013\jars\jansi-2.4.1.jar
2025-09-06 00:56:36,287 [Worker-68: Launching Executing test in C__Users_Sumit_Desktop_New folder_Janatri] INFO  o.eclipse.m2e.core.internal.Bundles - 	Entry: C:\Users\Sumit\.p2\pool\plugins\org.eclipse.m2e.maven.runtime_3.9.900.20250220-2013\jars\jcl-over-slf4j-1.7.36.jar
2025-09-06 00:56:36,287 [Worker-68: Launching Executing test in C__Users_Sumit_Desktop_New folder_Janatri] INFO  o.eclipse.m2e.core.internal.Bundles - 	Entry: C:\Users\Sumit\.p2\pool\plugins\org.eclipse.m2e.maven.runtime_3.9.900.20250220-2013\jars\maven-artifact-3.9.9.jar
2025-09-06 00:56:36,288 [Worker-68: Launching Executing test in C__Users_Sumit_Desktop_New folder_Janatri] INFO  o.eclipse.m2e.core.internal.Bundles - 	Entry: C:\Users\Sumit\.p2\pool\plugins\org.eclipse.m2e.maven.runtime_3.9.900.20250220-2013\jars\maven-builder-support-3.9.9.jar
2025-09-06 00:56:36,288 [Worker-68: Launching Executing test in C__Users_Sumit_Desktop_New folder_Janatri] INFO  o.eclipse.m2e.core.internal.Bundles - 	Entry: C:\Users\Sumit\.p2\pool\plugins\org.eclipse.m2e.maven.runtime_3.9.900.20250220-2013\jars\maven-compat-3.9.9.jar
2025-09-06 00:56:36,288 [Worker-68: Launching Executing test in C__Users_Sumit_Desktop_New folder_Janatri] INFO  o.eclipse.m2e.core.internal.Bundles - 	Entry: C:\Users\Sumit\.p2\pool\plugins\org.eclipse.m2e.maven.runtime_3.9.900.20250220-2013\jars\maven-core-3.9.9.jar
2025-09-06 00:56:36,288 [Worker-68: Launching Executing test in C__Users_Sumit_Desktop_New folder_Janatri] INFO  o.eclipse.m2e.core.internal.Bundles - 	Entry: C:\Users\Sumit\.p2\pool\plugins\org.eclipse.m2e.maven.runtime_3.9.900.20250220-2013\jars\maven-embedder-3.9.9.jar
2025-09-06 00:56:36,288 [Worker-68: Launching Executing test in C__Users_Sumit_Desktop_New folder_Janatri] INFO  o.eclipse.m2e.core.internal.Bundles - 	Entry: C:\Users\Sumit\.p2\pool\plugins\org.eclipse.m2e.maven.runtime_3.9.900.20250220-2013\jars\maven-model-3.9.9.jar
2025-09-06 00:56:36,288 [Worker-68: Launching Executing test in C__Users_Sumit_Desktop_New folder_Janatri] INFO  o.eclipse.m2e.core.internal.Bundles - 	Entry: C:\Users\Sumit\.p2\pool\plugins\org.eclipse.m2e.maven.runtime_3.9.900.20250220-2013\jars\maven-model-builder-3.9.9.jar
2025-09-06 00:56:36,289 [Worker-68: Launching Executing test in C__Users_Sumit_Desktop_New folder_Janatri] INFO  o.eclipse.m2e.core.internal.Bundles - 	Entry: C:\Users\Sumit\.p2\pool\plugins\org.eclipse.m2e.maven.runtime_3.9.900.20250220-2013\jars\maven-plugin-api-3.9.9.jar
2025-09-06 00:56:36,289 [Worker-68: Launching Executing test in C__Users_Sumit_Desktop_New folder_Janatri] INFO  o.eclipse.m2e.core.internal.Bundles - 	Entry: C:\Users\Sumit\.p2\pool\plugins\org.eclipse.m2e.maven.runtime_3.9.900.20250220-2013\jars\maven-repository-metadata-3.9.9.jar
2025-09-06 00:56:36,289 [Worker-68: Launching Executing test in C__Users_Sumit_Desktop_New folder_Janatri] INFO  o.eclipse.m2e.core.internal.Bundles - 	Entry: C:\Users\Sumit\.p2\pool\plugins\org.eclipse.m2e.maven.runtime_3.9.900.20250220-2013\jars\maven-resolver-api-1.9.22.jar
2025-09-06 00:56:36,290 [Worker-68: Launching Executing test in C__Users_Sumit_Desktop_New folder_Janatri] INFO  o.eclipse.m2e.core.internal.Bundles - 	Entry: C:\Users\Sumit\.p2\pool\plugins\org.eclipse.m2e.maven.runtime_3.9.900.20250220-2013\jars\maven-resolver-connector-basic-1.9.22.jar
2025-09-06 00:56:36,290 [Worker-68: Launching Executing test in C__Users_Sumit_Desktop_New folder_Janatri] INFO  o.eclipse.m2e.core.internal.Bundles - 	Entry: C:\Users\Sumit\.p2\pool\plugins\org.eclipse.m2e.maven.runtime_3.9.900.20250220-2013\jars\maven-resolver-impl-1.9.22.jar
2025-09-06 00:56:36,290 [Worker-68: Launching Executing test in C__Users_Sumit_Desktop_New folder_Janatri] INFO  o.eclipse.m2e.core.internal.Bundles - 	Entry: C:\Users\Sumit\.p2\pool\plugins\org.eclipse.m2e.maven.runtime_3.9.900.20250220-2013\jars\maven-resolver-named-locks-1.9.22.jar
2025-09-06 00:56:36,291 [Worker-68: Launching Executing test in C__Users_Sumit_Desktop_New folder_Janatri] INFO  o.eclipse.m2e.core.internal.Bundles - 	Entry: C:\Users\Sumit\.p2\pool\plugins\org.eclipse.m2e.maven.runtime_3.9.900.20250220-2013\jars\maven-resolver-provider-3.9.9.jar
2025-09-06 00:56:36,291 [Worker-68: Launching Executing test in C__Users_Sumit_Desktop_New folder_Janatri] INFO  o.eclipse.m2e.core.internal.Bundles - 	Entry: C:\Users\Sumit\.p2\pool\plugins\org.eclipse.m2e.maven.runtime_3.9.900.20250220-2013\jars\maven-resolver-spi-1.9.22.jar
2025-09-06 00:56:36,292 [Worker-68: Launching Executing test in C__Users_Sumit_Desktop_New folder_Janatri] INFO  o.eclipse.m2e.core.internal.Bundles - 	Entry: C:\Users\Sumit\.p2\pool\plugins\org.eclipse.m2e.maven.runtime_3.9.900.20250220-2013\jars\maven-resolver-transport-file-1.9.22.jar
2025-09-06 00:56:36,292 [Worker-68: Launching Executing test in C__Users_Sumit_Desktop_New folder_Janatri] INFO  o.eclipse.m2e.core.internal.Bundles - 	Entry: C:\Users\Sumit\.p2\pool\plugins\org.eclipse.m2e.maven.runtime_3.9.900.20250220-2013\jars\maven-resolver-transport-http-1.9.22.jar
2025-09-06 00:56:36,293 [Worker-68: Launching Executing test in C__Users_Sumit_Desktop_New folder_Janatri] INFO  o.eclipse.m2e.core.internal.Bundles - 	Entry: C:\Users\Sumit\.p2\pool\plugins\org.eclipse.m2e.maven.runtime_3.9.900.20250220-2013\jars\maven-resolver-transport-wagon-1.9.22.jar
2025-09-06 00:56:36,293 [Worker-68: Launching Executing test in C__Users_Sumit_Desktop_New folder_Janatri] INFO  o.eclipse.m2e.core.internal.Bundles - 	Entry: C:\Users\Sumit\.p2\pool\plugins\org.eclipse.m2e.maven.runtime_3.9.900.20250220-2013\jars\maven-resolver-util-1.9.22.jar
2025-09-06 00:56:36,293 [Worker-68: Launching Executing test in C__Users_Sumit_Desktop_New folder_Janatri] INFO  o.eclipse.m2e.core.internal.Bundles - 	Entry: C:\Users\Sumit\.p2\pool\plugins\org.eclipse.m2e.maven.runtime_3.9.900.20250220-2013\jars\maven-settings-3.9.9.jar
2025-09-06 00:56:36,293 [Worker-68: Launching Executing test in C__Users_Sumit_Desktop_New folder_Janatri] INFO  o.eclipse.m2e.core.internal.Bundles - 	Entry: C:\Users\Sumit\.p2\pool\plugins\org.eclipse.m2e.maven.runtime_3.9.900.20250220-2013\jars\maven-settings-builder-3.9.9.jar
2025-09-06 00:56:36,293 [Worker-68: Launching Executing test in C__Users_Sumit_Desktop_New folder_Janatri] INFO  o.eclipse.m2e.core.internal.Bundles - 	Entry: C:\Users\Sumit\.p2\pool\plugins\org.eclipse.m2e.maven.runtime_3.9.900.20250220-2013\jars\maven-shared-utils-3.4.2.jar
2025-09-06 00:56:36,294 [Worker-68: Launching Executing test in C__Users_Sumit_Desktop_New folder_Janatri] INFO  o.eclipse.m2e.core.internal.Bundles - 	Entry: C:\Users\Sumit\.p2\pool\plugins\org.eclipse.m2e.maven.runtime_3.9.900.20250220-2013\jars\org.eclipse.sisu.inject-0.9.0.M3.jar
2025-09-06 00:56:36,294 [Worker-68: Launching Executing test in C__Users_Sumit_Desktop_New folder_Janatri] INFO  o.eclipse.m2e.core.internal.Bundles - 	Entry: C:\Users\Sumit\.p2\pool\plugins\org.eclipse.m2e.maven.runtime_3.9.900.20250220-2013\jars\org.eclipse.sisu.plexus-0.9.0.M3.jar
2025-09-06 00:56:36,294 [Worker-68: Launching Executing test in C__Users_Sumit_Desktop_New folder_Janatri] INFO  o.eclipse.m2e.core.internal.Bundles - 	Entry: C:\Users\Sumit\.p2\pool\plugins\org.eclipse.m2e.maven.runtime_3.9.900.20250220-2013\jars\plexus-build-api-0.0.7.jar
2025-09-06 00:56:36,294 [Worker-68: Launching Executing test in C__Users_Sumit_Desktop_New folder_Janatri] INFO  o.eclipse.m2e.core.internal.Bundles - 	Entry: C:\Users\Sumit\.p2\pool\plugins\org.eclipse.m2e.maven.runtime_3.9.900.20250220-2013\jars\plexus-build-api-1.2.0.jar
2025-09-06 00:56:36,294 [Worker-68: Launching Executing test in C__Users_Sumit_Desktop_New folder_Janatri] INFO  o.eclipse.m2e.core.internal.Bundles - 	Entry: C:\Users\Sumit\.p2\pool\plugins\org.eclipse.m2e.maven.runtime_3.9.900.20250220-2013\jars\plexus-cipher-2.0.jar
2025-09-06 00:56:36,294 [Worker-68: Launching Executing test in C__Users_Sumit_Desktop_New folder_Janatri] INFO  o.eclipse.m2e.core.internal.Bundles - 	Entry: C:\Users\Sumit\.p2\pool\plugins\org.eclipse.m2e.maven.runtime_3.9.900.20250220-2013\jars\plexus-classworlds-2.8.0.jar
2025-09-06 00:56:36,295 [Worker-68: Launching Executing test in C__Users_Sumit_Desktop_New folder_Janatri] INFO  o.eclipse.m2e.core.internal.Bundles - 	Entry: C:\Users\Sumit\.p2\pool\plugins\org.eclipse.m2e.maven.runtime_3.9.900.20250220-2013\jars\plexus-component-annotations-2.1.0.jar
2025-09-06 00:56:36,295 [Worker-68: Launching Executing test in C__Users_Sumit_Desktop_New folder_Janatri] INFO  o.eclipse.m2e.core.internal.Bundles - 	Entry: C:\Users\Sumit\.p2\pool\plugins\org.eclipse.m2e.maven.runtime_3.9.900.20250220-2013\jars\plexus-interpolation-1.27.jar
2025-09-06 00:56:36,296 [Worker-68: Launching Executing test in C__Users_Sumit_Desktop_New folder_Janatri] INFO  o.eclipse.m2e.core.internal.Bundles - 	Entry: C:\Users\Sumit\.p2\pool\plugins\org.eclipse.m2e.maven.runtime_3.9.900.20250220-2013\jars\plexus-sec-dispatcher-2.0.jar
2025-09-06 00:56:36,296 [Worker-68: Launching Executing test in C__Users_Sumit_Desktop_New folder_Janatri] INFO  o.eclipse.m2e.core.internal.Bundles - 	Entry: C:\Users\Sumit\.p2\pool\plugins\org.eclipse.m2e.maven.runtime_3.9.900.20250220-2013\jars\plexus-utils-3.5.1.jar
2025-09-06 00:56:36,296 [Worker-68: Launching Executing test in C__Users_Sumit_Desktop_New folder_Janatri] INFO  o.eclipse.m2e.core.internal.Bundles - 	Entry: C:\Users\Sumit\.p2\pool\plugins\org.eclipse.m2e.maven.runtime_3.9.900.20250220-2013\jars\plexus-xml-3.0.1.jar
2025-09-06 00:56:36,296 [Worker-68: Launching Executing test in C__Users_Sumit_Desktop_New folder_Janatri] INFO  o.eclipse.m2e.core.internal.Bundles - 	Entry: C:\Users\Sumit\.p2\pool\plugins\org.eclipse.m2e.maven.runtime_3.9.900.20250220-2013\jars\wagon-file-3.5.3.jar
2025-09-06 00:56:36,296 [Worker-68: Launching Executing test in C__Users_Sumit_Desktop_New folder_Janatri] INFO  o.eclipse.m2e.core.internal.Bundles - 	Entry: C:\Users\Sumit\.p2\pool\plugins\org.eclipse.m2e.maven.runtime_3.9.900.20250220-2013\jars\wagon-http-3.5.3.jar
2025-09-06 00:56:36,297 [Worker-68: Launching Executing test in C__Users_Sumit_Desktop_New folder_Janatri] INFO  o.eclipse.m2e.core.internal.Bundles - 	Entry: C:\Users\Sumit\.p2\pool\plugins\org.eclipse.m2e.maven.runtime_3.9.900.20250220-2013\jars\wagon-http-shared-3.5.3.jar
2025-09-06 00:56:36,297 [Worker-68: Launching Executing test in C__Users_Sumit_Desktop_New folder_Janatri] INFO  o.eclipse.m2e.core.internal.Bundles - 	Entry: C:\Users\Sumit\.p2\pool\plugins\org.eclipse.m2e.maven.runtime_3.9.900.20250220-2013\jars\wagon-provider-api-3.5.3.jar
2025-09-06 00:56:36,301 [Worker-68: Launching Executing test in C__Users_Sumit_Desktop_New folder_Janatri] INFO  o.eclipse.m2e.core.internal.Bundles - getClasspathEntries(Bundle=com.google.guava_33.4.8.jre [18])
2025-09-06 00:56:36,303 [Worker-68: Launching Executing test in C__Users_Sumit_Desktop_New folder_Janatri] INFO  o.eclipse.m2e.core.internal.Bundles - 	Entry: C:\Users\Sumit\.p2\pool\plugins\com.google.guava_33.4.8.jre.jar
2025-09-06 00:56:36,303 [Worker-68: Launching Executing test in C__Users_Sumit_Desktop_New folder_Janatri] INFO  o.eclipse.m2e.core.internal.Bundles - getClasspathEntries(Bundle=slf4j.api_2.0.17 [1004])
2025-09-06 00:56:36,303 [Worker-68: Launching Executing test in C__Users_Sumit_Desktop_New folder_Janatri] INFO  o.eclipse.m2e.core.internal.Bundles - 	Entry: C:\Users\Sumit\.p2\pool\plugins\slf4j.api_2.0.17.jar
2025-09-06 00:56:36,303 [Worker-68: Launching Executing test in C__Users_Sumit_Desktop_New folder_Janatri] INFO  o.eclipse.m2e.core.internal.Bundles - getClasspathEntries(Bundle=jakarta.inject.jakarta.inject-api_1.0.5 [35])
2025-09-06 00:56:36,305 [Worker-68: Launching Executing test in C__Users_Sumit_Desktop_New folder_Janatri] INFO  o.eclipse.m2e.core.internal.Bundles - 	Entry: C:\Users\Sumit\.p2\pool\plugins\jakarta.inject.jakarta.inject-api_1.0.5.jar
2025-09-06 00:56:36,305 [Worker-68: Launching Executing test in C__Users_Sumit_Desktop_New folder_Janatri] INFO  o.eclipse.m2e.core.internal.Bundles - getClasspathEntries(Bundle=javax.annotation_1.3.5.v20200909-1856 [45])
2025-09-06 00:56:36,305 [Worker-68: Launching Executing test in C__Users_Sumit_Desktop_New folder_Janatri] INFO  o.eclipse.m2e.core.internal.Bundles - 	Entry: C:\Users\Sumit\.p2\pool\plugins\javax.annotation_1.3.5.v20200909-1856.jar
2025-09-06 00:56:36,306 [Worker-68: Launching Executing test in C__Users_Sumit_Desktop_New folder_Janatri] INFO  o.eclipse.m2e.core.internal.Bundles - getClasspathEntries(Bundle=org.apache.commons.cli_1.9.0 [76])
2025-09-06 00:56:36,306 [Worker-68: Launching Executing test in C__Users_Sumit_Desktop_New folder_Janatri] INFO  o.eclipse.m2e.core.internal.Bundles - 	Entry: C:\Users\Sumit\.p2\pool\plugins\org.apache.commons.cli_1.9.0.jar
2025-09-06 00:56:36,307 [Worker-68: Launching Executing test in C__Users_Sumit_Desktop_New folder_Janatri] INFO  o.eclipse.m2e.core.internal.Bundles - getClasspathEntries(Bundle=org.apache.commons.commons-codec_1.16.0 [78])
2025-09-06 00:56:36,308 [Worker-68: Launching Executing test in C__Users_Sumit_Desktop_New folder_Janatri] INFO  o.eclipse.m2e.core.internal.Bundles - 	Entry: C:\Users\Sumit\.p2\pool\plugins\org.apache.commons.commons-codec_1.16.0.jar
2025-09-06 00:56:36,308 [Worker-68: Launching Executing test in C__Users_Sumit_Desktop_New folder_Janatri] INFO  o.eclipse.m2e.core.internal.Bundles - getClasspathEntries(Bundle=com.google.guava.failureaccess_1.0.3 [19])
2025-09-06 00:56:36,310 [Worker-68: Launching Executing test in C__Users_Sumit_Desktop_New folder_Janatri] INFO  o.eclipse.m2e.core.internal.Bundles - 	Entry: C:\Users\Sumit\.p2\pool\plugins\com.google.guava.failureaccess_1.0.3.jar
2025-09-06 00:56:36,314 [Worker-68: Launching Executing test in C__Users_Sumit_Desktop_New folder_Janatri] INFO  o.e.m.i.launch.MavenLaunchDelegate - Run build in "C:\Users\Sumit\Desktop\New folder\Janatri":
2025-09-06 00:56:36,315 [Worker-68: Launching Executing test in C__Users_Sumit_Desktop_New folder_Janatri] INFO  o.e.m.i.launch.MavenLaunchDelegate -  mvn  -B -Dstyle.color=always test
2025-09-06 01:15:04,465 [Worker-89: Launching Executing test in C__Users_Sumit_Desktop_New folder_Janatri] INFO  o.eclipse.m2e.core.internal.Bundles - getClasspathEntries(Bundle=org.eclipse.m2e.maven.runtime_3.9.900.20250220-2013 [639])
2025-09-06 01:15:04,520 [Worker-89: Launching Executing test in C__Users_Sumit_Desktop_New folder_Janatri] INFO  o.eclipse.m2e.core.internal.Bundles - 	Entry: C:\Users\Sumit\.p2\pool\plugins\org.eclipse.m2e.maven.runtime_3.9.900.20250220-2013
2025-09-06 01:15:04,521 [Worker-89: Launching Executing test in C__Users_Sumit_Desktop_New folder_Janatri] INFO  o.eclipse.m2e.core.internal.Bundles - 	Entry: C:\Users\Sumit\.p2\pool\plugins\org.eclipse.m2e.maven.runtime_3.9.900.20250220-2013\jars\aopalliance-1.0.jar
2025-09-06 01:15:04,523 [Worker-89: Launching Executing test in C__Users_Sumit_Desktop_New folder_Janatri] INFO  o.eclipse.m2e.core.internal.Bundles - 	Entry: C:\Users\Sumit\.p2\pool\plugins\org.eclipse.m2e.maven.runtime_3.9.900.20250220-2013\jars\guice-5.1.0.jar
2025-09-06 01:15:04,526 [Worker-89: Launching Executing test in C__Users_Sumit_Desktop_New folder_Janatri] INFO  o.eclipse.m2e.core.internal.Bundles - 	Entry: C:\Users\Sumit\.p2\pool\plugins\org.eclipse.m2e.maven.runtime_3.9.900.20250220-2013\jars\httpclient-4.5.14.jar
2025-09-06 01:15:04,526 [Worker-89: Launching Executing test in C__Users_Sumit_Desktop_New folder_Janatri] INFO  o.eclipse.m2e.core.internal.Bundles - 	Entry: C:\Users\Sumit\.p2\pool\plugins\org.eclipse.m2e.maven.runtime_3.9.900.20250220-2013\jars\httpcore-4.4.16.jar
2025-09-06 01:15:04,527 [Worker-89: Launching Executing test in C__Users_Sumit_Desktop_New folder_Janatri] INFO  o.eclipse.m2e.core.internal.Bundles - 	Entry: C:\Users\Sumit\.p2\pool\plugins\org.eclipse.m2e.maven.runtime_3.9.900.20250220-2013\jars\jansi-2.4.1.jar
2025-09-06 01:15:04,528 [Worker-89: Launching Executing test in C__Users_Sumit_Desktop_New folder_Janatri] INFO  o.eclipse.m2e.core.internal.Bundles - 	Entry: C:\Users\Sumit\.p2\pool\plugins\org.eclipse.m2e.maven.runtime_3.9.900.20250220-2013\jars\jcl-over-slf4j-1.7.36.jar
2025-09-06 01:15:04,529 [Worker-89: Launching Executing test in C__Users_Sumit_Desktop_New folder_Janatri] INFO  o.eclipse.m2e.core.internal.Bundles - 	Entry: C:\Users\Sumit\.p2\pool\plugins\org.eclipse.m2e.maven.runtime_3.9.900.20250220-2013\jars\maven-artifact-3.9.9.jar
2025-09-06 01:15:04,531 [Worker-89: Launching Executing test in C__Users_Sumit_Desktop_New folder_Janatri] INFO  o.eclipse.m2e.core.internal.Bundles - 	Entry: C:\Users\Sumit\.p2\pool\plugins\org.eclipse.m2e.maven.runtime_3.9.900.20250220-2013\jars\maven-builder-support-3.9.9.jar
2025-09-06 01:15:04,532 [Worker-89: Launching Executing test in C__Users_Sumit_Desktop_New folder_Janatri] INFO  o.eclipse.m2e.core.internal.Bundles - 	Entry: C:\Users\Sumit\.p2\pool\plugins\org.eclipse.m2e.maven.runtime_3.9.900.20250220-2013\jars\maven-compat-3.9.9.jar
2025-09-06 01:15:04,534 [Worker-89: Launching Executing test in C__Users_Sumit_Desktop_New folder_Janatri] INFO  o.eclipse.m2e.core.internal.Bundles - 	Entry: C:\Users\Sumit\.p2\pool\plugins\org.eclipse.m2e.maven.runtime_3.9.900.20250220-2013\jars\maven-core-3.9.9.jar
2025-09-06 01:15:04,534 [Worker-89: Launching Executing test in C__Users_Sumit_Desktop_New folder_Janatri] INFO  o.eclipse.m2e.core.internal.Bundles - 	Entry: C:\Users\Sumit\.p2\pool\plugins\org.eclipse.m2e.maven.runtime_3.9.900.20250220-2013\jars\maven-embedder-3.9.9.jar
2025-09-06 01:15:04,534 [Worker-89: Launching Executing test in C__Users_Sumit_Desktop_New folder_Janatri] INFO  o.eclipse.m2e.core.internal.Bundles - 	Entry: C:\Users\Sumit\.p2\pool\plugins\org.eclipse.m2e.maven.runtime_3.9.900.20250220-2013\jars\maven-model-3.9.9.jar
2025-09-06 01:15:04,535 [Worker-89: Launching Executing test in C__Users_Sumit_Desktop_New folder_Janatri] INFO  o.eclipse.m2e.core.internal.Bundles - 	Entry: C:\Users\Sumit\.p2\pool\plugins\org.eclipse.m2e.maven.runtime_3.9.900.20250220-2013\jars\maven-model-builder-3.9.9.jar
2025-09-06 01:15:04,536 [Worker-89: Launching Executing test in C__Users_Sumit_Desktop_New folder_Janatri] INFO  o.eclipse.m2e.core.internal.Bundles - 	Entry: C:\Users\Sumit\.p2\pool\plugins\org.eclipse.m2e.maven.runtime_3.9.900.20250220-2013\jars\maven-plugin-api-3.9.9.jar
2025-09-06 01:15:04,537 [Worker-89: Launching Executing test in C__Users_Sumit_Desktop_New folder_Janatri] INFO  o.eclipse.m2e.core.internal.Bundles - 	Entry: C:\Users\Sumit\.p2\pool\plugins\org.eclipse.m2e.maven.runtime_3.9.900.20250220-2013\jars\maven-repository-metadata-3.9.9.jar
2025-09-06 01:15:04,539 [Worker-89: Launching Executing test in C__Users_Sumit_Desktop_New folder_Janatri] INFO  o.eclipse.m2e.core.internal.Bundles - 	Entry: C:\Users\Sumit\.p2\pool\plugins\org.eclipse.m2e.maven.runtime_3.9.900.20250220-2013\jars\maven-resolver-api-1.9.22.jar
2025-09-06 01:15:04,540 [Worker-89: Launching Executing test in C__Users_Sumit_Desktop_New folder_Janatri] INFO  o.eclipse.m2e.core.internal.Bundles - 	Entry: C:\Users\Sumit\.p2\pool\plugins\org.eclipse.m2e.maven.runtime_3.9.900.20250220-2013\jars\maven-resolver-connector-basic-1.9.22.jar
2025-09-06 01:15:04,541 [Worker-89: Launching Executing test in C__Users_Sumit_Desktop_New folder_Janatri] INFO  o.eclipse.m2e.core.internal.Bundles - 	Entry: C:\Users\Sumit\.p2\pool\plugins\org.eclipse.m2e.maven.runtime_3.9.900.20250220-2013\jars\maven-resolver-impl-1.9.22.jar
2025-09-06 01:15:04,542 [Worker-89: Launching Executing test in C__Users_Sumit_Desktop_New folder_Janatri] INFO  o.eclipse.m2e.core.internal.Bundles - 	Entry: C:\Users\Sumit\.p2\pool\plugins\org.eclipse.m2e.maven.runtime_3.9.900.20250220-2013\jars\maven-resolver-named-locks-1.9.22.jar
2025-09-06 01:15:04,542 [Worker-89: Launching Executing test in C__Users_Sumit_Desktop_New folder_Janatri] INFO  o.eclipse.m2e.core.internal.Bundles - 	Entry: C:\Users\Sumit\.p2\pool\plugins\org.eclipse.m2e.maven.runtime_3.9.900.20250220-2013\jars\maven-resolver-provider-3.9.9.jar
2025-09-06 01:15:04,544 [Worker-89: Launching Executing test in C__Users_Sumit_Desktop_New folder_Janatri] INFO  o.eclipse.m2e.core.internal.Bundles - 	Entry: C:\Users\Sumit\.p2\pool\plugins\org.eclipse.m2e.maven.runtime_3.9.900.20250220-2013\jars\maven-resolver-spi-1.9.22.jar
2025-09-06 01:15:04,544 [Worker-89: Launching Executing test in C__Users_Sumit_Desktop_New folder_Janatri] INFO  o.eclipse.m2e.core.internal.Bundles - 	Entry: C:\Users\Sumit\.p2\pool\plugins\org.eclipse.m2e.maven.runtime_3.9.900.20250220-2013\jars\maven-resolver-transport-file-1.9.22.jar
2025-09-06 01:15:04,547 [Worker-89: Launching Executing test in C__Users_Sumit_Desktop_New folder_Janatri] INFO  o.eclipse.m2e.core.internal.Bundles - 	Entry: C:\Users\Sumit\.p2\pool\plugins\org.eclipse.m2e.maven.runtime_3.9.900.20250220-2013\jars\maven-resolver-transport-http-1.9.22.jar
2025-09-06 01:15:04,549 [Worker-89: Launching Executing test in C__Users_Sumit_Desktop_New folder_Janatri] INFO  o.eclipse.m2e.core.internal.Bundles - 	Entry: C:\Users\Sumit\.p2\pool\plugins\org.eclipse.m2e.maven.runtime_3.9.900.20250220-2013\jars\maven-resolver-transport-wagon-1.9.22.jar
2025-09-06 01:15:04,551 [Worker-89: Launching Executing test in C__Users_Sumit_Desktop_New folder_Janatri] INFO  o.eclipse.m2e.core.internal.Bundles - 	Entry: C:\Users\Sumit\.p2\pool\plugins\org.eclipse.m2e.maven.runtime_3.9.900.20250220-2013\jars\maven-resolver-util-1.9.22.jar
2025-09-06 01:15:04,553 [Worker-89: Launching Executing test in C__Users_Sumit_Desktop_New folder_Janatri] INFO  o.eclipse.m2e.core.internal.Bundles - 	Entry: C:\Users\Sumit\.p2\pool\plugins\org.eclipse.m2e.maven.runtime_3.9.900.20250220-2013\jars\maven-settings-3.9.9.jar
2025-09-06 01:15:04,554 [Worker-89: Launching Executing test in C__Users_Sumit_Desktop_New folder_Janatri] INFO  o.eclipse.m2e.core.internal.Bundles - 	Entry: C:\Users\Sumit\.p2\pool\plugins\org.eclipse.m2e.maven.runtime_3.9.900.20250220-2013\jars\maven-settings-builder-3.9.9.jar
2025-09-06 01:15:04,555 [Worker-89: Launching Executing test in C__Users_Sumit_Desktop_New folder_Janatri] INFO  o.eclipse.m2e.core.internal.Bundles - 	Entry: C:\Users\Sumit\.p2\pool\plugins\org.eclipse.m2e.maven.runtime_3.9.900.20250220-2013\jars\maven-shared-utils-3.4.2.jar
2025-09-06 01:15:04,555 [Worker-89: Launching Executing test in C__Users_Sumit_Desktop_New folder_Janatri] INFO  o.eclipse.m2e.core.internal.Bundles - 	Entry: C:\Users\Sumit\.p2\pool\plugins\org.eclipse.m2e.maven.runtime_3.9.900.20250220-2013\jars\org.eclipse.sisu.inject-0.9.0.M3.jar
2025-09-06 01:15:04,556 [Worker-89: Launching Executing test in C__Users_Sumit_Desktop_New folder_Janatri] INFO  o.eclipse.m2e.core.internal.Bundles - 	Entry: C:\Users\Sumit\.p2\pool\plugins\org.eclipse.m2e.maven.runtime_3.9.900.20250220-2013\jars\org.eclipse.sisu.plexus-0.9.0.M3.jar
2025-09-06 01:15:04,556 [Worker-89: Launching Executing test in C__Users_Sumit_Desktop_New folder_Janatri] INFO  o.eclipse.m2e.core.internal.Bundles - 	Entry: C:\Users\Sumit\.p2\pool\plugins\org.eclipse.m2e.maven.runtime_3.9.900.20250220-2013\jars\plexus-build-api-0.0.7.jar
2025-09-06 01:15:04,558 [Worker-89: Launching Executing test in C__Users_Sumit_Desktop_New folder_Janatri] INFO  o.eclipse.m2e.core.internal.Bundles - 	Entry: C:\Users\Sumit\.p2\pool\plugins\org.eclipse.m2e.maven.runtime_3.9.900.20250220-2013\jars\plexus-build-api-1.2.0.jar
2025-09-06 01:15:04,558 [Worker-89: Launching Executing test in C__Users_Sumit_Desktop_New folder_Janatri] INFO  o.eclipse.m2e.core.internal.Bundles - 	Entry: C:\Users\Sumit\.p2\pool\plugins\org.eclipse.m2e.maven.runtime_3.9.900.20250220-2013\jars\plexus-cipher-2.0.jar
2025-09-06 01:15:04,559 [Worker-89: Launching Executing test in C__Users_Sumit_Desktop_New folder_Janatri] INFO  o.eclipse.m2e.core.internal.Bundles - 	Entry: C:\Users\Sumit\.p2\pool\plugins\org.eclipse.m2e.maven.runtime_3.9.900.20250220-2013\jars\plexus-classworlds-2.8.0.jar
2025-09-06 01:15:04,561 [Worker-89: Launching Executing test in C__Users_Sumit_Desktop_New folder_Janatri] INFO  o.eclipse.m2e.core.internal.Bundles - 	Entry: C:\Users\Sumit\.p2\pool\plugins\org.eclipse.m2e.maven.runtime_3.9.900.20250220-2013\jars\plexus-component-annotations-2.1.0.jar
2025-09-06 01:15:04,561 [Worker-89: Launching Executing test in C__Users_Sumit_Desktop_New folder_Janatri] INFO  o.eclipse.m2e.core.internal.Bundles - 	Entry: C:\Users\Sumit\.p2\pool\plugins\org.eclipse.m2e.maven.runtime_3.9.900.20250220-2013\jars\plexus-interpolation-1.27.jar
2025-09-06 01:15:04,562 [Worker-89: Launching Executing test in C__Users_Sumit_Desktop_New folder_Janatri] INFO  o.eclipse.m2e.core.internal.Bundles - 	Entry: C:\Users\Sumit\.p2\pool\plugins\org.eclipse.m2e.maven.runtime_3.9.900.20250220-2013\jars\plexus-sec-dispatcher-2.0.jar
2025-09-06 01:15:04,564 [Worker-89: Launching Executing test in C__Users_Sumit_Desktop_New folder_Janatri] INFO  o.eclipse.m2e.core.internal.Bundles - 	Entry: C:\Users\Sumit\.p2\pool\plugins\org.eclipse.m2e.maven.runtime_3.9.900.20250220-2013\jars\plexus-utils-3.5.1.jar
2025-09-06 01:15:04,565 [Worker-89: Launching Executing test in C__Users_Sumit_Desktop_New folder_Janatri] INFO  o.eclipse.m2e.core.internal.Bundles - 	Entry: C:\Users\Sumit\.p2\pool\plugins\org.eclipse.m2e.maven.runtime_3.9.900.20250220-2013\jars\plexus-xml-3.0.1.jar
2025-09-06 01:15:04,565 [Worker-89: Launching Executing test in C__Users_Sumit_Desktop_New folder_Janatri] INFO  o.eclipse.m2e.core.internal.Bundles - 	Entry: C:\Users\Sumit\.p2\pool\plugins\org.eclipse.m2e.maven.runtime_3.9.900.20250220-2013\jars\wagon-file-3.5.3.jar
2025-09-06 01:15:04,565 [Worker-89: Launching Executing test in C__Users_Sumit_Desktop_New folder_Janatri] INFO  o.eclipse.m2e.core.internal.Bundles - 	Entry: C:\Users\Sumit\.p2\pool\plugins\org.eclipse.m2e.maven.runtime_3.9.900.20250220-2013\jars\wagon-http-3.5.3.jar
2025-09-06 01:15:04,566 [Worker-89: Launching Executing test in C__Users_Sumit_Desktop_New folder_Janatri] INFO  o.eclipse.m2e.core.internal.Bundles - 	Entry: C:\Users\Sumit\.p2\pool\plugins\org.eclipse.m2e.maven.runtime_3.9.900.20250220-2013\jars\wagon-http-shared-3.5.3.jar
2025-09-06 01:15:04,567 [Worker-89: Launching Executing test in C__Users_Sumit_Desktop_New folder_Janatri] INFO  o.eclipse.m2e.core.internal.Bundles - 	Entry: C:\Users\Sumit\.p2\pool\plugins\org.eclipse.m2e.maven.runtime_3.9.900.20250220-2013\jars\wagon-provider-api-3.5.3.jar
2025-09-06 01:15:04,586 [Worker-89: Launching Executing test in C__Users_Sumit_Desktop_New folder_Janatri] INFO  o.eclipse.m2e.core.internal.Bundles - getClasspathEntries(Bundle=com.google.guava_33.4.8.jre [18])
2025-09-06 01:15:04,589 [Worker-89: Launching Executing test in C__Users_Sumit_Desktop_New folder_Janatri] INFO  o.eclipse.m2e.core.internal.Bundles - 	Entry: C:\Users\Sumit\.p2\pool\plugins\com.google.guava_33.4.8.jre.jar
2025-09-06 01:15:04,589 [Worker-89: Launching Executing test in C__Users_Sumit_Desktop_New folder_Janatri] INFO  o.eclipse.m2e.core.internal.Bundles - getClasspathEntries(Bundle=slf4j.api_2.0.17 [1004])
2025-09-06 01:15:04,592 [Worker-89: Launching Executing test in C__Users_Sumit_Desktop_New folder_Janatri] INFO  o.eclipse.m2e.core.internal.Bundles - 	Entry: C:\Users\Sumit\.p2\pool\plugins\slf4j.api_2.0.17.jar
2025-09-06 01:15:04,592 [Worker-89: Launching Executing test in C__Users_Sumit_Desktop_New folder_Janatri] INFO  o.eclipse.m2e.core.internal.Bundles - getClasspathEntries(Bundle=jakarta.inject.jakarta.inject-api_1.0.5 [35])
2025-09-06 01:15:04,593 [Worker-89: Launching Executing test in C__Users_Sumit_Desktop_New folder_Janatri] INFO  o.eclipse.m2e.core.internal.Bundles - 	Entry: C:\Users\Sumit\.p2\pool\plugins\jakarta.inject.jakarta.inject-api_1.0.5.jar
2025-09-06 01:15:04,593 [Worker-89: Launching Executing test in C__Users_Sumit_Desktop_New folder_Janatri] INFO  o.eclipse.m2e.core.internal.Bundles - getClasspathEntries(Bundle=javax.annotation_1.3.5.v20200909-1856 [45])
2025-09-06 01:15:04,595 [Worker-89: Launching Executing test in C__Users_Sumit_Desktop_New folder_Janatri] INFO  o.eclipse.m2e.core.internal.Bundles - 	Entry: C:\Users\Sumit\.p2\pool\plugins\javax.annotation_1.3.5.v20200909-1856.jar
2025-09-06 01:15:04,595 [Worker-89: Launching Executing test in C__Users_Sumit_Desktop_New folder_Janatri] INFO  o.eclipse.m2e.core.internal.Bundles - getClasspathEntries(Bundle=org.apache.commons.cli_1.9.0 [76])
2025-09-06 01:15:04,598 [Worker-89: Launching Executing test in C__Users_Sumit_Desktop_New folder_Janatri] INFO  o.eclipse.m2e.core.internal.Bundles - 	Entry: C:\Users\Sumit\.p2\pool\plugins\org.apache.commons.cli_1.9.0.jar
2025-09-06 01:15:04,598 [Worker-89: Launching Executing test in C__Users_Sumit_Desktop_New folder_Janatri] INFO  o.eclipse.m2e.core.internal.Bundles - getClasspathEntries(Bundle=org.apache.commons.commons-codec_1.16.0 [78])
2025-09-06 01:15:04,600 [Worker-89: Launching Executing test in C__Users_Sumit_Desktop_New folder_Janatri] INFO  o.eclipse.m2e.core.internal.Bundles - 	Entry: C:\Users\Sumit\.p2\pool\plugins\org.apache.commons.commons-codec_1.16.0.jar
2025-09-06 01:15:04,600 [Worker-89: Launching Executing test in C__Users_Sumit_Desktop_New folder_Janatri] INFO  o.eclipse.m2e.core.internal.Bundles - getClasspathEntries(Bundle=com.google.guava.failureaccess_1.0.3 [19])
2025-09-06 01:15:04,602 [Worker-89: Launching Executing test in C__Users_Sumit_Desktop_New folder_Janatri] INFO  o.eclipse.m2e.core.internal.Bundles - 	Entry: C:\Users\Sumit\.p2\pool\plugins\com.google.guava.failureaccess_1.0.3.jar
2025-09-06 01:15:04,654 [Worker-89: Launching Executing test in C__Users_Sumit_Desktop_New folder_Janatri] INFO  o.e.m.i.launch.MavenLaunchDelegate - Run build in "C:\Users\Sumit\Desktop\New folder\Janatri":
2025-09-06 01:15:04,660 [Worker-89: Launching Executing test in C__Users_Sumit_Desktop_New folder_Janatri] INFO  o.e.m.i.launch.MavenLaunchDelegate -  mvn  -B -Dstyle.color=always test
2025-09-06 01:17:15,213 [Worker-94: Building] WARN  o.a.m.s.f.DefaultMavenResourcesFiltering - Using platform encoding (UTF-8 actually) to copy filtered resources, i.e. build is platform dependent!
2025-09-06 01:17:15,319 [Worker-94: Building] INFO  o.a.m.s.f.DefaultMavenResourcesFiltering - Copying 0 resource from src\main\resources to target\classes
2025-09-06 01:17:15,331 [Worker-94: Building] WARN  o.a.m.s.f.DefaultMavenResourcesFiltering - Using platform encoding (UTF-8 actually) to copy filtered resources, i.e. build is platform dependent!
2025-09-06 01:17:15,333 [Worker-94: Building] INFO  o.a.m.s.f.DefaultMavenResourcesFiltering - Copying 0 resource from src\test\resources to target\test-classes
2025-09-06 01:17:31,385 [Worker-93: Building] WARN  o.a.m.s.f.DefaultMavenResourcesFiltering - Using platform encoding (UTF-8 actually) to copy filtered resources, i.e. build is platform dependent!
2025-09-06 01:17:31,387 [Worker-93: Building] INFO  o.a.m.s.f.DefaultMavenResourcesFiltering - Copying 0 resource from src\main\resources to target\classes
2025-09-06 01:17:31,392 [Worker-93: Building] WARN  o.a.m.s.f.DefaultMavenResourcesFiltering - Using platform encoding (UTF-8 actually) to copy filtered resources, i.e. build is platform dependent!
2025-09-06 01:17:31,394 [Worker-93: Building] INFO  o.a.m.s.f.DefaultMavenResourcesFiltering - Copying 0 resource from src\test\resources to target\test-classes
2025-09-06 01:20:57,323 [Worker-98: Building] WARN  o.a.m.s.f.DefaultMavenResourcesFiltering - Using platform encoding (UTF-8 actually) to copy filtered resources, i.e. build is platform dependent!
2025-09-06 01:20:57,334 [Worker-98: Building] INFO  o.a.m.s.f.DefaultMavenResourcesFiltering - Copying 0 resource from src\main\resources to target\classes
2025-09-06 01:20:57,337 [Worker-98: Building] WARN  o.a.m.s.f.DefaultMavenResourcesFiltering - Using platform encoding (UTF-8 actually) to copy filtered resources, i.e. build is platform dependent!
2025-09-06 01:20:57,338 [Worker-98: Building] INFO  o.a.m.s.f.DefaultMavenResourcesFiltering - Copying 0 resource from src\test\resources to target\test-classes
2025-09-06 01:21:00,176 [Worker-98: Building] WARN  o.a.m.s.f.DefaultMavenResourcesFiltering - Using platform encoding (UTF-8 actually) to copy filtered resources, i.e. build is platform dependent!
2025-09-06 01:21:00,178 [Worker-98: Building] INFO  o.a.m.s.f.DefaultMavenResourcesFiltering - Copying 0 resource from src\main\resources to target\classes
2025-09-06 01:21:00,181 [Worker-98: Building] WARN  o.a.m.s.f.DefaultMavenResourcesFiltering - Using platform encoding (UTF-8 actually) to copy filtered resources, i.e. build is platform dependent!
2025-09-06 01:21:00,184 [Worker-98: Building] INFO  o.a.m.s.f.DefaultMavenResourcesFiltering - Copying 0 resource from src\test\resources to target\test-classes
2025-09-06 01:21:07,733 [Worker-93: Launching Executing test in C__Users_Sumit_Desktop_New folder_Janatri] INFO  o.eclipse.m2e.core.internal.Bundles - getClasspathEntries(Bundle=org.eclipse.m2e.maven.runtime_3.9.900.20250220-2013 [639])
2025-09-06 01:21:07,739 [Worker-93: Launching Executing test in C__Users_Sumit_Desktop_New folder_Janatri] INFO  o.eclipse.m2e.core.internal.Bundles - 	Entry: C:\Users\Sumit\.p2\pool\plugins\org.eclipse.m2e.maven.runtime_3.9.900.20250220-2013
2025-09-06 01:21:07,741 [Worker-93: Launching Executing test in C__Users_Sumit_Desktop_New folder_Janatri] INFO  o.eclipse.m2e.core.internal.Bundles - 	Entry: C:\Users\Sumit\.p2\pool\plugins\org.eclipse.m2e.maven.runtime_3.9.900.20250220-2013\jars\aopalliance-1.0.jar
2025-09-06 01:21:07,743 [Worker-93: Launching Executing test in C__Users_Sumit_Desktop_New folder_Janatri] INFO  o.eclipse.m2e.core.internal.Bundles - 	Entry: C:\Users\Sumit\.p2\pool\plugins\org.eclipse.m2e.maven.runtime_3.9.900.20250220-2013\jars\guice-5.1.0.jar
2025-09-06 01:21:07,745 [Worker-93: Launching Executing test in C__Users_Sumit_Desktop_New folder_Janatri] INFO  o.eclipse.m2e.core.internal.Bundles - 	Entry: C:\Users\Sumit\.p2\pool\plugins\org.eclipse.m2e.maven.runtime_3.9.900.20250220-2013\jars\httpclient-4.5.14.jar
2025-09-06 01:21:07,746 [Worker-93: Launching Executing test in C__Users_Sumit_Desktop_New folder_Janatri] INFO  o.eclipse.m2e.core.internal.Bundles - 	Entry: C:\Users\Sumit\.p2\pool\plugins\org.eclipse.m2e.maven.runtime_3.9.900.20250220-2013\jars\httpcore-4.4.16.jar
2025-09-06 01:21:07,749 [Worker-93: Launching Executing test in C__Users_Sumit_Desktop_New folder_Janatri] INFO  o.eclipse.m2e.core.internal.Bundles - 	Entry: C:\Users\Sumit\.p2\pool\plugins\org.eclipse.m2e.maven.runtime_3.9.900.20250220-2013\jars\jansi-2.4.1.jar
2025-09-06 01:21:07,750 [Worker-93: Launching Executing test in C__Users_Sumit_Desktop_New folder_Janatri] INFO  o.eclipse.m2e.core.internal.Bundles - 	Entry: C:\Users\Sumit\.p2\pool\plugins\org.eclipse.m2e.maven.runtime_3.9.900.20250220-2013\jars\jcl-over-slf4j-1.7.36.jar
2025-09-06 01:21:07,753 [Worker-93: Launching Executing test in C__Users_Sumit_Desktop_New folder_Janatri] INFO  o.eclipse.m2e.core.internal.Bundles - 	Entry: C:\Users\Sumit\.p2\pool\plugins\org.eclipse.m2e.maven.runtime_3.9.900.20250220-2013\jars\maven-artifact-3.9.9.jar
2025-09-06 01:21:07,755 [Worker-93: Launching Executing test in C__Users_Sumit_Desktop_New folder_Janatri] INFO  o.eclipse.m2e.core.internal.Bundles - 	Entry: C:\Users\Sumit\.p2\pool\plugins\org.eclipse.m2e.maven.runtime_3.9.900.20250220-2013\jars\maven-builder-support-3.9.9.jar
2025-09-06 01:21:07,757 [Worker-93: Launching Executing test in C__Users_Sumit_Desktop_New folder_Janatri] INFO  o.eclipse.m2e.core.internal.Bundles - 	Entry: C:\Users\Sumit\.p2\pool\plugins\org.eclipse.m2e.maven.runtime_3.9.900.20250220-2013\jars\maven-compat-3.9.9.jar
2025-09-06 01:21:07,759 [Worker-93: Launching Executing test in C__Users_Sumit_Desktop_New folder_Janatri] INFO  o.eclipse.m2e.core.internal.Bundles - 	Entry: C:\Users\Sumit\.p2\pool\plugins\org.eclipse.m2e.maven.runtime_3.9.900.20250220-2013\jars\maven-core-3.9.9.jar
2025-09-06 01:21:07,761 [Worker-93: Launching Executing test in C__Users_Sumit_Desktop_New folder_Janatri] INFO  o.eclipse.m2e.core.internal.Bundles - 	Entry: C:\Users\Sumit\.p2\pool\plugins\org.eclipse.m2e.maven.runtime_3.9.900.20250220-2013\jars\maven-embedder-3.9.9.jar
2025-09-06 01:21:07,762 [Worker-93: Launching Executing test in C__Users_Sumit_Desktop_New folder_Janatri] INFO  o.eclipse.m2e.core.internal.Bundles - 	Entry: C:\Users\Sumit\.p2\pool\plugins\org.eclipse.m2e.maven.runtime_3.9.900.20250220-2013\jars\maven-model-3.9.9.jar
2025-09-06 01:21:07,764 [Worker-93: Launching Executing test in C__Users_Sumit_Desktop_New folder_Janatri] INFO  o.eclipse.m2e.core.internal.Bundles - 	Entry: C:\Users\Sumit\.p2\pool\plugins\org.eclipse.m2e.maven.runtime_3.9.900.20250220-2013\jars\maven-model-builder-3.9.9.jar
2025-09-06 01:21:07,767 [Worker-93: Launching Executing test in C__Users_Sumit_Desktop_New folder_Janatri] INFO  o.eclipse.m2e.core.internal.Bundles - 	Entry: C:\Users\Sumit\.p2\pool\plugins\org.eclipse.m2e.maven.runtime_3.9.900.20250220-2013\jars\maven-plugin-api-3.9.9.jar
2025-09-06 01:21:07,768 [Worker-93: Launching Executing test in C__Users_Sumit_Desktop_New folder_Janatri] INFO  o.eclipse.m2e.core.internal.Bundles - 	Entry: C:\Users\Sumit\.p2\pool\plugins\org.eclipse.m2e.maven.runtime_3.9.900.20250220-2013\jars\maven-repository-metadata-3.9.9.jar
2025-09-06 01:21:07,771 [Worker-93: Launching Executing test in C__Users_Sumit_Desktop_New folder_Janatri] INFO  o.eclipse.m2e.core.internal.Bundles - 	Entry: C:\Users\Sumit\.p2\pool\plugins\org.eclipse.m2e.maven.runtime_3.9.900.20250220-2013\jars\maven-resolver-api-1.9.22.jar
2025-09-06 01:21:07,774 [Worker-93: Launching Executing test in C__Users_Sumit_Desktop_New folder_Janatri] INFO  o.eclipse.m2e.core.internal.Bundles - 	Entry: C:\Users\Sumit\.p2\pool\plugins\org.eclipse.m2e.maven.runtime_3.9.900.20250220-2013\jars\maven-resolver-connector-basic-1.9.22.jar
2025-09-06 01:21:07,775 [Worker-93: Launching Executing test in C__Users_Sumit_Desktop_New folder_Janatri] INFO  o.eclipse.m2e.core.internal.Bundles - 	Entry: C:\Users\Sumit\.p2\pool\plugins\org.eclipse.m2e.maven.runtime_3.9.900.20250220-2013\jars\maven-resolver-impl-1.9.22.jar
2025-09-06 01:21:07,776 [Worker-93: Launching Executing test in C__Users_Sumit_Desktop_New folder_Janatri] INFO  o.eclipse.m2e.core.internal.Bundles - 	Entry: C:\Users\Sumit\.p2\pool\plugins\org.eclipse.m2e.maven.runtime_3.9.900.20250220-2013\jars\maven-resolver-named-locks-1.9.22.jar
2025-09-06 01:21:07,779 [Worker-93: Launching Executing test in C__Users_Sumit_Desktop_New folder_Janatri] INFO  o.eclipse.m2e.core.internal.Bundles - 	Entry: C:\Users\Sumit\.p2\pool\plugins\org.eclipse.m2e.maven.runtime_3.9.900.20250220-2013\jars\maven-resolver-provider-3.9.9.jar
2025-09-06 01:21:07,781 [Worker-93: Launching Executing test in C__Users_Sumit_Desktop_New folder_Janatri] INFO  o.eclipse.m2e.core.internal.Bundles - 	Entry: C:\Users\Sumit\.p2\pool\plugins\org.eclipse.m2e.maven.runtime_3.9.900.20250220-2013\jars\maven-resolver-spi-1.9.22.jar
2025-09-06 01:21:07,783 [Worker-93: Launching Executing test in C__Users_Sumit_Desktop_New folder_Janatri] INFO  o.eclipse.m2e.core.internal.Bundles - 	Entry: C:\Users\Sumit\.p2\pool\plugins\org.eclipse.m2e.maven.runtime_3.9.900.20250220-2013\jars\maven-resolver-transport-file-1.9.22.jar
2025-09-06 01:21:07,785 [Worker-93: Launching Executing test in C__Users_Sumit_Desktop_New folder_Janatri] INFO  o.eclipse.m2e.core.internal.Bundles - 	Entry: C:\Users\Sumit\.p2\pool\plugins\org.eclipse.m2e.maven.runtime_3.9.900.20250220-2013\jars\maven-resolver-transport-http-1.9.22.jar
2025-09-06 01:21:07,787 [Worker-93: Launching Executing test in C__Users_Sumit_Desktop_New folder_Janatri] INFO  o.eclipse.m2e.core.internal.Bundles - 	Entry: C:\Users\Sumit\.p2\pool\plugins\org.eclipse.m2e.maven.runtime_3.9.900.20250220-2013\jars\maven-resolver-transport-wagon-1.9.22.jar
2025-09-06 01:21:07,788 [Worker-93: Launching Executing test in C__Users_Sumit_Desktop_New folder_Janatri] INFO  o.eclipse.m2e.core.internal.Bundles - 	Entry: C:\Users\Sumit\.p2\pool\plugins\org.eclipse.m2e.maven.runtime_3.9.900.20250220-2013\jars\maven-resolver-util-1.9.22.jar
2025-09-06 01:21:07,789 [Worker-93: Launching Executing test in C__Users_Sumit_Desktop_New folder_Janatri] INFO  o.eclipse.m2e.core.internal.Bundles - 	Entry: C:\Users\Sumit\.p2\pool\plugins\org.eclipse.m2e.maven.runtime_3.9.900.20250220-2013\jars\maven-settings-3.9.9.jar
2025-09-06 01:21:07,791 [Worker-93: Launching Executing test in C__Users_Sumit_Desktop_New folder_Janatri] INFO  o.eclipse.m2e.core.internal.Bundles - 	Entry: C:\Users\Sumit\.p2\pool\plugins\org.eclipse.m2e.maven.runtime_3.9.900.20250220-2013\jars\maven-settings-builder-3.9.9.jar
2025-09-06 01:21:07,793 [Worker-93: Launching Executing test in C__Users_Sumit_Desktop_New folder_Janatri] INFO  o.eclipse.m2e.core.internal.Bundles - 	Entry: C:\Users\Sumit\.p2\pool\plugins\org.eclipse.m2e.maven.runtime_3.9.900.20250220-2013\jars\maven-shared-utils-3.4.2.jar
2025-09-06 01:21:07,794 [Worker-93: Launching Executing test in C__Users_Sumit_Desktop_New folder_Janatri] INFO  o.eclipse.m2e.core.internal.Bundles - 	Entry: C:\Users\Sumit\.p2\pool\plugins\org.eclipse.m2e.maven.runtime_3.9.900.20250220-2013\jars\org.eclipse.sisu.inject-0.9.0.M3.jar
2025-09-06 01:21:07,796 [Worker-93: Launching Executing test in C__Users_Sumit_Desktop_New folder_Janatri] INFO  o.eclipse.m2e.core.internal.Bundles - 	Entry: C:\Users\Sumit\.p2\pool\plugins\org.eclipse.m2e.maven.runtime_3.9.900.20250220-2013\jars\org.eclipse.sisu.plexus-0.9.0.M3.jar
2025-09-06 01:21:07,799 [Worker-93: Launching Executing test in C__Users_Sumit_Desktop_New folder_Janatri] INFO  o.eclipse.m2e.core.internal.Bundles - 	Entry: C:\Users\Sumit\.p2\pool\plugins\org.eclipse.m2e.maven.runtime_3.9.900.20250220-2013\jars\plexus-build-api-0.0.7.jar
2025-09-06 01:21:07,801 [Worker-93: Launching Executing test in C__Users_Sumit_Desktop_New folder_Janatri] INFO  o.eclipse.m2e.core.internal.Bundles - 	Entry: C:\Users\Sumit\.p2\pool\plugins\org.eclipse.m2e.maven.runtime_3.9.900.20250220-2013\jars\plexus-build-api-1.2.0.jar
2025-09-06 01:21:07,803 [Worker-93: Launching Executing test in C__Users_Sumit_Desktop_New folder_Janatri] INFO  o.eclipse.m2e.core.internal.Bundles - 	Entry: C:\Users\Sumit\.p2\pool\plugins\org.eclipse.m2e.maven.runtime_3.9.900.20250220-2013\jars\plexus-cipher-2.0.jar
2025-09-06 01:21:07,805 [Worker-93: Launching Executing test in C__Users_Sumit_Desktop_New folder_Janatri] INFO  o.eclipse.m2e.core.internal.Bundles - 	Entry: C:\Users\Sumit\.p2\pool\plugins\org.eclipse.m2e.maven.runtime_3.9.900.20250220-2013\jars\plexus-classworlds-2.8.0.jar
2025-09-06 01:21:07,807 [Worker-93: Launching Executing test in C__Users_Sumit_Desktop_New folder_Janatri] INFO  o.eclipse.m2e.core.internal.Bundles - 	Entry: C:\Users\Sumit\.p2\pool\plugins\org.eclipse.m2e.maven.runtime_3.9.900.20250220-2013\jars\plexus-component-annotations-2.1.0.jar
2025-09-06 01:21:07,809 [Worker-93: Launching Executing test in C__Users_Sumit_Desktop_New folder_Janatri] INFO  o.eclipse.m2e.core.internal.Bundles - 	Entry: C:\Users\Sumit\.p2\pool\plugins\org.eclipse.m2e.maven.runtime_3.9.900.20250220-2013\jars\plexus-interpolation-1.27.jar
2025-09-06 01:21:07,811 [Worker-93: Launching Executing test in C__Users_Sumit_Desktop_New folder_Janatri] INFO  o.eclipse.m2e.core.internal.Bundles - 	Entry: C:\Users\Sumit\.p2\pool\plugins\org.eclipse.m2e.maven.runtime_3.9.900.20250220-2013\jars\plexus-sec-dispatcher-2.0.jar
2025-09-06 01:21:07,813 [Worker-93: Launching Executing test in C__Users_Sumit_Desktop_New folder_Janatri] INFO  o.eclipse.m2e.core.internal.Bundles - 	Entry: C:\Users\Sumit\.p2\pool\plugins\org.eclipse.m2e.maven.runtime_3.9.900.20250220-2013\jars\plexus-utils-3.5.1.jar
2025-09-06 01:21:07,814 [Worker-93: Launching Executing test in C__Users_Sumit_Desktop_New folder_Janatri] INFO  o.eclipse.m2e.core.internal.Bundles - 	Entry: C:\Users\Sumit\.p2\pool\plugins\org.eclipse.m2e.maven.runtime_3.9.900.20250220-2013\jars\plexus-xml-3.0.1.jar
2025-09-06 01:21:07,816 [Worker-93: Launching Executing test in C__Users_Sumit_Desktop_New folder_Janatri] INFO  o.eclipse.m2e.core.internal.Bundles - 	Entry: C:\Users\Sumit\.p2\pool\plugins\org.eclipse.m2e.maven.runtime_3.9.900.20250220-2013\jars\wagon-file-3.5.3.jar
2025-09-06 01:21:07,817 [Worker-93: Launching Executing test in C__Users_Sumit_Desktop_New folder_Janatri] INFO  o.eclipse.m2e.core.internal.Bundles - 	Entry: C:\Users\Sumit\.p2\pool\plugins\org.eclipse.m2e.maven.runtime_3.9.900.20250220-2013\jars\wagon-http-3.5.3.jar
2025-09-06 01:21:07,818 [Worker-93: Launching Executing test in C__Users_Sumit_Desktop_New folder_Janatri] INFO  o.eclipse.m2e.core.internal.Bundles - 	Entry: C:\Users\Sumit\.p2\pool\plugins\org.eclipse.m2e.maven.runtime_3.9.900.20250220-2013\jars\wagon-http-shared-3.5.3.jar
2025-09-06 01:21:07,820 [Worker-93: Launching Executing test in C__Users_Sumit_Desktop_New folder_Janatri] INFO  o.eclipse.m2e.core.internal.Bundles - 	Entry: C:\Users\Sumit\.p2\pool\plugins\org.eclipse.m2e.maven.runtime_3.9.900.20250220-2013\jars\wagon-provider-api-3.5.3.jar
2025-09-06 01:21:07,823 [Worker-93: Launching Executing test in C__Users_Sumit_Desktop_New folder_Janatri] INFO  o.eclipse.m2e.core.internal.Bundles - getClasspathEntries(Bundle=com.google.guava_33.4.8.jre [18])
2025-09-06 01:21:07,825 [Worker-93: Launching Executing test in C__Users_Sumit_Desktop_New folder_Janatri] INFO  o.eclipse.m2e.core.internal.Bundles - 	Entry: C:\Users\Sumit\.p2\pool\plugins\com.google.guava_33.4.8.jre.jar
2025-09-06 01:21:07,825 [Worker-93: Launching Executing test in C__Users_Sumit_Desktop_New folder_Janatri] INFO  o.eclipse.m2e.core.internal.Bundles - getClasspathEntries(Bundle=slf4j.api_2.0.17 [1004])
2025-09-06 01:21:07,826 [Worker-93: Launching Executing test in C__Users_Sumit_Desktop_New folder_Janatri] INFO  o.eclipse.m2e.core.internal.Bundles - 	Entry: C:\Users\Sumit\.p2\pool\plugins\slf4j.api_2.0.17.jar
2025-09-06 01:21:07,826 [Worker-93: Launching Executing test in C__Users_Sumit_Desktop_New folder_Janatri] INFO  o.eclipse.m2e.core.internal.Bundles - getClasspathEntries(Bundle=jakarta.inject.jakarta.inject-api_1.0.5 [35])
2025-09-06 01:21:07,828 [Worker-93: Launching Executing test in C__Users_Sumit_Desktop_New folder_Janatri] INFO  o.eclipse.m2e.core.internal.Bundles - 	Entry: C:\Users\Sumit\.p2\pool\plugins\jakarta.inject.jakarta.inject-api_1.0.5.jar
2025-09-06 01:21:07,828 [Worker-93: Launching Executing test in C__Users_Sumit_Desktop_New folder_Janatri] INFO  o.eclipse.m2e.core.internal.Bundles - getClasspathEntries(Bundle=javax.annotation_1.3.5.v20200909-1856 [45])
2025-09-06 01:21:07,829 [Worker-93: Launching Executing test in C__Users_Sumit_Desktop_New folder_Janatri] INFO  o.eclipse.m2e.core.internal.Bundles - 	Entry: C:\Users\Sumit\.p2\pool\plugins\javax.annotation_1.3.5.v20200909-1856.jar
2025-09-06 01:21:07,829 [Worker-93: Launching Executing test in C__Users_Sumit_Desktop_New folder_Janatri] INFO  o.eclipse.m2e.core.internal.Bundles - getClasspathEntries(Bundle=org.apache.commons.cli_1.9.0 [76])
2025-09-06 01:21:07,832 [Worker-93: Launching Executing test in C__Users_Sumit_Desktop_New folder_Janatri] INFO  o.eclipse.m2e.core.internal.Bundles - 	Entry: C:\Users\Sumit\.p2\pool\plugins\org.apache.commons.cli_1.9.0.jar
2025-09-06 01:21:07,832 [Worker-93: Launching Executing test in C__Users_Sumit_Desktop_New folder_Janatri] INFO  o.eclipse.m2e.core.internal.Bundles - getClasspathEntries(Bundle=org.apache.commons.commons-codec_1.16.0 [78])
2025-09-06 01:21:07,833 [Worker-93: Launching Executing test in C__Users_Sumit_Desktop_New folder_Janatri] INFO  o.eclipse.m2e.core.internal.Bundles - 	Entry: C:\Users\Sumit\.p2\pool\plugins\org.apache.commons.commons-codec_1.16.0.jar
2025-09-06 01:21:07,833 [Worker-93: Launching Executing test in C__Users_Sumit_Desktop_New folder_Janatri] INFO  o.eclipse.m2e.core.internal.Bundles - getClasspathEntries(Bundle=com.google.guava.failureaccess_1.0.3 [19])
2025-09-06 01:21:07,834 [Worker-93: Launching Executing test in C__Users_Sumit_Desktop_New folder_Janatri] INFO  o.eclipse.m2e.core.internal.Bundles - 	Entry: C:\Users\Sumit\.p2\pool\plugins\com.google.guava.failureaccess_1.0.3.jar
2025-09-06 01:21:07,839 [Worker-93: Launching Executing test in C__Users_Sumit_Desktop_New folder_Janatri] INFO  o.e.m.i.launch.MavenLaunchDelegate - Run build in "C:\Users\Sumit\Desktop\New folder\Janatri":
2025-09-06 01:21:07,840 [Worker-93: Launching Executing test in C__Users_Sumit_Desktop_New folder_Janatri] INFO  o.e.m.i.launch.MavenLaunchDelegate -  mvn  -B -Dstyle.color=always test
2025-09-06 01:22:24,647 [Worker-92: Building] WARN  o.a.m.s.f.DefaultMavenResourcesFiltering - Using platform encoding (UTF-8 actually) to copy filtered resources, i.e. build is platform dependent!
2025-09-06 01:22:24,670 [Worker-92: Building] INFO  o.a.m.s.f.DefaultMavenResourcesFiltering - Copying 0 resource from src\main\resources to target\classes
2025-09-06 01:22:24,674 [Worker-92: Building] WARN  o.a.m.s.f.DefaultMavenResourcesFiltering - Using platform encoding (UTF-8 actually) to copy filtered resources, i.e. build is platform dependent!
2025-09-06 01:22:24,675 [Worker-92: Building] INFO  o.a.m.s.f.DefaultMavenResourcesFiltering - Copying 0 resource from src\test\resources to target\test-classes
2025-09-06 01:23:12,879 [Worker-98: Launching Executing test in C__Users_Sumit_Desktop_New folder_Janatri] INFO  o.eclipse.m2e.core.internal.Bundles - getClasspathEntries(Bundle=org.eclipse.m2e.maven.runtime_3.9.900.20250220-2013 [639])
2025-09-06 01:23:12,886 [Worker-98: Launching Executing test in C__Users_Sumit_Desktop_New folder_Janatri] INFO  o.eclipse.m2e.core.internal.Bundles - 	Entry: C:\Users\Sumit\.p2\pool\plugins\org.eclipse.m2e.maven.runtime_3.9.900.20250220-2013
2025-09-06 01:23:12,887 [Worker-98: Launching Executing test in C__Users_Sumit_Desktop_New folder_Janatri] INFO  o.eclipse.m2e.core.internal.Bundles - 	Entry: C:\Users\Sumit\.p2\pool\plugins\org.eclipse.m2e.maven.runtime_3.9.900.20250220-2013\jars\aopalliance-1.0.jar
2025-09-06 01:23:12,887 [Worker-98: Launching Executing test in C__Users_Sumit_Desktop_New folder_Janatri] INFO  o.eclipse.m2e.core.internal.Bundles - 	Entry: C:\Users\Sumit\.p2\pool\plugins\org.eclipse.m2e.maven.runtime_3.9.900.20250220-2013\jars\guice-5.1.0.jar
2025-09-06 01:23:12,887 [Worker-98: Launching Executing test in C__Users_Sumit_Desktop_New folder_Janatri] INFO  o.eclipse.m2e.core.internal.Bundles - 	Entry: C:\Users\Sumit\.p2\pool\plugins\org.eclipse.m2e.maven.runtime_3.9.900.20250220-2013\jars\httpclient-4.5.14.jar
2025-09-06 01:23:12,888 [Worker-98: Launching Executing test in C__Users_Sumit_Desktop_New folder_Janatri] INFO  o.eclipse.m2e.core.internal.Bundles - 	Entry: C:\Users\Sumit\.p2\pool\plugins\org.eclipse.m2e.maven.runtime_3.9.900.20250220-2013\jars\httpcore-4.4.16.jar
2025-09-06 01:23:12,888 [Worker-98: Launching Executing test in C__Users_Sumit_Desktop_New folder_Janatri] INFO  o.eclipse.m2e.core.internal.Bundles - 	Entry: C:\Users\Sumit\.p2\pool\plugins\org.eclipse.m2e.maven.runtime_3.9.900.20250220-2013\jars\jansi-2.4.1.jar
2025-09-06 01:23:12,888 [Worker-98: Launching Executing test in C__Users_Sumit_Desktop_New folder_Janatri] INFO  o.eclipse.m2e.core.internal.Bundles - 	Entry: C:\Users\Sumit\.p2\pool\plugins\org.eclipse.m2e.maven.runtime_3.9.900.20250220-2013\jars\jcl-over-slf4j-1.7.36.jar
2025-09-06 01:23:12,889 [Worker-98: Launching Executing test in C__Users_Sumit_Desktop_New folder_Janatri] INFO  o.eclipse.m2e.core.internal.Bundles - 	Entry: C:\Users\Sumit\.p2\pool\plugins\org.eclipse.m2e.maven.runtime_3.9.900.20250220-2013\jars\maven-artifact-3.9.9.jar
2025-09-06 01:23:12,889 [Worker-98: Launching Executing test in C__Users_Sumit_Desktop_New folder_Janatri] INFO  o.eclipse.m2e.core.internal.Bundles - 	Entry: C:\Users\Sumit\.p2\pool\plugins\org.eclipse.m2e.maven.runtime_3.9.900.20250220-2013\jars\maven-builder-support-3.9.9.jar
2025-09-06 01:23:12,890 [Worker-98: Launching Executing test in C__Users_Sumit_Desktop_New folder_Janatri] INFO  o.eclipse.m2e.core.internal.Bundles - 	Entry: C:\Users\Sumit\.p2\pool\plugins\org.eclipse.m2e.maven.runtime_3.9.900.20250220-2013\jars\maven-compat-3.9.9.jar
2025-09-06 01:23:12,890 [Worker-98: Launching Executing test in C__Users_Sumit_Desktop_New folder_Janatri] INFO  o.eclipse.m2e.core.internal.Bundles - 	Entry: C:\Users\Sumit\.p2\pool\plugins\org.eclipse.m2e.maven.runtime_3.9.900.20250220-2013\jars\maven-core-3.9.9.jar
2025-09-06 01:23:12,890 [Worker-98: Launching Executing test in C__Users_Sumit_Desktop_New folder_Janatri] INFO  o.eclipse.m2e.core.internal.Bundles - 	Entry: C:\Users\Sumit\.p2\pool\plugins\org.eclipse.m2e.maven.runtime_3.9.900.20250220-2013\jars\maven-embedder-3.9.9.jar
2025-09-06 01:23:12,891 [Worker-98: Launching Executing test in C__Users_Sumit_Desktop_New folder_Janatri] INFO  o.eclipse.m2e.core.internal.Bundles - 	Entry: C:\Users\Sumit\.p2\pool\plugins\org.eclipse.m2e.maven.runtime_3.9.900.20250220-2013\jars\maven-model-3.9.9.jar
2025-09-06 01:23:12,891 [Worker-98: Launching Executing test in C__Users_Sumit_Desktop_New folder_Janatri] INFO  o.eclipse.m2e.core.internal.Bundles - 	Entry: C:\Users\Sumit\.p2\pool\plugins\org.eclipse.m2e.maven.runtime_3.9.900.20250220-2013\jars\maven-model-builder-3.9.9.jar
2025-09-06 01:23:12,892 [Worker-98: Launching Executing test in C__Users_Sumit_Desktop_New folder_Janatri] INFO  o.eclipse.m2e.core.internal.Bundles - 	Entry: C:\Users\Sumit\.p2\pool\plugins\org.eclipse.m2e.maven.runtime_3.9.900.20250220-2013\jars\maven-plugin-api-3.9.9.jar
2025-09-06 01:23:12,892 [Worker-98: Launching Executing test in C__Users_Sumit_Desktop_New folder_Janatri] INFO  o.eclipse.m2e.core.internal.Bundles - 	Entry: C:\Users\Sumit\.p2\pool\plugins\org.eclipse.m2e.maven.runtime_3.9.900.20250220-2013\jars\maven-repository-metadata-3.9.9.jar
2025-09-06 01:23:12,892 [Worker-98: Launching Executing test in C__Users_Sumit_Desktop_New folder_Janatri] INFO  o.eclipse.m2e.core.internal.Bundles - 	Entry: C:\Users\Sumit\.p2\pool\plugins\org.eclipse.m2e.maven.runtime_3.9.900.20250220-2013\jars\maven-resolver-api-1.9.22.jar
2025-09-06 01:23:12,892 [Worker-98: Launching Executing test in C__Users_Sumit_Desktop_New folder_Janatri] INFO  o.eclipse.m2e.core.internal.Bundles - 	Entry: C:\Users\Sumit\.p2\pool\plugins\org.eclipse.m2e.maven.runtime_3.9.900.20250220-2013\jars\maven-resolver-connector-basic-1.9.22.jar
2025-09-06 01:23:12,892 [Worker-98: Launching Executing test in C__Users_Sumit_Desktop_New folder_Janatri] INFO  o.eclipse.m2e.core.internal.Bundles - 	Entry: C:\Users\Sumit\.p2\pool\plugins\org.eclipse.m2e.maven.runtime_3.9.900.20250220-2013\jars\maven-resolver-impl-1.9.22.jar
2025-09-06 01:23:12,892 [Worker-98: Launching Executing test in C__Users_Sumit_Desktop_New folder_Janatri] INFO  o.eclipse.m2e.core.internal.Bundles - 	Entry: C:\Users\Sumit\.p2\pool\plugins\org.eclipse.m2e.maven.runtime_3.9.900.20250220-2013\jars\maven-resolver-named-locks-1.9.22.jar
2025-09-06 01:23:12,893 [Worker-98: Launching Executing test in C__Users_Sumit_Desktop_New folder_Janatri] INFO  o.eclipse.m2e.core.internal.Bundles - 	Entry: C:\Users\Sumit\.p2\pool\plugins\org.eclipse.m2e.maven.runtime_3.9.900.20250220-2013\jars\maven-resolver-provider-3.9.9.jar
2025-09-06 01:23:12,893 [Worker-98: Launching Executing test in C__Users_Sumit_Desktop_New folder_Janatri] INFO  o.eclipse.m2e.core.internal.Bundles - 	Entry: C:\Users\Sumit\.p2\pool\plugins\org.eclipse.m2e.maven.runtime_3.9.900.20250220-2013\jars\maven-resolver-spi-1.9.22.jar
2025-09-06 01:23:12,893 [Worker-98: Launching Executing test in C__Users_Sumit_Desktop_New folder_Janatri] INFO  o.eclipse.m2e.core.internal.Bundles - 	Entry: C:\Users\Sumit\.p2\pool\plugins\org.eclipse.m2e.maven.runtime_3.9.900.20250220-2013\jars\maven-resolver-transport-file-1.9.22.jar
2025-09-06 01:23:12,893 [Worker-98: Launching Executing test in C__Users_Sumit_Desktop_New folder_Janatri] INFO  o.eclipse.m2e.core.internal.Bundles - 	Entry: C:\Users\Sumit\.p2\pool\plugins\org.eclipse.m2e.maven.runtime_3.9.900.20250220-2013\jars\maven-resolver-transport-http-1.9.22.jar
2025-09-06 01:23:12,893 [Worker-98: Launching Executing test in C__Users_Sumit_Desktop_New folder_Janatri] INFO  o.eclipse.m2e.core.internal.Bundles - 	Entry: C:\Users\Sumit\.p2\pool\plugins\org.eclipse.m2e.maven.runtime_3.9.900.20250220-2013\jars\maven-resolver-transport-wagon-1.9.22.jar
2025-09-06 01:23:12,894 [Worker-98: Launching Executing test in C__Users_Sumit_Desktop_New folder_Janatri] INFO  o.eclipse.m2e.core.internal.Bundles - 	Entry: C:\Users\Sumit\.p2\pool\plugins\org.eclipse.m2e.maven.runtime_3.9.900.20250220-2013\jars\maven-resolver-util-1.9.22.jar
2025-09-06 01:23:12,894 [Worker-98: Launching Executing test in C__Users_Sumit_Desktop_New folder_Janatri] INFO  o.eclipse.m2e.core.internal.Bundles - 	Entry: C:\Users\Sumit\.p2\pool\plugins\org.eclipse.m2e.maven.runtime_3.9.900.20250220-2013\jars\maven-settings-3.9.9.jar
2025-09-06 01:23:12,894 [Worker-98: Launching Executing test in C__Users_Sumit_Desktop_New folder_Janatri] INFO  o.eclipse.m2e.core.internal.Bundles - 	Entry: C:\Users\Sumit\.p2\pool\plugins\org.eclipse.m2e.maven.runtime_3.9.900.20250220-2013\jars\maven-settings-builder-3.9.9.jar
2025-09-06 01:23:12,894 [Worker-98: Launching Executing test in C__Users_Sumit_Desktop_New folder_Janatri] INFO  o.eclipse.m2e.core.internal.Bundles - 	Entry: C:\Users\Sumit\.p2\pool\plugins\org.eclipse.m2e.maven.runtime_3.9.900.20250220-2013\jars\maven-shared-utils-3.4.2.jar
2025-09-06 01:23:12,894 [Worker-98: Launching Executing test in C__Users_Sumit_Desktop_New folder_Janatri] INFO  o.eclipse.m2e.core.internal.Bundles - 	Entry: C:\Users\Sumit\.p2\pool\plugins\org.eclipse.m2e.maven.runtime_3.9.900.20250220-2013\jars\org.eclipse.sisu.inject-0.9.0.M3.jar
2025-09-06 01:23:12,894 [Worker-98: Launching Executing test in C__Users_Sumit_Desktop_New folder_Janatri] INFO  o.eclipse.m2e.core.internal.Bundles - 	Entry: C:\Users\Sumit\.p2\pool\plugins\org.eclipse.m2e.maven.runtime_3.9.900.20250220-2013\jars\org.eclipse.sisu.plexus-0.9.0.M3.jar
2025-09-06 01:23:12,895 [Worker-98: Launching Executing test in C__Users_Sumit_Desktop_New folder_Janatri] INFO  o.eclipse.m2e.core.internal.Bundles - 	Entry: C:\Users\Sumit\.p2\pool\plugins\org.eclipse.m2e.maven.runtime_3.9.900.20250220-2013\jars\plexus-build-api-0.0.7.jar
2025-09-06 01:23:12,896 [Worker-98: Launching Executing test in C__Users_Sumit_Desktop_New folder_Janatri] INFO  o.eclipse.m2e.core.internal.Bundles - 	Entry: C:\Users\Sumit\.p2\pool\plugins\org.eclipse.m2e.maven.runtime_3.9.900.20250220-2013\jars\plexus-build-api-1.2.0.jar
2025-09-06 01:23:12,896 [Worker-98: Launching Executing test in C__Users_Sumit_Desktop_New folder_Janatri] INFO  o.eclipse.m2e.core.internal.Bundles - 	Entry: C:\Users\Sumit\.p2\pool\plugins\org.eclipse.m2e.maven.runtime_3.9.900.20250220-2013\jars\plexus-cipher-2.0.jar
2025-09-06 01:23:12,896 [Worker-98: Launching Executing test in C__Users_Sumit_Desktop_New folder_Janatri] INFO  o.eclipse.m2e.core.internal.Bundles - 	Entry: C:\Users\Sumit\.p2\pool\plugins\org.eclipse.m2e.maven.runtime_3.9.900.20250220-2013\jars\plexus-classworlds-2.8.0.jar
2025-09-06 01:23:12,897 [Worker-98: Launching Executing test in C__Users_Sumit_Desktop_New folder_Janatri] INFO  o.eclipse.m2e.core.internal.Bundles - 	Entry: C:\Users\Sumit\.p2\pool\plugins\org.eclipse.m2e.maven.runtime_3.9.900.20250220-2013\jars\plexus-component-annotations-2.1.0.jar
2025-09-06 01:23:12,898 [Worker-98: Launching Executing test in C__Users_Sumit_Desktop_New folder_Janatri] INFO  o.eclipse.m2e.core.internal.Bundles - 	Entry: C:\Users\Sumit\.p2\pool\plugins\org.eclipse.m2e.maven.runtime_3.9.900.20250220-2013\jars\plexus-interpolation-1.27.jar
2025-09-06 01:23:12,899 [Worker-98: Launching Executing test in C__Users_Sumit_Desktop_New folder_Janatri] INFO  o.eclipse.m2e.core.internal.Bundles - 	Entry: C:\Users\Sumit\.p2\pool\plugins\org.eclipse.m2e.maven.runtime_3.9.900.20250220-2013\jars\plexus-sec-dispatcher-2.0.jar
2025-09-06 01:23:12,900 [Worker-98: Launching Executing test in C__Users_Sumit_Desktop_New folder_Janatri] INFO  o.eclipse.m2e.core.internal.Bundles - 	Entry: C:\Users\Sumit\.p2\pool\plugins\org.eclipse.m2e.maven.runtime_3.9.900.20250220-2013\jars\plexus-utils-3.5.1.jar
2025-09-06 01:23:12,900 [Worker-98: Launching Executing test in C__Users_Sumit_Desktop_New folder_Janatri] INFO  o.eclipse.m2e.core.internal.Bundles - 	Entry: C:\Users\Sumit\.p2\pool\plugins\org.eclipse.m2e.maven.runtime_3.9.900.20250220-2013\jars\plexus-xml-3.0.1.jar
2025-09-06 01:23:12,900 [Worker-98: Launching Executing test in C__Users_Sumit_Desktop_New folder_Janatri] INFO  o.eclipse.m2e.core.internal.Bundles - 	Entry: C:\Users\Sumit\.p2\pool\plugins\org.eclipse.m2e.maven.runtime_3.9.900.20250220-2013\jars\wagon-file-3.5.3.jar
2025-09-06 01:23:12,900 [Worker-98: Launching Executing test in C__Users_Sumit_Desktop_New folder_Janatri] INFO  o.eclipse.m2e.core.internal.Bundles - 	Entry: C:\Users\Sumit\.p2\pool\plugins\org.eclipse.m2e.maven.runtime_3.9.900.20250220-2013\jars\wagon-http-3.5.3.jar
2025-09-06 01:23:12,900 [Worker-98: Launching Executing test in C__Users_Sumit_Desktop_New folder_Janatri] INFO  o.eclipse.m2e.core.internal.Bundles - 	Entry: C:\Users\Sumit\.p2\pool\plugins\org.eclipse.m2e.maven.runtime_3.9.900.20250220-2013\jars\wagon-http-shared-3.5.3.jar
2025-09-06 01:23:12,900 [Worker-98: Launching Executing test in C__Users_Sumit_Desktop_New folder_Janatri] INFO  o.eclipse.m2e.core.internal.Bundles - 	Entry: C:\Users\Sumit\.p2\pool\plugins\org.eclipse.m2e.maven.runtime_3.9.900.20250220-2013\jars\wagon-provider-api-3.5.3.jar
2025-09-06 01:23:12,905 [Worker-98: Launching Executing test in C__Users_Sumit_Desktop_New folder_Janatri] INFO  o.eclipse.m2e.core.internal.Bundles - getClasspathEntries(Bundle=com.google.guava_33.4.8.jre [18])
2025-09-06 01:23:12,907 [Worker-98: Launching Executing test in C__Users_Sumit_Desktop_New folder_Janatri] INFO  o.eclipse.m2e.core.internal.Bundles - 	Entry: C:\Users\Sumit\.p2\pool\plugins\com.google.guava_33.4.8.jre.jar
2025-09-06 01:23:12,907 [Worker-98: Launching Executing test in C__Users_Sumit_Desktop_New folder_Janatri] INFO  o.eclipse.m2e.core.internal.Bundles - getClasspathEntries(Bundle=slf4j.api_2.0.17 [1004])
2025-09-06 01:23:12,908 [Worker-98: Launching Executing test in C__Users_Sumit_Desktop_New folder_Janatri] INFO  o.eclipse.m2e.core.internal.Bundles - 	Entry: C:\Users\Sumit\.p2\pool\plugins\slf4j.api_2.0.17.jar
2025-09-06 01:23:12,908 [Worker-98: Launching Executing test in C__Users_Sumit_Desktop_New folder_Janatri] INFO  o.eclipse.m2e.core.internal.Bundles - getClasspathEntries(Bundle=jakarta.inject.jakarta.inject-api_1.0.5 [35])
2025-09-06 01:23:12,910 [Worker-98: Launching Executing test in C__Users_Sumit_Desktop_New folder_Janatri] INFO  o.eclipse.m2e.core.internal.Bundles - 	Entry: C:\Users\Sumit\.p2\pool\plugins\jakarta.inject.jakarta.inject-api_1.0.5.jar
2025-09-06 01:23:12,911 [Worker-98: Launching Executing test in C__Users_Sumit_Desktop_New folder_Janatri] INFO  o.eclipse.m2e.core.internal.Bundles - getClasspathEntries(Bundle=javax.annotation_1.3.5.v20200909-1856 [45])
2025-09-06 01:23:12,912 [Worker-98: Launching Executing test in C__Users_Sumit_Desktop_New folder_Janatri] INFO  o.eclipse.m2e.core.internal.Bundles - 	Entry: C:\Users\Sumit\.p2\pool\plugins\javax.annotation_1.3.5.v20200909-1856.jar
2025-09-06 01:23:12,912 [Worker-98: Launching Executing test in C__Users_Sumit_Desktop_New folder_Janatri] INFO  o.eclipse.m2e.core.internal.Bundles - getClasspathEntries(Bundle=org.apache.commons.cli_1.9.0 [76])
2025-09-06 01:23:12,913 [Worker-98: Launching Executing test in C__Users_Sumit_Desktop_New folder_Janatri] INFO  o.eclipse.m2e.core.internal.Bundles - 	Entry: C:\Users\Sumit\.p2\pool\plugins\org.apache.commons.cli_1.9.0.jar
2025-09-06 01:23:12,913 [Worker-98: Launching Executing test in C__Users_Sumit_Desktop_New folder_Janatri] INFO  o.eclipse.m2e.core.internal.Bundles - getClasspathEntries(Bundle=org.apache.commons.commons-codec_1.16.0 [78])
2025-09-06 01:23:12,915 [Worker-98: Launching Executing test in C__Users_Sumit_Desktop_New folder_Janatri] INFO  o.eclipse.m2e.core.internal.Bundles - 	Entry: C:\Users\Sumit\.p2\pool\plugins\org.apache.commons.commons-codec_1.16.0.jar
2025-09-06 01:23:12,916 [Worker-98: Launching Executing test in C__Users_Sumit_Desktop_New folder_Janatri] INFO  o.eclipse.m2e.core.internal.Bundles - getClasspathEntries(Bundle=com.google.guava.failureaccess_1.0.3 [19])
2025-09-06 01:23:12,917 [Worker-98: Launching Executing test in C__Users_Sumit_Desktop_New folder_Janatri] INFO  o.eclipse.m2e.core.internal.Bundles - 	Entry: C:\Users\Sumit\.p2\pool\plugins\com.google.guava.failureaccess_1.0.3.jar
2025-09-06 01:23:12,926 [Worker-98: Launching Executing test in C__Users_Sumit_Desktop_New folder_Janatri] INFO  o.e.m.i.launch.MavenLaunchDelegate - Run build in "C:\Users\Sumit\Desktop\New folder\Janatri":
2025-09-06 01:23:12,927 [Worker-98: Launching Executing test in C__Users_Sumit_Desktop_New folder_Janatri] INFO  o.e.m.i.launch.MavenLaunchDelegate -  mvn  -B -Dstyle.color=always test
2025-09-06 01:26:10,437 [Worker-102: Building] WARN  o.a.m.s.f.DefaultMavenResourcesFiltering - Using platform encoding (UTF-8 actually) to copy filtered resources, i.e. build is platform dependent!
2025-09-06 01:26:10,487 [Worker-102: Building] INFO  o.a.m.s.f.DefaultMavenResourcesFiltering - Copying 0 resource from src\main\resources to target\classes
2025-09-06 01:26:10,493 [Worker-102: Building] WARN  o.a.m.s.f.DefaultMavenResourcesFiltering - Using platform encoding (UTF-8 actually) to copy filtered resources, i.e. build is platform dependent!
2025-09-06 01:26:10,495 [Worker-102: Building] INFO  o.a.m.s.f.DefaultMavenResourcesFiltering - Copying 0 resource from src\test\resources to target\test-classes
2025-09-06 01:26:19,447 [Worker-101: Building] WARN  o.a.m.s.f.DefaultMavenResourcesFiltering - Using platform encoding (UTF-8 actually) to copy filtered resources, i.e. build is platform dependent!
2025-09-06 01:26:19,462 [Worker-101: Building] INFO  o.a.m.s.f.DefaultMavenResourcesFiltering - Copying 0 resource from src\main\resources to target\classes
2025-09-06 01:26:19,465 [Worker-101: Building] WARN  o.a.m.s.f.DefaultMavenResourcesFiltering - Using platform encoding (UTF-8 actually) to copy filtered resources, i.e. build is platform dependent!
2025-09-06 01:26:19,469 [Worker-101: Building] INFO  o.a.m.s.f.DefaultMavenResourcesFiltering - Copying 0 resource from src\test\resources to target\test-classes
2025-09-06 01:27:00,260 [Worker-103: Launching Executing test in C__Users_Sumit_Desktop_New folder_Janatri] INFO  o.eclipse.m2e.core.internal.Bundles - getClasspathEntries(Bundle=org.eclipse.m2e.maven.runtime_3.9.900.20250220-2013 [639])
2025-09-06 01:27:00,263 [Worker-103: Launching Executing test in C__Users_Sumit_Desktop_New folder_Janatri] INFO  o.eclipse.m2e.core.internal.Bundles - 	Entry: C:\Users\Sumit\.p2\pool\plugins\org.eclipse.m2e.maven.runtime_3.9.900.20250220-2013
2025-09-06 01:27:00,264 [Worker-103: Launching Executing test in C__Users_Sumit_Desktop_New folder_Janatri] INFO  o.eclipse.m2e.core.internal.Bundles - 	Entry: C:\Users\Sumit\.p2\pool\plugins\org.eclipse.m2e.maven.runtime_3.9.900.20250220-2013\jars\aopalliance-1.0.jar
2025-09-06 01:27:00,266 [Worker-103: Launching Executing test in C__Users_Sumit_Desktop_New folder_Janatri] INFO  o.eclipse.m2e.core.internal.Bundles - 	Entry: C:\Users\Sumit\.p2\pool\plugins\org.eclipse.m2e.maven.runtime_3.9.900.20250220-2013\jars\guice-5.1.0.jar
2025-09-06 01:27:00,267 [Worker-103: Launching Executing test in C__Users_Sumit_Desktop_New folder_Janatri] INFO  o.eclipse.m2e.core.internal.Bundles - 	Entry: C:\Users\Sumit\.p2\pool\plugins\org.eclipse.m2e.maven.runtime_3.9.900.20250220-2013\jars\httpclient-4.5.14.jar
2025-09-06 01:27:00,268 [Worker-103: Launching Executing test in C__Users_Sumit_Desktop_New folder_Janatri] INFO  o.eclipse.m2e.core.internal.Bundles - 	Entry: C:\Users\Sumit\.p2\pool\plugins\org.eclipse.m2e.maven.runtime_3.9.900.20250220-2013\jars\httpcore-4.4.16.jar
2025-09-06 01:27:00,268 [Worker-103: Launching Executing test in C__Users_Sumit_Desktop_New folder_Janatri] INFO  o.eclipse.m2e.core.internal.Bundles - 	Entry: C:\Users\Sumit\.p2\pool\plugins\org.eclipse.m2e.maven.runtime_3.9.900.20250220-2013\jars\jansi-2.4.1.jar
2025-09-06 01:27:00,268 [Worker-103: Launching Executing test in C__Users_Sumit_Desktop_New folder_Janatri] INFO  o.eclipse.m2e.core.internal.Bundles - 	Entry: C:\Users\Sumit\.p2\pool\plugins\org.eclipse.m2e.maven.runtime_3.9.900.20250220-2013\jars\jcl-over-slf4j-1.7.36.jar
2025-09-06 01:27:00,269 [Worker-103: Launching Executing test in C__Users_Sumit_Desktop_New folder_Janatri] INFO  o.eclipse.m2e.core.internal.Bundles - 	Entry: C:\Users\Sumit\.p2\pool\plugins\org.eclipse.m2e.maven.runtime_3.9.900.20250220-2013\jars\maven-artifact-3.9.9.jar
2025-09-06 01:27:00,269 [Worker-103: Launching Executing test in C__Users_Sumit_Desktop_New folder_Janatri] INFO  o.eclipse.m2e.core.internal.Bundles - 	Entry: C:\Users\Sumit\.p2\pool\plugins\org.eclipse.m2e.maven.runtime_3.9.900.20250220-2013\jars\maven-builder-support-3.9.9.jar
2025-09-06 01:27:00,270 [Worker-103: Launching Executing test in C__Users_Sumit_Desktop_New folder_Janatri] INFO  o.eclipse.m2e.core.internal.Bundles - 	Entry: C:\Users\Sumit\.p2\pool\plugins\org.eclipse.m2e.maven.runtime_3.9.900.20250220-2013\jars\maven-compat-3.9.9.jar
2025-09-06 01:27:00,270 [Worker-103: Launching Executing test in C__Users_Sumit_Desktop_New folder_Janatri] INFO  o.eclipse.m2e.core.internal.Bundles - 	Entry: C:\Users\Sumit\.p2\pool\plugins\org.eclipse.m2e.maven.runtime_3.9.900.20250220-2013\jars\maven-core-3.9.9.jar
2025-09-06 01:27:00,271 [Worker-103: Launching Executing test in C__Users_Sumit_Desktop_New folder_Janatri] INFO  o.eclipse.m2e.core.internal.Bundles - 	Entry: C:\Users\Sumit\.p2\pool\plugins\org.eclipse.m2e.maven.runtime_3.9.900.20250220-2013\jars\maven-embedder-3.9.9.jar
2025-09-06 01:27:00,271 [Worker-103: Launching Executing test in C__Users_Sumit_Desktop_New folder_Janatri] INFO  o.eclipse.m2e.core.internal.Bundles - 	Entry: C:\Users\Sumit\.p2\pool\plugins\org.eclipse.m2e.maven.runtime_3.9.900.20250220-2013\jars\maven-model-3.9.9.jar
2025-09-06 01:27:00,271 [Worker-103: Launching Executing test in C__Users_Sumit_Desktop_New folder_Janatri] INFO  o.eclipse.m2e.core.internal.Bundles - 	Entry: C:\Users\Sumit\.p2\pool\plugins\org.eclipse.m2e.maven.runtime_3.9.900.20250220-2013\jars\maven-model-builder-3.9.9.jar
2025-09-06 01:27:00,272 [Worker-103: Launching Executing test in C__Users_Sumit_Desktop_New folder_Janatri] INFO  o.eclipse.m2e.core.internal.Bundles - 	Entry: C:\Users\Sumit\.p2\pool\plugins\org.eclipse.m2e.maven.runtime_3.9.900.20250220-2013\jars\maven-plugin-api-3.9.9.jar
2025-09-06 01:27:00,272 [Worker-103: Launching Executing test in C__Users_Sumit_Desktop_New folder_Janatri] INFO  o.eclipse.m2e.core.internal.Bundles - 	Entry: C:\Users\Sumit\.p2\pool\plugins\org.eclipse.m2e.maven.runtime_3.9.900.20250220-2013\jars\maven-repository-metadata-3.9.9.jar
2025-09-06 01:27:00,272 [Worker-103: Launching Executing test in C__Users_Sumit_Desktop_New folder_Janatri] INFO  o.eclipse.m2e.core.internal.Bundles - 	Entry: C:\Users\Sumit\.p2\pool\plugins\org.eclipse.m2e.maven.runtime_3.9.900.20250220-2013\jars\maven-resolver-api-1.9.22.jar
2025-09-06 01:27:00,273 [Worker-103: Launching Executing test in C__Users_Sumit_Desktop_New folder_Janatri] INFO  o.eclipse.m2e.core.internal.Bundles - 	Entry: C:\Users\Sumit\.p2\pool\plugins\org.eclipse.m2e.maven.runtime_3.9.900.20250220-2013\jars\maven-resolver-connector-basic-1.9.22.jar
2025-09-06 01:27:00,273 [Worker-103: Launching Executing test in C__Users_Sumit_Desktop_New folder_Janatri] INFO  o.eclipse.m2e.core.internal.Bundles - 	Entry: C:\Users\Sumit\.p2\pool\plugins\org.eclipse.m2e.maven.runtime_3.9.900.20250220-2013\jars\maven-resolver-impl-1.9.22.jar
2025-09-06 01:27:00,274 [Worker-103: Launching Executing test in C__Users_Sumit_Desktop_New folder_Janatri] INFO  o.eclipse.m2e.core.internal.Bundles - 	Entry: C:\Users\Sumit\.p2\pool\plugins\org.eclipse.m2e.maven.runtime_3.9.900.20250220-2013\jars\maven-resolver-named-locks-1.9.22.jar
2025-09-06 01:27:00,274 [Worker-103: Launching Executing test in C__Users_Sumit_Desktop_New folder_Janatri] INFO  o.eclipse.m2e.core.internal.Bundles - 	Entry: C:\Users\Sumit\.p2\pool\plugins\org.eclipse.m2e.maven.runtime_3.9.900.20250220-2013\jars\maven-resolver-provider-3.9.9.jar
2025-09-06 01:27:00,274 [Worker-103: Launching Executing test in C__Users_Sumit_Desktop_New folder_Janatri] INFO  o.eclipse.m2e.core.internal.Bundles - 	Entry: C:\Users\Sumit\.p2\pool\plugins\org.eclipse.m2e.maven.runtime_3.9.900.20250220-2013\jars\maven-resolver-spi-1.9.22.jar
2025-09-06 01:27:00,275 [Worker-103: Launching Executing test in C__Users_Sumit_Desktop_New folder_Janatri] INFO  o.eclipse.m2e.core.internal.Bundles - 	Entry: C:\Users\Sumit\.p2\pool\plugins\org.eclipse.m2e.maven.runtime_3.9.900.20250220-2013\jars\maven-resolver-transport-file-1.9.22.jar
2025-09-06 01:27:00,275 [Worker-103: Launching Executing test in C__Users_Sumit_Desktop_New folder_Janatri] INFO  o.eclipse.m2e.core.internal.Bundles - 	Entry: C:\Users\Sumit\.p2\pool\plugins\org.eclipse.m2e.maven.runtime_3.9.900.20250220-2013\jars\maven-resolver-transport-http-1.9.22.jar
2025-09-06 01:27:00,275 [Worker-103: Launching Executing test in C__Users_Sumit_Desktop_New folder_Janatri] INFO  o.eclipse.m2e.core.internal.Bundles - 	Entry: C:\Users\Sumit\.p2\pool\plugins\org.eclipse.m2e.maven.runtime_3.9.900.20250220-2013\jars\maven-resolver-transport-wagon-1.9.22.jar
2025-09-06 01:27:00,275 [Worker-103: Launching Executing test in C__Users_Sumit_Desktop_New folder_Janatri] INFO  o.eclipse.m2e.core.internal.Bundles - 	Entry: C:\Users\Sumit\.p2\pool\plugins\org.eclipse.m2e.maven.runtime_3.9.900.20250220-2013\jars\maven-resolver-util-1.9.22.jar
2025-09-06 01:27:00,276 [Worker-103: Launching Executing test in C__Users_Sumit_Desktop_New folder_Janatri] INFO  o.eclipse.m2e.core.internal.Bundles - 	Entry: C:\Users\Sumit\.p2\pool\plugins\org.eclipse.m2e.maven.runtime_3.9.900.20250220-2013\jars\maven-settings-3.9.9.jar
2025-09-06 01:27:00,276 [Worker-103: Launching Executing test in C__Users_Sumit_Desktop_New folder_Janatri] INFO  o.eclipse.m2e.core.internal.Bundles - 	Entry: C:\Users\Sumit\.p2\pool\plugins\org.eclipse.m2e.maven.runtime_3.9.900.20250220-2013\jars\maven-settings-builder-3.9.9.jar
2025-09-06 01:27:00,276 [Worker-103: Launching Executing test in C__Users_Sumit_Desktop_New folder_Janatri] INFO  o.eclipse.m2e.core.internal.Bundles - 	Entry: C:\Users\Sumit\.p2\pool\plugins\org.eclipse.m2e.maven.runtime_3.9.900.20250220-2013\jars\maven-shared-utils-3.4.2.jar
2025-09-06 01:27:00,277 [Worker-103: Launching Executing test in C__Users_Sumit_Desktop_New folder_Janatri] INFO  o.eclipse.m2e.core.internal.Bundles - 	Entry: C:\Users\Sumit\.p2\pool\plugins\org.eclipse.m2e.maven.runtime_3.9.900.20250220-2013\jars\org.eclipse.sisu.inject-0.9.0.M3.jar
2025-09-06 01:27:00,277 [Worker-103: Launching Executing test in C__Users_Sumit_Desktop_New folder_Janatri] INFO  o.eclipse.m2e.core.internal.Bundles - 	Entry: C:\Users\Sumit\.p2\pool\plugins\org.eclipse.m2e.maven.runtime_3.9.900.20250220-2013\jars\org.eclipse.sisu.plexus-0.9.0.M3.jar
2025-09-06 01:27:00,278 [Worker-103: Launching Executing test in C__Users_Sumit_Desktop_New folder_Janatri] INFO  o.eclipse.m2e.core.internal.Bundles - 	Entry: C:\Users\Sumit\.p2\pool\plugins\org.eclipse.m2e.maven.runtime_3.9.900.20250220-2013\jars\plexus-build-api-0.0.7.jar
2025-09-06 01:27:00,279 [Worker-103: Launching Executing test in C__Users_Sumit_Desktop_New folder_Janatri] INFO  o.eclipse.m2e.core.internal.Bundles - 	Entry: C:\Users\Sumit\.p2\pool\plugins\org.eclipse.m2e.maven.runtime_3.9.900.20250220-2013\jars\plexus-build-api-1.2.0.jar
2025-09-06 01:27:00,279 [Worker-103: Launching Executing test in C__Users_Sumit_Desktop_New folder_Janatri] INFO  o.eclipse.m2e.core.internal.Bundles - 	Entry: C:\Users\Sumit\.p2\pool\plugins\org.eclipse.m2e.maven.runtime_3.9.900.20250220-2013\jars\plexus-cipher-2.0.jar
2025-09-06 01:27:00,280 [Worker-103: Launching Executing test in C__Users_Sumit_Desktop_New folder_Janatri] INFO  o.eclipse.m2e.core.internal.Bundles - 	Entry: C:\Users\Sumit\.p2\pool\plugins\org.eclipse.m2e.maven.runtime_3.9.900.20250220-2013\jars\plexus-classworlds-2.8.0.jar
2025-09-06 01:27:00,280 [Worker-103: Launching Executing test in C__Users_Sumit_Desktop_New folder_Janatri] INFO  o.eclipse.m2e.core.internal.Bundles - 	Entry: C:\Users\Sumit\.p2\pool\plugins\org.eclipse.m2e.maven.runtime_3.9.900.20250220-2013\jars\plexus-component-annotations-2.1.0.jar
2025-09-06 01:27:00,280 [Worker-103: Launching Executing test in C__Users_Sumit_Desktop_New folder_Janatri] INFO  o.eclipse.m2e.core.internal.Bundles - 	Entry: C:\Users\Sumit\.p2\pool\plugins\org.eclipse.m2e.maven.runtime_3.9.900.20250220-2013\jars\plexus-interpolation-1.27.jar
2025-09-06 01:27:00,281 [Worker-103: Launching Executing test in C__Users_Sumit_Desktop_New folder_Janatri] INFO  o.eclipse.m2e.core.internal.Bundles - 	Entry: C:\Users\Sumit\.p2\pool\plugins\org.eclipse.m2e.maven.runtime_3.9.900.20250220-2013\jars\plexus-sec-dispatcher-2.0.jar
2025-09-06 01:27:00,281 [Worker-103: Launching Executing test in C__Users_Sumit_Desktop_New folder_Janatri] INFO  o.eclipse.m2e.core.internal.Bundles - 	Entry: C:\Users\Sumit\.p2\pool\plugins\org.eclipse.m2e.maven.runtime_3.9.900.20250220-2013\jars\plexus-utils-3.5.1.jar
2025-09-06 01:27:00,281 [Worker-103: Launching Executing test in C__Users_Sumit_Desktop_New folder_Janatri] INFO  o.eclipse.m2e.core.internal.Bundles - 	Entry: C:\Users\Sumit\.p2\pool\plugins\org.eclipse.m2e.maven.runtime_3.9.900.20250220-2013\jars\plexus-xml-3.0.1.jar
2025-09-06 01:27:00,282 [Worker-103: Launching Executing test in C__Users_Sumit_Desktop_New folder_Janatri] INFO  o.eclipse.m2e.core.internal.Bundles - 	Entry: C:\Users\Sumit\.p2\pool\plugins\org.eclipse.m2e.maven.runtime_3.9.900.20250220-2013\jars\wagon-file-3.5.3.jar
2025-09-06 01:27:00,282 [Worker-103: Launching Executing test in C__Users_Sumit_Desktop_New folder_Janatri] INFO  o.eclipse.m2e.core.internal.Bundles - 	Entry: C:\Users\Sumit\.p2\pool\plugins\org.eclipse.m2e.maven.runtime_3.9.900.20250220-2013\jars\wagon-http-3.5.3.jar
2025-09-06 01:27:00,282 [Worker-103: Launching Executing test in C__Users_Sumit_Desktop_New folder_Janatri] INFO  o.eclipse.m2e.core.internal.Bundles - 	Entry: C:\Users\Sumit\.p2\pool\plugins\org.eclipse.m2e.maven.runtime_3.9.900.20250220-2013\jars\wagon-http-shared-3.5.3.jar
2025-09-06 01:27:00,284 [Worker-103: Launching Executing test in C__Users_Sumit_Desktop_New folder_Janatri] INFO  o.eclipse.m2e.core.internal.Bundles - 	Entry: C:\Users\Sumit\.p2\pool\plugins\org.eclipse.m2e.maven.runtime_3.9.900.20250220-2013\jars\wagon-provider-api-3.5.3.jar
2025-09-06 01:27:00,286 [Worker-103: Launching Executing test in C__Users_Sumit_Desktop_New folder_Janatri] INFO  o.eclipse.m2e.core.internal.Bundles - getClasspathEntries(Bundle=com.google.guava_33.4.8.jre [18])
2025-09-06 01:27:00,287 [Worker-103: Launching Executing test in C__Users_Sumit_Desktop_New folder_Janatri] INFO  o.eclipse.m2e.core.internal.Bundles - 	Entry: C:\Users\Sumit\.p2\pool\plugins\com.google.guava_33.4.8.jre.jar
2025-09-06 01:27:00,288 [Worker-103: Launching Executing test in C__Users_Sumit_Desktop_New folder_Janatri] INFO  o.eclipse.m2e.core.internal.Bundles - getClasspathEntries(Bundle=slf4j.api_2.0.17 [1004])
2025-09-06 01:27:00,289 [Worker-103: Launching Executing test in C__Users_Sumit_Desktop_New folder_Janatri] INFO  o.eclipse.m2e.core.internal.Bundles - 	Entry: C:\Users\Sumit\.p2\pool\plugins\slf4j.api_2.0.17.jar
2025-09-06 01:27:00,289 [Worker-103: Launching Executing test in C__Users_Sumit_Desktop_New folder_Janatri] INFO  o.eclipse.m2e.core.internal.Bundles - getClasspathEntries(Bundle=jakarta.inject.jakarta.inject-api_1.0.5 [35])
2025-09-06 01:27:00,289 [Worker-103: Launching Executing test in C__Users_Sumit_Desktop_New folder_Janatri] INFO  o.eclipse.m2e.core.internal.Bundles - 	Entry: C:\Users\Sumit\.p2\pool\plugins\jakarta.inject.jakarta.inject-api_1.0.5.jar
2025-09-06 01:27:00,290 [Worker-103: Launching Executing test in C__Users_Sumit_Desktop_New folder_Janatri] INFO  o.eclipse.m2e.core.internal.Bundles - getClasspathEntries(Bundle=javax.annotation_1.3.5.v20200909-1856 [45])
2025-09-06 01:27:00,291 [Worker-103: Launching Executing test in C__Users_Sumit_Desktop_New folder_Janatri] INFO  o.eclipse.m2e.core.internal.Bundles - 	Entry: C:\Users\Sumit\.p2\pool\plugins\javax.annotation_1.3.5.v20200909-1856.jar
2025-09-06 01:27:00,291 [Worker-103: Launching Executing test in C__Users_Sumit_Desktop_New folder_Janatri] INFO  o.eclipse.m2e.core.internal.Bundles - getClasspathEntries(Bundle=org.apache.commons.cli_1.9.0 [76])
2025-09-06 01:27:00,292 [Worker-103: Launching Executing test in C__Users_Sumit_Desktop_New folder_Janatri] INFO  o.eclipse.m2e.core.internal.Bundles - 	Entry: C:\Users\Sumit\.p2\pool\plugins\org.apache.commons.cli_1.9.0.jar
2025-09-06 01:27:00,292 [Worker-103: Launching Executing test in C__Users_Sumit_Desktop_New folder_Janatri] INFO  o.eclipse.m2e.core.internal.Bundles - getClasspathEntries(Bundle=org.apache.commons.commons-codec_1.16.0 [78])
2025-09-06 01:27:00,294 [Worker-103: Launching Executing test in C__Users_Sumit_Desktop_New folder_Janatri] INFO  o.eclipse.m2e.core.internal.Bundles - 	Entry: C:\Users\Sumit\.p2\pool\plugins\org.apache.commons.commons-codec_1.16.0.jar
2025-09-06 01:27:00,294 [Worker-103: Launching Executing test in C__Users_Sumit_Desktop_New folder_Janatri] INFO  o.eclipse.m2e.core.internal.Bundles - getClasspathEntries(Bundle=com.google.guava.failureaccess_1.0.3 [19])
2025-09-06 01:27:00,295 [Worker-103: Launching Executing test in C__Users_Sumit_Desktop_New folder_Janatri] INFO  o.eclipse.m2e.core.internal.Bundles - 	Entry: C:\Users\Sumit\.p2\pool\plugins\com.google.guava.failureaccess_1.0.3.jar
2025-09-06 01:27:00,299 [Worker-103: Launching Executing test in C__Users_Sumit_Desktop_New folder_Janatri] INFO  o.e.m.i.launch.MavenLaunchDelegate - Run build in "C:\Users\Sumit\Desktop\New folder\Janatri":
2025-09-06 01:27:00,300 [Worker-103: Launching Executing test in C__Users_Sumit_Desktop_New folder_Janatri] INFO  o.e.m.i.launch.MavenLaunchDelegate -  mvn  -B -Dstyle.color=always test
2025-09-06 01:38:16,530 [Worker-105: Building] WARN  o.a.m.s.f.DefaultMavenResourcesFiltering - Using platform encoding (UTF-8 actually) to copy filtered resources, i.e. build is platform dependent!
2025-09-06 01:38:16,603 [Worker-105: Building] INFO  o.a.m.s.f.DefaultMavenResourcesFiltering - Copying 0 resource from src\main\resources to target\classes
2025-09-06 01:38:16,608 [Worker-105: Building] WARN  o.a.m.s.f.DefaultMavenResourcesFiltering - Using platform encoding (UTF-8 actually) to copy filtered resources, i.e. build is platform dependent!
2025-09-06 01:38:16,609 [Worker-105: Building] INFO  o.a.m.s.f.DefaultMavenResourcesFiltering - Copying 0 resource from src\test\resources to target\test-classes
2025-09-06 01:38:46,926 [Worker-108: Building] WARN  o.a.m.s.f.DefaultMavenResourcesFiltering - Using platform encoding (UTF-8 actually) to copy filtered resources, i.e. build is platform dependent!
2025-09-06 01:38:46,929 [Worker-108: Building] INFO  o.a.m.s.f.DefaultMavenResourcesFiltering - Copying 0 resource from src\main\resources to target\classes
2025-09-06 01:38:46,934 [Worker-108: Building] WARN  o.a.m.s.f.DefaultMavenResourcesFiltering - Using platform encoding (UTF-8 actually) to copy filtered resources, i.e. build is platform dependent!
2025-09-06 01:38:46,937 [Worker-108: Building] INFO  o.a.m.s.f.DefaultMavenResourcesFiltering - Copying 0 resource from src\test\resources to target\test-classes
2025-09-06 01:39:09,881 [Worker-107: Building] WARN  o.a.m.s.f.DefaultMavenResourcesFiltering - Using platform encoding (UTF-8 actually) to copy filtered resources, i.e. build is platform dependent!
2025-09-06 01:39:09,887 [Worker-107: Building] INFO  o.a.m.s.f.DefaultMavenResourcesFiltering - Copying 0 resource from src\main\resources to target\classes
2025-09-06 01:39:09,889 [Worker-107: Building] WARN  o.a.m.s.f.DefaultMavenResourcesFiltering - Using platform encoding (UTF-8 actually) to copy filtered resources, i.e. build is platform dependent!
2025-09-06 01:39:09,892 [Worker-107: Building] INFO  o.a.m.s.f.DefaultMavenResourcesFiltering - Copying 0 resource from src\test\resources to target\test-classes
2025-09-06 01:39:21,794 [Worker-109: Launching Executing test in C__Users_Sumit_Desktop_New folder_Janatri] INFO  o.eclipse.m2e.core.internal.Bundles - getClasspathEntries(Bundle=org.eclipse.m2e.maven.runtime_3.9.900.20250220-2013 [639])
2025-09-06 01:39:21,800 [Worker-109: Launching Executing test in C__Users_Sumit_Desktop_New folder_Janatri] INFO  o.eclipse.m2e.core.internal.Bundles - 	Entry: C:\Users\Sumit\.p2\pool\plugins\org.eclipse.m2e.maven.runtime_3.9.900.20250220-2013
2025-09-06 01:39:21,801 [Worker-109: Launching Executing test in C__Users_Sumit_Desktop_New folder_Janatri] INFO  o.eclipse.m2e.core.internal.Bundles - 	Entry: C:\Users\Sumit\.p2\pool\plugins\org.eclipse.m2e.maven.runtime_3.9.900.20250220-2013\jars\aopalliance-1.0.jar
2025-09-06 01:39:21,802 [Worker-109: Launching Executing test in C__Users_Sumit_Desktop_New folder_Janatri] INFO  o.eclipse.m2e.core.internal.Bundles - 	Entry: C:\Users\Sumit\.p2\pool\plugins\org.eclipse.m2e.maven.runtime_3.9.900.20250220-2013\jars\guice-5.1.0.jar
2025-09-06 01:39:21,805 [Worker-109: Launching Executing test in C__Users_Sumit_Desktop_New folder_Janatri] INFO  o.eclipse.m2e.core.internal.Bundles - 	Entry: C:\Users\Sumit\.p2\pool\plugins\org.eclipse.m2e.maven.runtime_3.9.900.20250220-2013\jars\httpclient-4.5.14.jar
2025-09-06 01:39:21,805 [Worker-109: Launching Executing test in C__Users_Sumit_Desktop_New folder_Janatri] INFO  o.eclipse.m2e.core.internal.Bundles - 	Entry: C:\Users\Sumit\.p2\pool\plugins\org.eclipse.m2e.maven.runtime_3.9.900.20250220-2013\jars\httpcore-4.4.16.jar
2025-09-06 01:39:21,807 [Worker-109: Launching Executing test in C__Users_Sumit_Desktop_New folder_Janatri] INFO  o.eclipse.m2e.core.internal.Bundles - 	Entry: C:\Users\Sumit\.p2\pool\plugins\org.eclipse.m2e.maven.runtime_3.9.900.20250220-2013\jars\jansi-2.4.1.jar
2025-09-06 01:39:21,808 [Worker-109: Launching Executing test in C__Users_Sumit_Desktop_New folder_Janatri] INFO  o.eclipse.m2e.core.internal.Bundles - 	Entry: C:\Users\Sumit\.p2\pool\plugins\org.eclipse.m2e.maven.runtime_3.9.900.20250220-2013\jars\jcl-over-slf4j-1.7.36.jar
2025-09-06 01:39:21,809 [Worker-109: Launching Executing test in C__Users_Sumit_Desktop_New folder_Janatri] INFO  o.eclipse.m2e.core.internal.Bundles - 	Entry: C:\Users\Sumit\.p2\pool\plugins\org.eclipse.m2e.maven.runtime_3.9.900.20250220-2013\jars\maven-artifact-3.9.9.jar
2025-09-06 01:39:21,810 [Worker-109: Launching Executing test in C__Users_Sumit_Desktop_New folder_Janatri] INFO  o.eclipse.m2e.core.internal.Bundles - 	Entry: C:\Users\Sumit\.p2\pool\plugins\org.eclipse.m2e.maven.runtime_3.9.900.20250220-2013\jars\maven-builder-support-3.9.9.jar
2025-09-06 01:39:21,811 [Worker-109: Launching Executing test in C__Users_Sumit_Desktop_New folder_Janatri] INFO  o.eclipse.m2e.core.internal.Bundles - 	Entry: C:\Users\Sumit\.p2\pool\plugins\org.eclipse.m2e.maven.runtime_3.9.900.20250220-2013\jars\maven-compat-3.9.9.jar
2025-09-06 01:39:21,811 [Worker-109: Launching Executing test in C__Users_Sumit_Desktop_New folder_Janatri] INFO  o.eclipse.m2e.core.internal.Bundles - 	Entry: C:\Users\Sumit\.p2\pool\plugins\org.eclipse.m2e.maven.runtime_3.9.900.20250220-2013\jars\maven-core-3.9.9.jar
2025-09-06 01:39:21,812 [Worker-109: Launching Executing test in C__Users_Sumit_Desktop_New folder_Janatri] INFO  o.eclipse.m2e.core.internal.Bundles - 	Entry: C:\Users\Sumit\.p2\pool\plugins\org.eclipse.m2e.maven.runtime_3.9.900.20250220-2013\jars\maven-embedder-3.9.9.jar
2025-09-06 01:39:21,813 [Worker-109: Launching Executing test in C__Users_Sumit_Desktop_New folder_Janatri] INFO  o.eclipse.m2e.core.internal.Bundles - 	Entry: C:\Users\Sumit\.p2\pool\plugins\org.eclipse.m2e.maven.runtime_3.9.900.20250220-2013\jars\maven-model-3.9.9.jar
2025-09-06 01:39:21,815 [Worker-109: Launching Executing test in C__Users_Sumit_Desktop_New folder_Janatri] INFO  o.eclipse.m2e.core.internal.Bundles - 	Entry: C:\Users\Sumit\.p2\pool\plugins\org.eclipse.m2e.maven.runtime_3.9.900.20250220-2013\jars\maven-model-builder-3.9.9.jar
2025-09-06 01:39:21,815 [Worker-109: Launching Executing test in C__Users_Sumit_Desktop_New folder_Janatri] INFO  o.eclipse.m2e.core.internal.Bundles - 	Entry: C:\Users\Sumit\.p2\pool\plugins\org.eclipse.m2e.maven.runtime_3.9.900.20250220-2013\jars\maven-plugin-api-3.9.9.jar
2025-09-06 01:39:21,817 [Worker-109: Launching Executing test in C__Users_Sumit_Desktop_New folder_Janatri] INFO  o.eclipse.m2e.core.internal.Bundles - 	Entry: C:\Users\Sumit\.p2\pool\plugins\org.eclipse.m2e.maven.runtime_3.9.900.20250220-2013\jars\maven-repository-metadata-3.9.9.jar
2025-09-06 01:39:21,818 [Worker-109: Launching Executing test in C__Users_Sumit_Desktop_New folder_Janatri] INFO  o.eclipse.m2e.core.internal.Bundles - 	Entry: C:\Users\Sumit\.p2\pool\plugins\org.eclipse.m2e.maven.runtime_3.9.900.20250220-2013\jars\maven-resolver-api-1.9.22.jar
2025-09-06 01:39:21,820 [Worker-109: Launching Executing test in C__Users_Sumit_Desktop_New folder_Janatri] INFO  o.eclipse.m2e.core.internal.Bundles - 	Entry: C:\Users\Sumit\.p2\pool\plugins\org.eclipse.m2e.maven.runtime_3.9.900.20250220-2013\jars\maven-resolver-connector-basic-1.9.22.jar
2025-09-06 01:39:21,821 [Worker-109: Launching Executing test in C__Users_Sumit_Desktop_New folder_Janatri] INFO  o.eclipse.m2e.core.internal.Bundles - 	Entry: C:\Users\Sumit\.p2\pool\plugins\org.eclipse.m2e.maven.runtime_3.9.900.20250220-2013\jars\maven-resolver-impl-1.9.22.jar
2025-09-06 01:39:21,822 [Worker-109: Launching Executing test in C__Users_Sumit_Desktop_New folder_Janatri] INFO  o.eclipse.m2e.core.internal.Bundles - 	Entry: C:\Users\Sumit\.p2\pool\plugins\org.eclipse.m2e.maven.runtime_3.9.900.20250220-2013\jars\maven-resolver-named-locks-1.9.22.jar
2025-09-06 01:39:21,824 [Worker-109: Launching Executing test in C__Users_Sumit_Desktop_New folder_Janatri] INFO  o.eclipse.m2e.core.internal.Bundles - 	Entry: C:\Users\Sumit\.p2\pool\plugins\org.eclipse.m2e.maven.runtime_3.9.900.20250220-2013\jars\maven-resolver-provider-3.9.9.jar
2025-09-06 01:39:21,825 [Worker-109: Launching Executing test in C__Users_Sumit_Desktop_New folder_Janatri] INFO  o.eclipse.m2e.core.internal.Bundles - 	Entry: C:\Users\Sumit\.p2\pool\plugins\org.eclipse.m2e.maven.runtime_3.9.900.20250220-2013\jars\maven-resolver-spi-1.9.22.jar
2025-09-06 01:39:21,826 [Worker-109: Launching Executing test in C__Users_Sumit_Desktop_New folder_Janatri] INFO  o.eclipse.m2e.core.internal.Bundles - 	Entry: C:\Users\Sumit\.p2\pool\plugins\org.eclipse.m2e.maven.runtime_3.9.900.20250220-2013\jars\maven-resolver-transport-file-1.9.22.jar
2025-09-06 01:39:21,827 [Worker-109: Launching Executing test in C__Users_Sumit_Desktop_New folder_Janatri] INFO  o.eclipse.m2e.core.internal.Bundles - 	Entry: C:\Users\Sumit\.p2\pool\plugins\org.eclipse.m2e.maven.runtime_3.9.900.20250220-2013\jars\maven-resolver-transport-http-1.9.22.jar
2025-09-06 01:39:21,828 [Worker-109: Launching Executing test in C__Users_Sumit_Desktop_New folder_Janatri] INFO  o.eclipse.m2e.core.internal.Bundles - 	Entry: C:\Users\Sumit\.p2\pool\plugins\org.eclipse.m2e.maven.runtime_3.9.900.20250220-2013\jars\maven-resolver-transport-wagon-1.9.22.jar
2025-09-06 01:39:21,829 [Worker-109: Launching Executing test in C__Users_Sumit_Desktop_New folder_Janatri] INFO  o.eclipse.m2e.core.internal.Bundles - 	Entry: C:\Users\Sumit\.p2\pool\plugins\org.eclipse.m2e.maven.runtime_3.9.900.20250220-2013\jars\maven-resolver-util-1.9.22.jar
2025-09-06 01:39:21,830 [Worker-109: Launching Executing test in C__Users_Sumit_Desktop_New folder_Janatri] INFO  o.eclipse.m2e.core.internal.Bundles - 	Entry: C:\Users\Sumit\.p2\pool\plugins\org.eclipse.m2e.maven.runtime_3.9.900.20250220-2013\jars\maven-settings-3.9.9.jar
2025-09-06 01:39:21,831 [Worker-109: Launching Executing test in C__Users_Sumit_Desktop_New folder_Janatri] INFO  o.eclipse.m2e.core.internal.Bundles - 	Entry: C:\Users\Sumit\.p2\pool\plugins\org.eclipse.m2e.maven.runtime_3.9.900.20250220-2013\jars\maven-settings-builder-3.9.9.jar
2025-09-06 01:39:21,833 [Worker-109: Launching Executing test in C__Users_Sumit_Desktop_New folder_Janatri] INFO  o.eclipse.m2e.core.internal.Bundles - 	Entry: C:\Users\Sumit\.p2\pool\plugins\org.eclipse.m2e.maven.runtime_3.9.900.20250220-2013\jars\maven-shared-utils-3.4.2.jar
2025-09-06 01:39:21,835 [Worker-109: Launching Executing test in C__Users_Sumit_Desktop_New folder_Janatri] INFO  o.eclipse.m2e.core.internal.Bundles - 	Entry: C:\Users\Sumit\.p2\pool\plugins\org.eclipse.m2e.maven.runtime_3.9.900.20250220-2013\jars\org.eclipse.sisu.inject-0.9.0.M3.jar
2025-09-06 01:39:21,837 [Worker-109: Launching Executing test in C__Users_Sumit_Desktop_New folder_Janatri] INFO  o.eclipse.m2e.core.internal.Bundles - 	Entry: C:\Users\Sumit\.p2\pool\plugins\org.eclipse.m2e.maven.runtime_3.9.900.20250220-2013\jars\org.eclipse.sisu.plexus-0.9.0.M3.jar
2025-09-06 01:39:21,838 [Worker-109: Launching Executing test in C__Users_Sumit_Desktop_New folder_Janatri] INFO  o.eclipse.m2e.core.internal.Bundles - 	Entry: C:\Users\Sumit\.p2\pool\plugins\org.eclipse.m2e.maven.runtime_3.9.900.20250220-2013\jars\plexus-build-api-0.0.7.jar
2025-09-06 01:39:21,840 [Worker-109: Launching Executing test in C__Users_Sumit_Desktop_New folder_Janatri] INFO  o.eclipse.m2e.core.internal.Bundles - 	Entry: C:\Users\Sumit\.p2\pool\plugins\org.eclipse.m2e.maven.runtime_3.9.900.20250220-2013\jars\plexus-build-api-1.2.0.jar
2025-09-06 01:39:21,841 [Worker-109: Launching Executing test in C__Users_Sumit_Desktop_New folder_Janatri] INFO  o.eclipse.m2e.core.internal.Bundles - 	Entry: C:\Users\Sumit\.p2\pool\plugins\org.eclipse.m2e.maven.runtime_3.9.900.20250220-2013\jars\plexus-cipher-2.0.jar
2025-09-06 01:39:21,842 [Worker-109: Launching Executing test in C__Users_Sumit_Desktop_New folder_Janatri] INFO  o.eclipse.m2e.core.internal.Bundles - 	Entry: C:\Users\Sumit\.p2\pool\plugins\org.eclipse.m2e.maven.runtime_3.9.900.20250220-2013\jars\plexus-classworlds-2.8.0.jar
2025-09-06 01:39:21,843 [Worker-109: Launching Executing test in C__Users_Sumit_Desktop_New folder_Janatri] INFO  o.eclipse.m2e.core.internal.Bundles - 	Entry: C:\Users\Sumit\.p2\pool\plugins\org.eclipse.m2e.maven.runtime_3.9.900.20250220-2013\jars\plexus-component-annotations-2.1.0.jar
2025-09-06 01:39:21,844 [Worker-109: Launching Executing test in C__Users_Sumit_Desktop_New folder_Janatri] INFO  o.eclipse.m2e.core.internal.Bundles - 	Entry: C:\Users\Sumit\.p2\pool\plugins\org.eclipse.m2e.maven.runtime_3.9.900.20250220-2013\jars\plexus-interpolation-1.27.jar
2025-09-06 01:39:21,845 [Worker-109: Launching Executing test in C__Users_Sumit_Desktop_New folder_Janatri] INFO  o.eclipse.m2e.core.internal.Bundles - 	Entry: C:\Users\Sumit\.p2\pool\plugins\org.eclipse.m2e.maven.runtime_3.9.900.20250220-2013\jars\plexus-sec-dispatcher-2.0.jar
2025-09-06 01:39:21,845 [Worker-109: Launching Executing test in C__Users_Sumit_Desktop_New folder_Janatri] INFO  o.eclipse.m2e.core.internal.Bundles - 	Entry: C:\Users\Sumit\.p2\pool\plugins\org.eclipse.m2e.maven.runtime_3.9.900.20250220-2013\jars\plexus-utils-3.5.1.jar
2025-09-06 01:39:21,846 [Worker-109: Launching Executing test in C__Users_Sumit_Desktop_New folder_Janatri] INFO  o.eclipse.m2e.core.internal.Bundles - 	Entry: C:\Users\Sumit\.p2\pool\plugins\org.eclipse.m2e.maven.runtime_3.9.900.20250220-2013\jars\plexus-xml-3.0.1.jar
2025-09-06 01:39:21,847 [Worker-109: Launching Executing test in C__Users_Sumit_Desktop_New folder_Janatri] INFO  o.eclipse.m2e.core.internal.Bundles - 	Entry: C:\Users\Sumit\.p2\pool\plugins\org.eclipse.m2e.maven.runtime_3.9.900.20250220-2013\jars\wagon-file-3.5.3.jar
2025-09-06 01:39:21,847 [Worker-109: Launching Executing test in C__Users_Sumit_Desktop_New folder_Janatri] INFO  o.eclipse.m2e.core.internal.Bundles - 	Entry: C:\Users\Sumit\.p2\pool\plugins\org.eclipse.m2e.maven.runtime_3.9.900.20250220-2013\jars\wagon-http-3.5.3.jar
2025-09-06 01:39:21,848 [Worker-109: Launching Executing test in C__Users_Sumit_Desktop_New folder_Janatri] INFO  o.eclipse.m2e.core.internal.Bundles - 	Entry: C:\Users\Sumit\.p2\pool\plugins\org.eclipse.m2e.maven.runtime_3.9.900.20250220-2013\jars\wagon-http-shared-3.5.3.jar
2025-09-06 01:39:21,849 [Worker-109: Launching Executing test in C__Users_Sumit_Desktop_New folder_Janatri] INFO  o.eclipse.m2e.core.internal.Bundles - 	Entry: C:\Users\Sumit\.p2\pool\plugins\org.eclipse.m2e.maven.runtime_3.9.900.20250220-2013\jars\wagon-provider-api-3.5.3.jar
2025-09-06 01:39:21,854 [Worker-109: Launching Executing test in C__Users_Sumit_Desktop_New folder_Janatri] INFO  o.eclipse.m2e.core.internal.Bundles - getClasspathEntries(Bundle=com.google.guava_33.4.8.jre [18])
2025-09-06 01:39:21,856 [Worker-109: Launching Executing test in C__Users_Sumit_Desktop_New folder_Janatri] INFO  o.eclipse.m2e.core.internal.Bundles - 	Entry: C:\Users\Sumit\.p2\pool\plugins\com.google.guava_33.4.8.jre.jar
2025-09-06 01:39:21,856 [Worker-109: Launching Executing test in C__Users_Sumit_Desktop_New folder_Janatri] INFO  o.eclipse.m2e.core.internal.Bundles - getClasspathEntries(Bundle=slf4j.api_2.0.17 [1004])
2025-09-06 01:39:21,857 [Worker-109: Launching Executing test in C__Users_Sumit_Desktop_New folder_Janatri] INFO  o.eclipse.m2e.core.internal.Bundles - 	Entry: C:\Users\Sumit\.p2\pool\plugins\slf4j.api_2.0.17.jar
2025-09-06 01:39:21,857 [Worker-109: Launching Executing test in C__Users_Sumit_Desktop_New folder_Janatri] INFO  o.eclipse.m2e.core.internal.Bundles - getClasspathEntries(Bundle=jakarta.inject.jakarta.inject-api_1.0.5 [35])
2025-09-06 01:39:21,858 [Worker-109: Launching Executing test in C__Users_Sumit_Desktop_New folder_Janatri] INFO  o.eclipse.m2e.core.internal.Bundles - 	Entry: C:\Users\Sumit\.p2\pool\plugins\jakarta.inject.jakarta.inject-api_1.0.5.jar
2025-09-06 01:39:21,858 [Worker-109: Launching Executing test in C__Users_Sumit_Desktop_New folder_Janatri] INFO  o.eclipse.m2e.core.internal.Bundles - getClasspathEntries(Bundle=javax.annotation_1.3.5.v20200909-1856 [45])
2025-09-06 01:39:21,860 [Worker-109: Launching Executing test in C__Users_Sumit_Desktop_New folder_Janatri] INFO  o.eclipse.m2e.core.internal.Bundles - 	Entry: C:\Users\Sumit\.p2\pool\plugins\javax.annotation_1.3.5.v20200909-1856.jar
2025-09-06 01:39:21,860 [Worker-109: Launching Executing test in C__Users_Sumit_Desktop_New folder_Janatri] INFO  o.eclipse.m2e.core.internal.Bundles - getClasspathEntries(Bundle=org.apache.commons.cli_1.9.0 [76])
2025-09-06 01:39:21,862 [Worker-109: Launching Executing test in C__Users_Sumit_Desktop_New folder_Janatri] INFO  o.eclipse.m2e.core.internal.Bundles - 	Entry: C:\Users\Sumit\.p2\pool\plugins\org.apache.commons.cli_1.9.0.jar
2025-09-06 01:39:21,862 [Worker-109: Launching Executing test in C__Users_Sumit_Desktop_New folder_Janatri] INFO  o.eclipse.m2e.core.internal.Bundles - getClasspathEntries(Bundle=org.apache.commons.commons-codec_1.16.0 [78])
2025-09-06 01:39:21,863 [Worker-109: Launching Executing test in C__Users_Sumit_Desktop_New folder_Janatri] INFO  o.eclipse.m2e.core.internal.Bundles - 	Entry: C:\Users\Sumit\.p2\pool\plugins\org.apache.commons.commons-codec_1.16.0.jar
2025-09-06 01:39:21,863 [Worker-109: Launching Executing test in C__Users_Sumit_Desktop_New folder_Janatri] INFO  o.eclipse.m2e.core.internal.Bundles - getClasspathEntries(Bundle=com.google.guava.failureaccess_1.0.3 [19])
2025-09-06 01:39:21,864 [Worker-109: Launching Executing test in C__Users_Sumit_Desktop_New folder_Janatri] INFO  o.eclipse.m2e.core.internal.Bundles - 	Entry: C:\Users\Sumit\.p2\pool\plugins\com.google.guava.failureaccess_1.0.3.jar
2025-09-06 01:39:21,870 [Worker-109: Launching Executing test in C__Users_Sumit_Desktop_New folder_Janatri] INFO  o.e.m.i.launch.MavenLaunchDelegate - Run build in "C:\Users\Sumit\Desktop\New folder\Janatri":
2025-09-06 01:39:21,870 [Worker-109: Launching Executing test in C__Users_Sumit_Desktop_New folder_Janatri] INFO  o.e.m.i.launch.MavenLaunchDelegate -  mvn  -B -Dstyle.color=always test
2025-09-06 01:40:18,611 [Worker-110: Building] WARN  o.a.m.s.f.DefaultMavenResourcesFiltering - Using platform encoding (UTF-8 actually) to copy filtered resources, i.e. build is platform dependent!
2025-09-06 01:40:18,613 [Worker-110: Building] INFO  o.a.m.s.f.DefaultMavenResourcesFiltering - Copying 0 resource from src\main\resources to target\classes
2025-09-06 01:40:18,615 [Worker-110: Building] WARN  o.a.m.s.f.DefaultMavenResourcesFiltering - Using platform encoding (UTF-8 actually) to copy filtered resources, i.e. build is platform dependent!
2025-09-06 01:40:18,617 [Worker-110: Building] INFO  o.a.m.s.f.DefaultMavenResourcesFiltering - Copying 0 resource from src\test\resources to target\test-classes
2025-09-06 01:44:36,963 [Worker-107: Building] WARN  o.a.m.s.f.DefaultMavenResourcesFiltering - Using platform encoding (UTF-8 actually) to copy filtered resources, i.e. build is platform dependent!
2025-09-06 01:44:37,047 [Worker-107: Building] INFO  o.a.m.s.f.DefaultMavenResourcesFiltering - Copying 0 resource from src\main\resources to target\classes
2025-09-06 01:44:37,051 [Worker-107: Building] WARN  o.a.m.s.f.DefaultMavenResourcesFiltering - Using platform encoding (UTF-8 actually) to copy filtered resources, i.e. build is platform dependent!
2025-09-06 01:44:37,054 [Worker-107: Building] INFO  o.a.m.s.f.DefaultMavenResourcesFiltering - Copying 0 resource from src\test\resources to target\test-classes
2025-09-06 01:44:43,482 [Worker-113: Launching Executing test in C__Users_Sumit_Desktop_New folder_Janatri] INFO  o.eclipse.m2e.core.internal.Bundles - getClasspathEntries(Bundle=org.eclipse.m2e.maven.runtime_3.9.900.20250220-2013 [639])
2025-09-06 01:44:43,494 [Worker-113: Launching Executing test in C__Users_Sumit_Desktop_New folder_Janatri] INFO  o.eclipse.m2e.core.internal.Bundles - 	Entry: C:\Users\Sumit\.p2\pool\plugins\org.eclipse.m2e.maven.runtime_3.9.900.20250220-2013
2025-09-06 01:44:43,496 [Worker-113: Launching Executing test in C__Users_Sumit_Desktop_New folder_Janatri] INFO  o.eclipse.m2e.core.internal.Bundles - 	Entry: C:\Users\Sumit\.p2\pool\plugins\org.eclipse.m2e.maven.runtime_3.9.900.20250220-2013\jars\aopalliance-1.0.jar
2025-09-06 01:44:43,498 [Worker-113: Launching Executing test in C__Users_Sumit_Desktop_New folder_Janatri] INFO  o.eclipse.m2e.core.internal.Bundles - 	Entry: C:\Users\Sumit\.p2\pool\plugins\org.eclipse.m2e.maven.runtime_3.9.900.20250220-2013\jars\guice-5.1.0.jar
2025-09-06 01:44:43,499 [Worker-113: Launching Executing test in C__Users_Sumit_Desktop_New folder_Janatri] INFO  o.eclipse.m2e.core.internal.Bundles - 	Entry: C:\Users\Sumit\.p2\pool\plugins\org.eclipse.m2e.maven.runtime_3.9.900.20250220-2013\jars\httpclient-4.5.14.jar
2025-09-06 01:44:43,500 [Worker-113: Launching Executing test in C__Users_Sumit_Desktop_New folder_Janatri] INFO  o.eclipse.m2e.core.internal.Bundles - 	Entry: C:\Users\Sumit\.p2\pool\plugins\org.eclipse.m2e.maven.runtime_3.9.900.20250220-2013\jars\httpcore-4.4.16.jar
2025-09-06 01:44:43,501 [Worker-113: Launching Executing test in C__Users_Sumit_Desktop_New folder_Janatri] INFO  o.eclipse.m2e.core.internal.Bundles - 	Entry: C:\Users\Sumit\.p2\pool\plugins\org.eclipse.m2e.maven.runtime_3.9.900.20250220-2013\jars\jansi-2.4.1.jar
2025-09-06 01:44:43,502 [Worker-113: Launching Executing test in C__Users_Sumit_Desktop_New folder_Janatri] INFO  o.eclipse.m2e.core.internal.Bundles - 	Entry: C:\Users\Sumit\.p2\pool\plugins\org.eclipse.m2e.maven.runtime_3.9.900.20250220-2013\jars\jcl-over-slf4j-1.7.36.jar
2025-09-06 01:44:43,503 [Worker-113: Launching Executing test in C__Users_Sumit_Desktop_New folder_Janatri] INFO  o.eclipse.m2e.core.internal.Bundles - 	Entry: C:\Users\Sumit\.p2\pool\plugins\org.eclipse.m2e.maven.runtime_3.9.900.20250220-2013\jars\maven-artifact-3.9.9.jar
2025-09-06 01:44:43,504 [Worker-113: Launching Executing test in C__Users_Sumit_Desktop_New folder_Janatri] INFO  o.eclipse.m2e.core.internal.Bundles - 	Entry: C:\Users\Sumit\.p2\pool\plugins\org.eclipse.m2e.maven.runtime_3.9.900.20250220-2013\jars\maven-builder-support-3.9.9.jar
2025-09-06 01:44:43,505 [Worker-113: Launching Executing test in C__Users_Sumit_Desktop_New folder_Janatri] INFO  o.eclipse.m2e.core.internal.Bundles - 	Entry: C:\Users\Sumit\.p2\pool\plugins\org.eclipse.m2e.maven.runtime_3.9.900.20250220-2013\jars\maven-compat-3.9.9.jar
2025-09-06 01:44:43,506 [Worker-113: Launching Executing test in C__Users_Sumit_Desktop_New folder_Janatri] INFO  o.eclipse.m2e.core.internal.Bundles - 	Entry: C:\Users\Sumit\.p2\pool\plugins\org.eclipse.m2e.maven.runtime_3.9.900.20250220-2013\jars\maven-core-3.9.9.jar
2025-09-06 01:44:43,507 [Worker-113: Launching Executing test in C__Users_Sumit_Desktop_New folder_Janatri] INFO  o.eclipse.m2e.core.internal.Bundles - 	Entry: C:\Users\Sumit\.p2\pool\plugins\org.eclipse.m2e.maven.runtime_3.9.900.20250220-2013\jars\maven-embedder-3.9.9.jar
2025-09-06 01:44:43,509 [Worker-113: Launching Executing test in C__Users_Sumit_Desktop_New folder_Janatri] INFO  o.eclipse.m2e.core.internal.Bundles - 	Entry: C:\Users\Sumit\.p2\pool\plugins\org.eclipse.m2e.maven.runtime_3.9.900.20250220-2013\jars\maven-model-3.9.9.jar
2025-09-06 01:44:43,510 [Worker-113: Launching Executing test in C__Users_Sumit_Desktop_New folder_Janatri] INFO  o.eclipse.m2e.core.internal.Bundles - 	Entry: C:\Users\Sumit\.p2\pool\plugins\org.eclipse.m2e.maven.runtime_3.9.900.20250220-2013\jars\maven-model-builder-3.9.9.jar
2025-09-06 01:44:43,512 [Worker-113: Launching Executing test in C__Users_Sumit_Desktop_New folder_Janatri] INFO  o.eclipse.m2e.core.internal.Bundles - 	Entry: C:\Users\Sumit\.p2\pool\plugins\org.eclipse.m2e.maven.runtime_3.9.900.20250220-2013\jars\maven-plugin-api-3.9.9.jar
2025-09-06 01:44:43,514 [Worker-113: Launching Executing test in C__Users_Sumit_Desktop_New folder_Janatri] INFO  o.eclipse.m2e.core.internal.Bundles - 	Entry: C:\Users\Sumit\.p2\pool\plugins\org.eclipse.m2e.maven.runtime_3.9.900.20250220-2013\jars\maven-repository-metadata-3.9.9.jar
2025-09-06 01:44:43,516 [Worker-113: Launching Executing test in C__Users_Sumit_Desktop_New folder_Janatri] INFO  o.eclipse.m2e.core.internal.Bundles - 	Entry: C:\Users\Sumit\.p2\pool\plugins\org.eclipse.m2e.maven.runtime_3.9.900.20250220-2013\jars\maven-resolver-api-1.9.22.jar
2025-09-06 01:44:43,518 [Worker-113: Launching Executing test in C__Users_Sumit_Desktop_New folder_Janatri] INFO  o.eclipse.m2e.core.internal.Bundles - 	Entry: C:\Users\Sumit\.p2\pool\plugins\org.eclipse.m2e.maven.runtime_3.9.900.20250220-2013\jars\maven-resolver-connector-basic-1.9.22.jar
2025-09-06 01:44:43,519 [Worker-113: Launching Executing test in C__Users_Sumit_Desktop_New folder_Janatri] INFO  o.eclipse.m2e.core.internal.Bundles - 	Entry: C:\Users\Sumit\.p2\pool\plugins\org.eclipse.m2e.maven.runtime_3.9.900.20250220-2013\jars\maven-resolver-impl-1.9.22.jar
2025-09-06 01:44:43,520 [Worker-113: Launching Executing test in C__Users_Sumit_Desktop_New folder_Janatri] INFO  o.eclipse.m2e.core.internal.Bundles - 	Entry: C:\Users\Sumit\.p2\pool\plugins\org.eclipse.m2e.maven.runtime_3.9.900.20250220-2013\jars\maven-resolver-named-locks-1.9.22.jar
2025-09-06 01:44:43,521 [Worker-113: Launching Executing test in C__Users_Sumit_Desktop_New folder_Janatri] INFO  o.eclipse.m2e.core.internal.Bundles - 	Entry: C:\Users\Sumit\.p2\pool\plugins\org.eclipse.m2e.maven.runtime_3.9.900.20250220-2013\jars\maven-resolver-provider-3.9.9.jar
2025-09-06 01:44:43,523 [Worker-113: Launching Executing test in C__Users_Sumit_Desktop_New folder_Janatri] INFO  o.eclipse.m2e.core.internal.Bundles - 	Entry: C:\Users\Sumit\.p2\pool\plugins\org.eclipse.m2e.maven.runtime_3.9.900.20250220-2013\jars\maven-resolver-spi-1.9.22.jar
2025-09-06 01:44:43,525 [Worker-113: Launching Executing test in C__Users_Sumit_Desktop_New folder_Janatri] INFO  o.eclipse.m2e.core.internal.Bundles - 	Entry: C:\Users\Sumit\.p2\pool\plugins\org.eclipse.m2e.maven.runtime_3.9.900.20250220-2013\jars\maven-resolver-transport-file-1.9.22.jar
2025-09-06 01:44:43,528 [Worker-113: Launching Executing test in C__Users_Sumit_Desktop_New folder_Janatri] INFO  o.eclipse.m2e.core.internal.Bundles - 	Entry: C:\Users\Sumit\.p2\pool\plugins\org.eclipse.m2e.maven.runtime_3.9.900.20250220-2013\jars\maven-resolver-transport-http-1.9.22.jar
2025-09-06 01:44:43,529 [Worker-113: Launching Executing test in C__Users_Sumit_Desktop_New folder_Janatri] INFO  o.eclipse.m2e.core.internal.Bundles - 	Entry: C:\Users\Sumit\.p2\pool\plugins\org.eclipse.m2e.maven.runtime_3.9.900.20250220-2013\jars\maven-resolver-transport-wagon-1.9.22.jar
2025-09-06 01:44:43,530 [Worker-113: Launching Executing test in C__Users_Sumit_Desktop_New folder_Janatri] INFO  o.eclipse.m2e.core.internal.Bundles - 	Entry: C:\Users\Sumit\.p2\pool\plugins\org.eclipse.m2e.maven.runtime_3.9.900.20250220-2013\jars\maven-resolver-util-1.9.22.jar
2025-09-06 01:44:43,532 [Worker-113: Launching Executing test in C__Users_Sumit_Desktop_New folder_Janatri] INFO  o.eclipse.m2e.core.internal.Bundles - 	Entry: C:\Users\Sumit\.p2\pool\plugins\org.eclipse.m2e.maven.runtime_3.9.900.20250220-2013\jars\maven-settings-3.9.9.jar
2025-09-06 01:44:43,534 [Worker-113: Launching Executing test in C__Users_Sumit_Desktop_New folder_Janatri] INFO  o.eclipse.m2e.core.internal.Bundles - 	Entry: C:\Users\Sumit\.p2\pool\plugins\org.eclipse.m2e.maven.runtime_3.9.900.20250220-2013\jars\maven-settings-builder-3.9.9.jar
2025-09-06 01:44:43,535 [Worker-113: Launching Executing test in C__Users_Sumit_Desktop_New folder_Janatri] INFO  o.eclipse.m2e.core.internal.Bundles - 	Entry: C:\Users\Sumit\.p2\pool\plugins\org.eclipse.m2e.maven.runtime_3.9.900.20250220-2013\jars\maven-shared-utils-3.4.2.jar
2025-09-06 01:44:43,537 [Worker-113: Launching Executing test in C__Users_Sumit_Desktop_New folder_Janatri] INFO  o.eclipse.m2e.core.internal.Bundles - 	Entry: C:\Users\Sumit\.p2\pool\plugins\org.eclipse.m2e.maven.runtime_3.9.900.20250220-2013\jars\org.eclipse.sisu.inject-0.9.0.M3.jar
2025-09-06 01:44:43,539 [Worker-113: Launching Executing test in C__Users_Sumit_Desktop_New folder_Janatri] INFO  o.eclipse.m2e.core.internal.Bundles - 	Entry: C:\Users\Sumit\.p2\pool\plugins\org.eclipse.m2e.maven.runtime_3.9.900.20250220-2013\jars\org.eclipse.sisu.plexus-0.9.0.M3.jar
2025-09-06 01:44:43,540 [Worker-113: Launching Executing test in C__Users_Sumit_Desktop_New folder_Janatri] INFO  o.eclipse.m2e.core.internal.Bundles - 	Entry: C:\Users\Sumit\.p2\pool\plugins\org.eclipse.m2e.maven.runtime_3.9.900.20250220-2013\jars\plexus-build-api-0.0.7.jar
2025-09-06 01:44:43,542 [Worker-113: Launching Executing test in C__Users_Sumit_Desktop_New folder_Janatri] INFO  o.eclipse.m2e.core.internal.Bundles - 	Entry: C:\Users\Sumit\.p2\pool\plugins\org.eclipse.m2e.maven.runtime_3.9.900.20250220-2013\jars\plexus-build-api-1.2.0.jar
2025-09-06 01:44:43,544 [Worker-113: Launching Executing test in C__Users_Sumit_Desktop_New folder_Janatri] INFO  o.eclipse.m2e.core.internal.Bundles - 	Entry: C:\Users\Sumit\.p2\pool\plugins\org.eclipse.m2e.maven.runtime_3.9.900.20250220-2013\jars\plexus-cipher-2.0.jar
2025-09-06 01:44:43,545 [Worker-113: Launching Executing test in C__Users_Sumit_Desktop_New folder_Janatri] INFO  o.eclipse.m2e.core.internal.Bundles - 	Entry: C:\Users\Sumit\.p2\pool\plugins\org.eclipse.m2e.maven.runtime_3.9.900.20250220-2013\jars\plexus-classworlds-2.8.0.jar
2025-09-06 01:44:43,546 [Worker-113: Launching Executing test in C__Users_Sumit_Desktop_New folder_Janatri] INFO  o.eclipse.m2e.core.internal.Bundles - 	Entry: C:\Users\Sumit\.p2\pool\plugins\org.eclipse.m2e.maven.runtime_3.9.900.20250220-2013\jars\plexus-component-annotations-2.1.0.jar
2025-09-06 01:44:43,547 [Worker-113: Launching Executing test in C__Users_Sumit_Desktop_New folder_Janatri] INFO  o.eclipse.m2e.core.internal.Bundles - 	Entry: C:\Users\Sumit\.p2\pool\plugins\org.eclipse.m2e.maven.runtime_3.9.900.20250220-2013\jars\plexus-interpolation-1.27.jar
2025-09-06 01:44:43,548 [Worker-113: Launching Executing test in C__Users_Sumit_Desktop_New folder_Janatri] INFO  o.eclipse.m2e.core.internal.Bundles - 	Entry: C:\Users\Sumit\.p2\pool\plugins\org.eclipse.m2e.maven.runtime_3.9.900.20250220-2013\jars\plexus-sec-dispatcher-2.0.jar
2025-09-06 01:44:43,549 [Worker-113: Launching Executing test in C__Users_Sumit_Desktop_New folder_Janatri] INFO  o.eclipse.m2e.core.internal.Bundles - 	Entry: C:\Users\Sumit\.p2\pool\plugins\org.eclipse.m2e.maven.runtime_3.9.900.20250220-2013\jars\plexus-utils-3.5.1.jar
2025-09-06 01:44:43,550 [Worker-113: Launching Executing test in C__Users_Sumit_Desktop_New folder_Janatri] INFO  o.eclipse.m2e.core.internal.Bundles - 	Entry: C:\Users\Sumit\.p2\pool\plugins\org.eclipse.m2e.maven.runtime_3.9.900.20250220-2013\jars\plexus-xml-3.0.1.jar
2025-09-06 01:44:43,551 [Worker-113: Launching Executing test in C__Users_Sumit_Desktop_New folder_Janatri] INFO  o.eclipse.m2e.core.internal.Bundles - 	Entry: C:\Users\Sumit\.p2\pool\plugins\org.eclipse.m2e.maven.runtime_3.9.900.20250220-2013\jars\wagon-file-3.5.3.jar
2025-09-06 01:44:43,551 [Worker-113: Launching Executing test in C__Users_Sumit_Desktop_New folder_Janatri] INFO  o.eclipse.m2e.core.internal.Bundles - 	Entry: C:\Users\Sumit\.p2\pool\plugins\org.eclipse.m2e.maven.runtime_3.9.900.20250220-2013\jars\wagon-http-3.5.3.jar
2025-09-06 01:44:43,553 [Worker-113: Launching Executing test in C__Users_Sumit_Desktop_New folder_Janatri] INFO  o.eclipse.m2e.core.internal.Bundles - 	Entry: C:\Users\Sumit\.p2\pool\plugins\org.eclipse.m2e.maven.runtime_3.9.900.20250220-2013\jars\wagon-http-shared-3.5.3.jar
2025-09-06 01:44:43,553 [Worker-113: Launching Executing test in C__Users_Sumit_Desktop_New folder_Janatri] INFO  o.eclipse.m2e.core.internal.Bundles - 	Entry: C:\Users\Sumit\.p2\pool\plugins\org.eclipse.m2e.maven.runtime_3.9.900.20250220-2013\jars\wagon-provider-api-3.5.3.jar
2025-09-06 01:44:43,570 [Worker-113: Launching Executing test in C__Users_Sumit_Desktop_New folder_Janatri] INFO  o.eclipse.m2e.core.internal.Bundles - getClasspathEntries(Bundle=com.google.guava_33.4.8.jre [18])
2025-09-06 01:44:43,573 [Worker-113: Launching Executing test in C__Users_Sumit_Desktop_New folder_Janatri] INFO  o.eclipse.m2e.core.internal.Bundles - 	Entry: C:\Users\Sumit\.p2\pool\plugins\com.google.guava_33.4.8.jre.jar
2025-09-06 01:44:43,573 [Worker-113: Launching Executing test in C__Users_Sumit_Desktop_New folder_Janatri] INFO  o.eclipse.m2e.core.internal.Bundles - getClasspathEntries(Bundle=slf4j.api_2.0.17 [1004])
2025-09-06 01:44:43,575 [Worker-113: Launching Executing test in C__Users_Sumit_Desktop_New folder_Janatri] INFO  o.eclipse.m2e.core.internal.Bundles - 	Entry: C:\Users\Sumit\.p2\pool\plugins\slf4j.api_2.0.17.jar
2025-09-06 01:44:43,575 [Worker-113: Launching Executing test in C__Users_Sumit_Desktop_New folder_Janatri] INFO  o.eclipse.m2e.core.internal.Bundles - getClasspathEntries(Bundle=jakarta.inject.jakarta.inject-api_1.0.5 [35])
2025-09-06 01:44:43,576 [Worker-113: Launching Executing test in C__Users_Sumit_Desktop_New folder_Janatri] INFO  o.eclipse.m2e.core.internal.Bundles - 	Entry: C:\Users\Sumit\.p2\pool\plugins\jakarta.inject.jakarta.inject-api_1.0.5.jar
2025-09-06 01:44:43,576 [Worker-113: Launching Executing test in C__Users_Sumit_Desktop_New folder_Janatri] INFO  o.eclipse.m2e.core.internal.Bundles - getClasspathEntries(Bundle=javax.annotation_1.3.5.v20200909-1856 [45])
2025-09-06 01:44:43,578 [Worker-113: Launching Executing test in C__Users_Sumit_Desktop_New folder_Janatri] INFO  o.eclipse.m2e.core.internal.Bundles - 	Entry: C:\Users\Sumit\.p2\pool\plugins\javax.annotation_1.3.5.v20200909-1856.jar
2025-09-06 01:44:43,580 [Worker-113: Launching Executing test in C__Users_Sumit_Desktop_New folder_Janatri] INFO  o.eclipse.m2e.core.internal.Bundles - getClasspathEntries(Bundle=org.apache.commons.cli_1.9.0 [76])
2025-09-06 01:44:43,582 [Worker-113: Launching Executing test in C__Users_Sumit_Desktop_New folder_Janatri] INFO  o.eclipse.m2e.core.internal.Bundles - 	Entry: C:\Users\Sumit\.p2\pool\plugins\org.apache.commons.cli_1.9.0.jar
2025-09-06 01:44:43,582 [Worker-113: Launching Executing test in C__Users_Sumit_Desktop_New folder_Janatri] INFO  o.eclipse.m2e.core.internal.Bundles - getClasspathEntries(Bundle=org.apache.commons.commons-codec_1.16.0 [78])
2025-09-06 01:44:43,584 [Worker-113: Launching Executing test in C__Users_Sumit_Desktop_New folder_Janatri] INFO  o.eclipse.m2e.core.internal.Bundles - 	Entry: C:\Users\Sumit\.p2\pool\plugins\org.apache.commons.commons-codec_1.16.0.jar
2025-09-06 01:44:43,584 [Worker-113: Launching Executing test in C__Users_Sumit_Desktop_New folder_Janatri] INFO  o.eclipse.m2e.core.internal.Bundles - getClasspathEntries(Bundle=com.google.guava.failureaccess_1.0.3 [19])
2025-09-06 01:44:43,585 [Worker-113: Launching Executing test in C__Users_Sumit_Desktop_New folder_Janatri] INFO  o.eclipse.m2e.core.internal.Bundles - 	Entry: C:\Users\Sumit\.p2\pool\plugins\com.google.guava.failureaccess_1.0.3.jar
2025-09-06 01:44:43,606 [Worker-113: Launching Executing test in C__Users_Sumit_Desktop_New folder_Janatri] INFO  o.e.m.i.launch.MavenLaunchDelegate - Run build in "C:\Users\Sumit\Desktop\New folder\Janatri":
2025-09-06 01:44:43,607 [Worker-113: Launching Executing test in C__Users_Sumit_Desktop_New folder_Janatri] INFO  o.e.m.i.launch.MavenLaunchDelegate -  mvn  -B -Dstyle.color=always test
2025-09-06 01:45:57,183 [Worker-107: Building] WARN  o.a.m.s.f.DefaultMavenResourcesFiltering - Using platform encoding (UTF-8 actually) to copy filtered resources, i.e. build is platform dependent!
2025-09-06 01:45:57,261 [Worker-107: Building] INFO  o.a.m.s.f.DefaultMavenResourcesFiltering - Copying 0 resource from src\main\resources to target\classes
2025-09-06 01:45:57,275 [Worker-107: Building] WARN  o.a.m.s.f.DefaultMavenResourcesFiltering - Using platform encoding (UTF-8 actually) to copy filtered resources, i.e. build is platform dependent!
2025-09-06 01:45:57,281 [Worker-107: Building] INFO  o.a.m.s.f.DefaultMavenResourcesFiltering - Copying 0 resource from src\test\resources to target\test-classes
2025-09-06 01:46:13,385 [Worker-111: Building] WARN  o.a.m.s.f.DefaultMavenResourcesFiltering - Using platform encoding (UTF-8 actually) to copy filtered resources, i.e. build is platform dependent!
2025-09-06 01:46:13,402 [Worker-111: Building] INFO  o.a.m.s.f.DefaultMavenResourcesFiltering - Copying 0 resource from src\main\resources to target\classes
2025-09-06 01:46:13,408 [Worker-111: Building] WARN  o.a.m.s.f.DefaultMavenResourcesFiltering - Using platform encoding (UTF-8 actually) to copy filtered resources, i.e. build is platform dependent!
2025-09-06 01:46:13,411 [Worker-111: Building] INFO  o.a.m.s.f.DefaultMavenResourcesFiltering - Copying 0 resource from src\test\resources to target\test-classes
2025-09-06 01:48:50,597 [Stop Help Server] INFO  org.eclipse.jetty.server.Server - Stopped oejs.Server@22c61f76{STOPPING}[12.0.21,sto=0]
2025-09-06 01:48:50,659 [Stop Help Server] INFO  o.e.jetty.server.AbstractConnector - Stopped ServerConnector@136cc73f{HTTP/1.1, (http/1.1)}{127.0.0.1:0}
2025-09-06 08:39:47,287 [Worker-2: Loading available Gradle versions] INFO  o.e.b.c.i.u.g.PublishedGradleVersions - Gradle version information cache is up-to-date. Trying to read.
2025-09-06 08:49:00,237 [Worker-10: Building] WARN  o.a.m.s.f.DefaultMavenResourcesFiltering - Using platform encoding (UTF-8 actually) to copy filtered resources, i.e. build is platform dependent!
2025-09-06 08:49:00,274 [Worker-10: Building] INFO  o.a.m.s.f.DefaultMavenResourcesFiltering - Copying 0 resource from src\main\resources to target\classes
2025-09-06 08:49:00,282 [Worker-10: Building] WARN  o.a.m.s.f.DefaultMavenResourcesFiltering - Using platform encoding (UTF-8 actually) to copy filtered resources, i.e. build is platform dependent!
2025-09-06 08:49:00,284 [Worker-10: Building] INFO  o.a.m.s.f.DefaultMavenResourcesFiltering - Copying 0 resource from src\test\resources to target\test-classes
2025-09-06 08:49:24,512 [Worker-10: Launching Executing test in C__Users_Sumit_Desktop_New folder_Janatri] INFO  o.eclipse.m2e.core.internal.Bundles - getClasspathEntries(Bundle=org.eclipse.m2e.maven.runtime_3.9.900.20250220-2013 [639])
2025-09-06 08:49:24,517 [Worker-10: Launching Executing test in C__Users_Sumit_Desktop_New folder_Janatri] INFO  o.eclipse.m2e.core.internal.Bundles - 	Entry: C:\Users\Sumit\.p2\pool\plugins\org.eclipse.m2e.maven.runtime_3.9.900.20250220-2013
2025-09-06 08:49:24,518 [Worker-10: Launching Executing test in C__Users_Sumit_Desktop_New folder_Janatri] INFO  o.eclipse.m2e.core.internal.Bundles - 	Entry: C:\Users\Sumit\.p2\pool\plugins\org.eclipse.m2e.maven.runtime_3.9.900.20250220-2013\jars\aopalliance-1.0.jar
2025-09-06 08:49:24,519 [Worker-10: Launching Executing test in C__Users_Sumit_Desktop_New folder_Janatri] INFO  o.eclipse.m2e.core.internal.Bundles - 	Entry: C:\Users\Sumit\.p2\pool\plugins\org.eclipse.m2e.maven.runtime_3.9.900.20250220-2013\jars\guice-5.1.0.jar
2025-09-06 08:49:24,519 [Worker-10: Launching Executing test in C__Users_Sumit_Desktop_New folder_Janatri] INFO  o.eclipse.m2e.core.internal.Bundles - 	Entry: C:\Users\Sumit\.p2\pool\plugins\org.eclipse.m2e.maven.runtime_3.9.900.20250220-2013\jars\httpclient-4.5.14.jar
2025-09-06 08:49:24,519 [Worker-10: Launching Executing test in C__Users_Sumit_Desktop_New folder_Janatri] INFO  o.eclipse.m2e.core.internal.Bundles - 	Entry: C:\Users\Sumit\.p2\pool\plugins\org.eclipse.m2e.maven.runtime_3.9.900.20250220-2013\jars\httpcore-4.4.16.jar
2025-09-06 08:49:24,520 [Worker-10: Launching Executing test in C__Users_Sumit_Desktop_New folder_Janatri] INFO  o.eclipse.m2e.core.internal.Bundles - 	Entry: C:\Users\Sumit\.p2\pool\plugins\org.eclipse.m2e.maven.runtime_3.9.900.20250220-2013\jars\jansi-2.4.1.jar
2025-09-06 08:49:24,522 [Worker-10: Launching Executing test in C__Users_Sumit_Desktop_New folder_Janatri] INFO  o.eclipse.m2e.core.internal.Bundles - 	Entry: C:\Users\Sumit\.p2\pool\plugins\org.eclipse.m2e.maven.runtime_3.9.900.20250220-2013\jars\jcl-over-slf4j-1.7.36.jar
2025-09-06 08:49:24,523 [Worker-10: Launching Executing test in C__Users_Sumit_Desktop_New folder_Janatri] INFO  o.eclipse.m2e.core.internal.Bundles - 	Entry: C:\Users\Sumit\.p2\pool\plugins\org.eclipse.m2e.maven.runtime_3.9.900.20250220-2013\jars\maven-artifact-3.9.9.jar
2025-09-06 08:49:24,524 [Worker-10: Launching Executing test in C__Users_Sumit_Desktop_New folder_Janatri] INFO  o.eclipse.m2e.core.internal.Bundles - 	Entry: C:\Users\Sumit\.p2\pool\plugins\org.eclipse.m2e.maven.runtime_3.9.900.20250220-2013\jars\maven-builder-support-3.9.9.jar
2025-09-06 08:49:24,524 [Worker-10: Launching Executing test in C__Users_Sumit_Desktop_New folder_Janatri] INFO  o.eclipse.m2e.core.internal.Bundles - 	Entry: C:\Users\Sumit\.p2\pool\plugins\org.eclipse.m2e.maven.runtime_3.9.900.20250220-2013\jars\maven-compat-3.9.9.jar
2025-09-06 08:49:24,525 [Worker-10: Launching Executing test in C__Users_Sumit_Desktop_New folder_Janatri] INFO  o.eclipse.m2e.core.internal.Bundles - 	Entry: C:\Users\Sumit\.p2\pool\plugins\org.eclipse.m2e.maven.runtime_3.9.900.20250220-2013\jars\maven-core-3.9.9.jar
2025-09-06 08:49:24,525 [Worker-10: Launching Executing test in C__Users_Sumit_Desktop_New folder_Janatri] INFO  o.eclipse.m2e.core.internal.Bundles - 	Entry: C:\Users\Sumit\.p2\pool\plugins\org.eclipse.m2e.maven.runtime_3.9.900.20250220-2013\jars\maven-embedder-3.9.9.jar
2025-09-06 08:49:24,526 [Worker-10: Launching Executing test in C__Users_Sumit_Desktop_New folder_Janatri] INFO  o.eclipse.m2e.core.internal.Bundles - 	Entry: C:\Users\Sumit\.p2\pool\plugins\org.eclipse.m2e.maven.runtime_3.9.900.20250220-2013\jars\maven-model-3.9.9.jar
2025-09-06 08:49:24,526 [Worker-10: Launching Executing test in C__Users_Sumit_Desktop_New folder_Janatri] INFO  o.eclipse.m2e.core.internal.Bundles - 	Entry: C:\Users\Sumit\.p2\pool\plugins\org.eclipse.m2e.maven.runtime_3.9.900.20250220-2013\jars\maven-model-builder-3.9.9.jar
2025-09-06 08:49:24,527 [Worker-10: Launching Executing test in C__Users_Sumit_Desktop_New folder_Janatri] INFO  o.eclipse.m2e.core.internal.Bundles - 	Entry: C:\Users\Sumit\.p2\pool\plugins\org.eclipse.m2e.maven.runtime_3.9.900.20250220-2013\jars\maven-plugin-api-3.9.9.jar
2025-09-06 08:49:24,528 [Worker-10: Launching Executing test in C__Users_Sumit_Desktop_New folder_Janatri] INFO  o.eclipse.m2e.core.internal.Bundles - 	Entry: C:\Users\Sumit\.p2\pool\plugins\org.eclipse.m2e.maven.runtime_3.9.900.20250220-2013\jars\maven-repository-metadata-3.9.9.jar
2025-09-06 08:49:24,528 [Worker-10: Launching Executing test in C__Users_Sumit_Desktop_New folder_Janatri] INFO  o.eclipse.m2e.core.internal.Bundles - 	Entry: C:\Users\Sumit\.p2\pool\plugins\org.eclipse.m2e.maven.runtime_3.9.900.20250220-2013\jars\maven-resolver-api-1.9.22.jar
2025-09-06 08:49:24,529 [Worker-10: Launching Executing test in C__Users_Sumit_Desktop_New folder_Janatri] INFO  o.eclipse.m2e.core.internal.Bundles - 	Entry: C:\Users\Sumit\.p2\pool\plugins\org.eclipse.m2e.maven.runtime_3.9.900.20250220-2013\jars\maven-resolver-connector-basic-1.9.22.jar
2025-09-06 08:49:24,529 [Worker-10: Launching Executing test in C__Users_Sumit_Desktop_New folder_Janatri] INFO  o.eclipse.m2e.core.internal.Bundles - 	Entry: C:\Users\Sumit\.p2\pool\plugins\org.eclipse.m2e.maven.runtime_3.9.900.20250220-2013\jars\maven-resolver-impl-1.9.22.jar
2025-09-06 08:49:24,529 [Worker-10: Launching Executing test in C__Users_Sumit_Desktop_New folder_Janatri] INFO  o.eclipse.m2e.core.internal.Bundles - 	Entry: C:\Users\Sumit\.p2\pool\plugins\org.eclipse.m2e.maven.runtime_3.9.900.20250220-2013\jars\maven-resolver-named-locks-1.9.22.jar
2025-09-06 08:49:24,530 [Worker-10: Launching Executing test in C__Users_Sumit_Desktop_New folder_Janatri] INFO  o.eclipse.m2e.core.internal.Bundles - 	Entry: C:\Users\Sumit\.p2\pool\plugins\org.eclipse.m2e.maven.runtime_3.9.900.20250220-2013\jars\maven-resolver-provider-3.9.9.jar
2025-09-06 08:49:24,530 [Worker-10: Launching Executing test in C__Users_Sumit_Desktop_New folder_Janatri] INFO  o.eclipse.m2e.core.internal.Bundles - 	Entry: C:\Users\Sumit\.p2\pool\plugins\org.eclipse.m2e.maven.runtime_3.9.900.20250220-2013\jars\maven-resolver-spi-1.9.22.jar
2025-09-06 08:49:24,531 [Worker-10: Launching Executing test in C__Users_Sumit_Desktop_New folder_Janatri] INFO  o.eclipse.m2e.core.internal.Bundles - 	Entry: C:\Users\Sumit\.p2\pool\plugins\org.eclipse.m2e.maven.runtime_3.9.900.20250220-2013\jars\maven-resolver-transport-file-1.9.22.jar
2025-09-06 08:49:24,531 [Worker-10: Launching Executing test in C__Users_Sumit_Desktop_New folder_Janatri] INFO  o.eclipse.m2e.core.internal.Bundles - 	Entry: C:\Users\Sumit\.p2\pool\plugins\org.eclipse.m2e.maven.runtime_3.9.900.20250220-2013\jars\maven-resolver-transport-http-1.9.22.jar
2025-09-06 08:49:24,531 [Worker-10: Launching Executing test in C__Users_Sumit_Desktop_New folder_Janatri] INFO  o.eclipse.m2e.core.internal.Bundles - 	Entry: C:\Users\Sumit\.p2\pool\plugins\org.eclipse.m2e.maven.runtime_3.9.900.20250220-2013\jars\maven-resolver-transport-wagon-1.9.22.jar
2025-09-06 08:49:24,532 [Worker-10: Launching Executing test in C__Users_Sumit_Desktop_New folder_Janatri] INFO  o.eclipse.m2e.core.internal.Bundles - 	Entry: C:\Users\Sumit\.p2\pool\plugins\org.eclipse.m2e.maven.runtime_3.9.900.20250220-2013\jars\maven-resolver-util-1.9.22.jar
2025-09-06 08:49:24,532 [Worker-10: Launching Executing test in C__Users_Sumit_Desktop_New folder_Janatri] INFO  o.eclipse.m2e.core.internal.Bundles - 	Entry: C:\Users\Sumit\.p2\pool\plugins\org.eclipse.m2e.maven.runtime_3.9.900.20250220-2013\jars\maven-settings-3.9.9.jar
2025-09-06 08:49:24,533 [Worker-10: Launching Executing test in C__Users_Sumit_Desktop_New folder_Janatri] INFO  o.eclipse.m2e.core.internal.Bundles - 	Entry: C:\Users\Sumit\.p2\pool\plugins\org.eclipse.m2e.maven.runtime_3.9.900.20250220-2013\jars\maven-settings-builder-3.9.9.jar
2025-09-06 08:49:24,533 [Worker-10: Launching Executing test in C__Users_Sumit_Desktop_New folder_Janatri] INFO  o.eclipse.m2e.core.internal.Bundles - 	Entry: C:\Users\Sumit\.p2\pool\plugins\org.eclipse.m2e.maven.runtime_3.9.900.20250220-2013\jars\maven-shared-utils-3.4.2.jar
2025-09-06 08:49:24,534 [Worker-10: Launching Executing test in C__Users_Sumit_Desktop_New folder_Janatri] INFO  o.eclipse.m2e.core.internal.Bundles - 	Entry: C:\Users\Sumit\.p2\pool\plugins\org.eclipse.m2e.maven.runtime_3.9.900.20250220-2013\jars\org.eclipse.sisu.inject-0.9.0.M3.jar
2025-09-06 08:49:24,534 [Worker-10: Launching Executing test in C__Users_Sumit_Desktop_New folder_Janatri] INFO  o.eclipse.m2e.core.internal.Bundles - 	Entry: C:\Users\Sumit\.p2\pool\plugins\org.eclipse.m2e.maven.runtime_3.9.900.20250220-2013\jars\org.eclipse.sisu.plexus-0.9.0.M3.jar
2025-09-06 08:49:24,535 [Worker-10: Launching Executing test in C__Users_Sumit_Desktop_New folder_Janatri] INFO  o.eclipse.m2e.core.internal.Bundles - 	Entry: C:\Users\Sumit\.p2\pool\plugins\org.eclipse.m2e.maven.runtime_3.9.900.20250220-2013\jars\plexus-build-api-0.0.7.jar
2025-09-06 08:49:24,535 [Worker-10: Launching Executing test in C__Users_Sumit_Desktop_New folder_Janatri] INFO  o.eclipse.m2e.core.internal.Bundles - 	Entry: C:\Users\Sumit\.p2\pool\plugins\org.eclipse.m2e.maven.runtime_3.9.900.20250220-2013\jars\plexus-build-api-1.2.0.jar
2025-09-06 08:49:24,535 [Worker-10: Launching Executing test in C__Users_Sumit_Desktop_New folder_Janatri] INFO  o.eclipse.m2e.core.internal.Bundles - 	Entry: C:\Users\Sumit\.p2\pool\plugins\org.eclipse.m2e.maven.runtime_3.9.900.20250220-2013\jars\plexus-cipher-2.0.jar
2025-09-06 08:49:24,536 [Worker-10: Launching Executing test in C__Users_Sumit_Desktop_New folder_Janatri] INFO  o.eclipse.m2e.core.internal.Bundles - 	Entry: C:\Users\Sumit\.p2\pool\plugins\org.eclipse.m2e.maven.runtime_3.9.900.20250220-2013\jars\plexus-classworlds-2.8.0.jar
2025-09-06 08:49:24,536 [Worker-10: Launching Executing test in C__Users_Sumit_Desktop_New folder_Janatri] INFO  o.eclipse.m2e.core.internal.Bundles - 	Entry: C:\Users\Sumit\.p2\pool\plugins\org.eclipse.m2e.maven.runtime_3.9.900.20250220-2013\jars\plexus-component-annotations-2.1.0.jar
2025-09-06 08:49:24,537 [Worker-10: Launching Executing test in C__Users_Sumit_Desktop_New folder_Janatri] INFO  o.eclipse.m2e.core.internal.Bundles - 	Entry: C:\Users\Sumit\.p2\pool\plugins\org.eclipse.m2e.maven.runtime_3.9.900.20250220-2013\jars\plexus-interpolation-1.27.jar
2025-09-06 08:49:24,537 [Worker-10: Launching Executing test in C__Users_Sumit_Desktop_New folder_Janatri] INFO  o.eclipse.m2e.core.internal.Bundles - 	Entry: C:\Users\Sumit\.p2\pool\plugins\org.eclipse.m2e.maven.runtime_3.9.900.20250220-2013\jars\plexus-sec-dispatcher-2.0.jar
2025-09-06 08:49:24,538 [Worker-10: Launching Executing test in C__Users_Sumit_Desktop_New folder_Janatri] INFO  o.eclipse.m2e.core.internal.Bundles - 	Entry: C:\Users\Sumit\.p2\pool\plugins\org.eclipse.m2e.maven.runtime_3.9.900.20250220-2013\jars\plexus-utils-3.5.1.jar
2025-09-06 08:49:24,538 [Worker-10: Launching Executing test in C__Users_Sumit_Desktop_New folder_Janatri] INFO  o.eclipse.m2e.core.internal.Bundles - 	Entry: C:\Users\Sumit\.p2\pool\plugins\org.eclipse.m2e.maven.runtime_3.9.900.20250220-2013\jars\plexus-xml-3.0.1.jar
2025-09-06 08:49:24,539 [Worker-10: Launching Executing test in C__Users_Sumit_Desktop_New folder_Janatri] INFO  o.eclipse.m2e.core.internal.Bundles - 	Entry: C:\Users\Sumit\.p2\pool\plugins\org.eclipse.m2e.maven.runtime_3.9.900.20250220-2013\jars\wagon-file-3.5.3.jar
2025-09-06 08:49:24,539 [Worker-10: Launching Executing test in C__Users_Sumit_Desktop_New folder_Janatri] INFO  o.eclipse.m2e.core.internal.Bundles - 	Entry: C:\Users\Sumit\.p2\pool\plugins\org.eclipse.m2e.maven.runtime_3.9.900.20250220-2013\jars\wagon-http-3.5.3.jar
2025-09-06 08:49:24,540 [Worker-10: Launching Executing test in C__Users_Sumit_Desktop_New folder_Janatri] INFO  o.eclipse.m2e.core.internal.Bundles - 	Entry: C:\Users\Sumit\.p2\pool\plugins\org.eclipse.m2e.maven.runtime_3.9.900.20250220-2013\jars\wagon-http-shared-3.5.3.jar
2025-09-06 08:49:24,540 [Worker-10: Launching Executing test in C__Users_Sumit_Desktop_New folder_Janatri] INFO  o.eclipse.m2e.core.internal.Bundles - 	Entry: C:\Users\Sumit\.p2\pool\plugins\org.eclipse.m2e.maven.runtime_3.9.900.20250220-2013\jars\wagon-provider-api-3.5.3.jar
2025-09-06 08:49:24,544 [Worker-10: Launching Executing test in C__Users_Sumit_Desktop_New folder_Janatri] INFO  o.eclipse.m2e.core.internal.Bundles - getClasspathEntries(Bundle=com.google.guava_33.4.8.jre [18])
2025-09-06 08:49:24,545 [Worker-10: Launching Executing test in C__Users_Sumit_Desktop_New folder_Janatri] INFO  o.eclipse.m2e.core.internal.Bundles - 	Entry: C:\Users\Sumit\.p2\pool\plugins\com.google.guava_33.4.8.jre.jar
2025-09-06 08:49:24,546 [Worker-10: Launching Executing test in C__Users_Sumit_Desktop_New folder_Janatri] INFO  o.eclipse.m2e.core.internal.Bundles - getClasspathEntries(Bundle=slf4j.api_2.0.17 [1004])
2025-09-06 08:49:24,548 [Worker-10: Launching Executing test in C__Users_Sumit_Desktop_New folder_Janatri] INFO  o.eclipse.m2e.core.internal.Bundles - 	Entry: C:\Users\Sumit\.p2\pool\plugins\slf4j.api_2.0.17.jar
2025-09-06 08:49:24,549 [Worker-10: Launching Executing test in C__Users_Sumit_Desktop_New folder_Janatri] INFO  o.eclipse.m2e.core.internal.Bundles - getClasspathEntries(Bundle=jakarta.inject.jakarta.inject-api_1.0.5 [35])
2025-09-06 08:49:24,550 [Worker-10: Launching Executing test in C__Users_Sumit_Desktop_New folder_Janatri] INFO  o.eclipse.m2e.core.internal.Bundles - 	Entry: C:\Users\Sumit\.p2\pool\plugins\jakarta.inject.jakarta.inject-api_1.0.5.jar
2025-09-06 08:49:24,550 [Worker-10: Launching Executing test in C__Users_Sumit_Desktop_New folder_Janatri] INFO  o.eclipse.m2e.core.internal.Bundles - getClasspathEntries(Bundle=javax.annotation_1.3.5.v20200909-1856 [45])
2025-09-06 08:49:24,551 [Worker-10: Launching Executing test in C__Users_Sumit_Desktop_New folder_Janatri] INFO  o.eclipse.m2e.core.internal.Bundles - 	Entry: C:\Users\Sumit\.p2\pool\plugins\javax.annotation_1.3.5.v20200909-1856.jar
2025-09-06 08:49:24,551 [Worker-10: Launching Executing test in C__Users_Sumit_Desktop_New folder_Janatri] INFO  o.eclipse.m2e.core.internal.Bundles - getClasspathEntries(Bundle=org.apache.commons.cli_1.9.0 [76])
2025-09-06 08:49:24,553 [Worker-10: Launching Executing test in C__Users_Sumit_Desktop_New folder_Janatri] INFO  o.eclipse.m2e.core.internal.Bundles - 	Entry: C:\Users\Sumit\.p2\pool\plugins\org.apache.commons.cli_1.9.0.jar
2025-09-06 08:49:24,553 [Worker-10: Launching Executing test in C__Users_Sumit_Desktop_New folder_Janatri] INFO  o.eclipse.m2e.core.internal.Bundles - getClasspathEntries(Bundle=org.apache.commons.commons-codec_1.16.0 [78])
2025-09-06 08:49:24,555 [Worker-10: Launching Executing test in C__Users_Sumit_Desktop_New folder_Janatri] INFO  o.eclipse.m2e.core.internal.Bundles - 	Entry: C:\Users\Sumit\.p2\pool\plugins\org.apache.commons.commons-codec_1.16.0.jar
2025-09-06 08:49:24,555 [Worker-10: Launching Executing test in C__Users_Sumit_Desktop_New folder_Janatri] INFO  o.eclipse.m2e.core.internal.Bundles - getClasspathEntries(Bundle=com.google.guava.failureaccess_1.0.3 [19])
2025-09-06 08:49:24,556 [Worker-10: Launching Executing test in C__Users_Sumit_Desktop_New folder_Janatri] INFO  o.eclipse.m2e.core.internal.Bundles - 	Entry: C:\Users\Sumit\.p2\pool\plugins\com.google.guava.failureaccess_1.0.3.jar
2025-09-06 08:49:24,564 [Worker-10: Launching Executing test in C__Users_Sumit_Desktop_New folder_Janatri] INFO  o.e.m.i.launch.MavenLaunchDelegate - Run build in "C:\Users\Sumit\Desktop\New folder\Janatri":
2025-09-06 08:49:24,576 [Worker-10: Launching Executing test in C__Users_Sumit_Desktop_New folder_Janatri] INFO  o.e.m.i.launch.MavenLaunchDelegate -  mvn  -B -Dstyle.color=always test
2025-09-06 08:51:08,747 [Worker-10: Building] WARN  o.a.m.s.f.DefaultMavenResourcesFiltering - Using platform encoding (UTF-8 actually) to copy filtered resources, i.e. build is platform dependent!
2025-09-06 08:51:08,755 [Worker-10: Building] INFO  o.a.m.s.f.DefaultMavenResourcesFiltering - Copying 0 resource from src\main\resources to target\classes
2025-09-06 08:51:08,762 [Worker-10: Building] WARN  o.a.m.s.f.DefaultMavenResourcesFiltering - Using platform encoding (UTF-8 actually) to copy filtered resources, i.e. build is platform dependent!
2025-09-06 08:51:08,765 [Worker-10: Building] INFO  o.a.m.s.f.DefaultMavenResourcesFiltering - Copying 0 resource from src\test\resources to target\test-classes
2025-09-06 08:51:22,980 [Worker-14: Building] WARN  o.a.m.s.f.DefaultMavenResourcesFiltering - Using platform encoding (UTF-8 actually) to copy filtered resources, i.e. build is platform dependent!
2025-09-06 08:51:22,983 [Worker-14: Building] INFO  o.a.m.s.f.DefaultMavenResourcesFiltering - Copying 0 resource from src\main\resources to target\classes
2025-09-06 08:51:22,989 [Worker-14: Building] WARN  o.a.m.s.f.DefaultMavenResourcesFiltering - Using platform encoding (UTF-8 actually) to copy filtered resources, i.e. build is platform dependent!
2025-09-06 08:51:22,992 [Worker-14: Building] INFO  o.a.m.s.f.DefaultMavenResourcesFiltering - Copying 0 resource from src\test\resources to target\test-classes
2025-09-06 08:51:37,360 [Worker-8: Building] WARN  o.a.m.s.f.DefaultMavenResourcesFiltering - Using platform encoding (UTF-8 actually) to copy filtered resources, i.e. build is platform dependent!
2025-09-06 08:51:37,363 [Worker-8: Building] INFO  o.a.m.s.f.DefaultMavenResourcesFiltering - Copying 0 resource from src\main\resources to target\classes
2025-09-06 08:51:37,368 [Worker-8: Building] WARN  o.a.m.s.f.DefaultMavenResourcesFiltering - Using platform encoding (UTF-8 actually) to copy filtered resources, i.e. build is platform dependent!
2025-09-06 08:51:37,372 [Worker-8: Building] INFO  o.a.m.s.f.DefaultMavenResourcesFiltering - Copying 0 resource from src\test\resources to target\test-classes
2025-09-06 08:51:44,836 [Worker-14: Launching Executing test in C__Users_Sumit_Desktop_New folder_Janatri] INFO  o.eclipse.m2e.core.internal.Bundles - getClasspathEntries(Bundle=org.eclipse.m2e.maven.runtime_3.9.900.20250220-2013 [639])
2025-09-06 08:51:44,840 [Worker-14: Launching Executing test in C__Users_Sumit_Desktop_New folder_Janatri] INFO  o.eclipse.m2e.core.internal.Bundles - 	Entry: C:\Users\Sumit\.p2\pool\plugins\org.eclipse.m2e.maven.runtime_3.9.900.20250220-2013
2025-09-06 08:51:44,841 [Worker-14: Launching Executing test in C__Users_Sumit_Desktop_New folder_Janatri] INFO  o.eclipse.m2e.core.internal.Bundles - 	Entry: C:\Users\Sumit\.p2\pool\plugins\org.eclipse.m2e.maven.runtime_3.9.900.20250220-2013\jars\aopalliance-1.0.jar
2025-09-06 08:51:44,842 [Worker-14: Launching Executing test in C__Users_Sumit_Desktop_New folder_Janatri] INFO  o.eclipse.m2e.core.internal.Bundles - 	Entry: C:\Users\Sumit\.p2\pool\plugins\org.eclipse.m2e.maven.runtime_3.9.900.20250220-2013\jars\guice-5.1.0.jar
2025-09-06 08:51:44,843 [Worker-14: Launching Executing test in C__Users_Sumit_Desktop_New folder_Janatri] INFO  o.eclipse.m2e.core.internal.Bundles - 	Entry: C:\Users\Sumit\.p2\pool\plugins\org.eclipse.m2e.maven.runtime_3.9.900.20250220-2013\jars\httpclient-4.5.14.jar
2025-09-06 08:51:44,844 [Worker-14: Launching Executing test in C__Users_Sumit_Desktop_New folder_Janatri] INFO  o.eclipse.m2e.core.internal.Bundles - 	Entry: C:\Users\Sumit\.p2\pool\plugins\org.eclipse.m2e.maven.runtime_3.9.900.20250220-2013\jars\httpcore-4.4.16.jar
2025-09-06 08:51:44,845 [Worker-14: Launching Executing test in C__Users_Sumit_Desktop_New folder_Janatri] INFO  o.eclipse.m2e.core.internal.Bundles - 	Entry: C:\Users\Sumit\.p2\pool\plugins\org.eclipse.m2e.maven.runtime_3.9.900.20250220-2013\jars\jansi-2.4.1.jar
2025-09-06 08:51:44,845 [Worker-14: Launching Executing test in C__Users_Sumit_Desktop_New folder_Janatri] INFO  o.eclipse.m2e.core.internal.Bundles - 	Entry: C:\Users\Sumit\.p2\pool\plugins\org.eclipse.m2e.maven.runtime_3.9.900.20250220-2013\jars\jcl-over-slf4j-1.7.36.jar
2025-09-06 08:51:44,846 [Worker-14: Launching Executing test in C__Users_Sumit_Desktop_New folder_Janatri] INFO  o.eclipse.m2e.core.internal.Bundles - 	Entry: C:\Users\Sumit\.p2\pool\plugins\org.eclipse.m2e.maven.runtime_3.9.900.20250220-2013\jars\maven-artifact-3.9.9.jar
2025-09-06 08:51:44,846 [Worker-14: Launching Executing test in C__Users_Sumit_Desktop_New folder_Janatri] INFO  o.eclipse.m2e.core.internal.Bundles - 	Entry: C:\Users\Sumit\.p2\pool\plugins\org.eclipse.m2e.maven.runtime_3.9.900.20250220-2013\jars\maven-builder-support-3.9.9.jar
2025-09-06 08:51:44,847 [Worker-14: Launching Executing test in C__Users_Sumit_Desktop_New folder_Janatri] INFO  o.eclipse.m2e.core.internal.Bundles - 	Entry: C:\Users\Sumit\.p2\pool\plugins\org.eclipse.m2e.maven.runtime_3.9.900.20250220-2013\jars\maven-compat-3.9.9.jar
2025-09-06 08:51:44,848 [Worker-14: Launching Executing test in C__Users_Sumit_Desktop_New folder_Janatri] INFO  o.eclipse.m2e.core.internal.Bundles - 	Entry: C:\Users\Sumit\.p2\pool\plugins\org.eclipse.m2e.maven.runtime_3.9.900.20250220-2013\jars\maven-core-3.9.9.jar
2025-09-06 08:51:44,849 [Worker-14: Launching Executing test in C__Users_Sumit_Desktop_New folder_Janatri] INFO  o.eclipse.m2e.core.internal.Bundles - 	Entry: C:\Users\Sumit\.p2\pool\plugins\org.eclipse.m2e.maven.runtime_3.9.900.20250220-2013\jars\maven-embedder-3.9.9.jar
2025-09-06 08:51:44,849 [Worker-14: Launching Executing test in C__Users_Sumit_Desktop_New folder_Janatri] INFO  o.eclipse.m2e.core.internal.Bundles - 	Entry: C:\Users\Sumit\.p2\pool\plugins\org.eclipse.m2e.maven.runtime_3.9.900.20250220-2013\jars\maven-model-3.9.9.jar
2025-09-06 08:51:44,849 [Worker-14: Launching Executing test in C__Users_Sumit_Desktop_New folder_Janatri] INFO  o.eclipse.m2e.core.internal.Bundles - 	Entry: C:\Users\Sumit\.p2\pool\plugins\org.eclipse.m2e.maven.runtime_3.9.900.20250220-2013\jars\maven-model-builder-3.9.9.jar
2025-09-06 08:51:44,850 [Worker-14: Launching Executing test in C__Users_Sumit_Desktop_New folder_Janatri] INFO  o.eclipse.m2e.core.internal.Bundles - 	Entry: C:\Users\Sumit\.p2\pool\plugins\org.eclipse.m2e.maven.runtime_3.9.900.20250220-2013\jars\maven-plugin-api-3.9.9.jar
2025-09-06 08:51:44,850 [Worker-14: Launching Executing test in C__Users_Sumit_Desktop_New folder_Janatri] INFO  o.eclipse.m2e.core.internal.Bundles - 	Entry: C:\Users\Sumit\.p2\pool\plugins\org.eclipse.m2e.maven.runtime_3.9.900.20250220-2013\jars\maven-repository-metadata-3.9.9.jar
2025-09-06 08:51:44,851 [Worker-14: Launching Executing test in C__Users_Sumit_Desktop_New folder_Janatri] INFO  o.eclipse.m2e.core.internal.Bundles - 	Entry: C:\Users\Sumit\.p2\pool\plugins\org.eclipse.m2e.maven.runtime_3.9.900.20250220-2013\jars\maven-resolver-api-1.9.22.jar
2025-09-06 08:51:44,851 [Worker-14: Launching Executing test in C__Users_Sumit_Desktop_New folder_Janatri] INFO  o.eclipse.m2e.core.internal.Bundles - 	Entry: C:\Users\Sumit\.p2\pool\plugins\org.eclipse.m2e.maven.runtime_3.9.900.20250220-2013\jars\maven-resolver-connector-basic-1.9.22.jar
2025-09-06 08:51:44,852 [Worker-14: Launching Executing test in C__Users_Sumit_Desktop_New folder_Janatri] INFO  o.eclipse.m2e.core.internal.Bundles - 	Entry: C:\Users\Sumit\.p2\pool\plugins\org.eclipse.m2e.maven.runtime_3.9.900.20250220-2013\jars\maven-resolver-impl-1.9.22.jar
2025-09-06 08:51:44,852 [Worker-14: Launching Executing test in C__Users_Sumit_Desktop_New folder_Janatri] INFO  o.eclipse.m2e.core.internal.Bundles - 	Entry: C:\Users\Sumit\.p2\pool\plugins\org.eclipse.m2e.maven.runtime_3.9.900.20250220-2013\jars\maven-resolver-named-locks-1.9.22.jar
2025-09-06 08:51:44,853 [Worker-14: Launching Executing test in C__Users_Sumit_Desktop_New folder_Janatri] INFO  o.eclipse.m2e.core.internal.Bundles - 	Entry: C:\Users\Sumit\.p2\pool\plugins\org.eclipse.m2e.maven.runtime_3.9.900.20250220-2013\jars\maven-resolver-provider-3.9.9.jar
2025-09-06 08:51:44,853 [Worker-14: Launching Executing test in C__Users_Sumit_Desktop_New folder_Janatri] INFO  o.eclipse.m2e.core.internal.Bundles - 	Entry: C:\Users\Sumit\.p2\pool\plugins\org.eclipse.m2e.maven.runtime_3.9.900.20250220-2013\jars\maven-resolver-spi-1.9.22.jar
2025-09-06 08:51:44,853 [Worker-14: Launching Executing test in C__Users_Sumit_Desktop_New folder_Janatri] INFO  o.eclipse.m2e.core.internal.Bundles - 	Entry: C:\Users\Sumit\.p2\pool\plugins\org.eclipse.m2e.maven.runtime_3.9.900.20250220-2013\jars\maven-resolver-transport-file-1.9.22.jar
2025-09-06 08:51:44,854 [Worker-14: Launching Executing test in C__Users_Sumit_Desktop_New folder_Janatri] INFO  o.eclipse.m2e.core.internal.Bundles - 	Entry: C:\Users\Sumit\.p2\pool\plugins\org.eclipse.m2e.maven.runtime_3.9.900.20250220-2013\jars\maven-resolver-transport-http-1.9.22.jar
2025-09-06 08:51:44,854 [Worker-14: Launching Executing test in C__Users_Sumit_Desktop_New folder_Janatri] INFO  o.eclipse.m2e.core.internal.Bundles - 	Entry: C:\Users\Sumit\.p2\pool\plugins\org.eclipse.m2e.maven.runtime_3.9.900.20250220-2013\jars\maven-resolver-transport-wagon-1.9.22.jar
2025-09-06 08:51:44,856 [Worker-14: Launching Executing test in C__Users_Sumit_Desktop_New folder_Janatri] INFO  o.eclipse.m2e.core.internal.Bundles - 	Entry: C:\Users\Sumit\.p2\pool\plugins\org.eclipse.m2e.maven.runtime_3.9.900.20250220-2013\jars\maven-resolver-util-1.9.22.jar
2025-09-06 08:51:44,857 [Worker-14: Launching Executing test in C__Users_Sumit_Desktop_New folder_Janatri] INFO  o.eclipse.m2e.core.internal.Bundles - 	Entry: C:\Users\Sumit\.p2\pool\plugins\org.eclipse.m2e.maven.runtime_3.9.900.20250220-2013\jars\maven-settings-3.9.9.jar
2025-09-06 08:51:44,858 [Worker-14: Launching Executing test in C__Users_Sumit_Desktop_New folder_Janatri] INFO  o.eclipse.m2e.core.internal.Bundles - 	Entry: C:\Users\Sumit\.p2\pool\plugins\org.eclipse.m2e.maven.runtime_3.9.900.20250220-2013\jars\maven-settings-builder-3.9.9.jar
2025-09-06 08:51:44,858 [Worker-14: Launching Executing test in C__Users_Sumit_Desktop_New folder_Janatri] INFO  o.eclipse.m2e.core.internal.Bundles - 	Entry: C:\Users\Sumit\.p2\pool\plugins\org.eclipse.m2e.maven.runtime_3.9.900.20250220-2013\jars\maven-shared-utils-3.4.2.jar
2025-09-06 08:51:44,858 [Worker-14: Launching Executing test in C__Users_Sumit_Desktop_New folder_Janatri] INFO  o.eclipse.m2e.core.internal.Bundles - 	Entry: C:\Users\Sumit\.p2\pool\plugins\org.eclipse.m2e.maven.runtime_3.9.900.20250220-2013\jars\org.eclipse.sisu.inject-0.9.0.M3.jar
2025-09-06 08:51:44,859 [Worker-14: Launching Executing test in C__Users_Sumit_Desktop_New folder_Janatri] INFO  o.eclipse.m2e.core.internal.Bundles - 	Entry: C:\Users\Sumit\.p2\pool\plugins\org.eclipse.m2e.maven.runtime_3.9.900.20250220-2013\jars\org.eclipse.sisu.plexus-0.9.0.M3.jar
2025-09-06 08:51:44,859 [Worker-14: Launching Executing test in C__Users_Sumit_Desktop_New folder_Janatri] INFO  o.eclipse.m2e.core.internal.Bundles - 	Entry: C:\Users\Sumit\.p2\pool\plugins\org.eclipse.m2e.maven.runtime_3.9.900.20250220-2013\jars\plexus-build-api-0.0.7.jar
2025-09-06 08:51:44,859 [Worker-14: Launching Executing test in C__Users_Sumit_Desktop_New folder_Janatri] INFO  o.eclipse.m2e.core.internal.Bundles - 	Entry: C:\Users\Sumit\.p2\pool\plugins\org.eclipse.m2e.maven.runtime_3.9.900.20250220-2013\jars\plexus-build-api-1.2.0.jar
2025-09-06 08:51:44,860 [Worker-14: Launching Executing test in C__Users_Sumit_Desktop_New folder_Janatri] INFO  o.eclipse.m2e.core.internal.Bundles - 	Entry: C:\Users\Sumit\.p2\pool\plugins\org.eclipse.m2e.maven.runtime_3.9.900.20250220-2013\jars\plexus-cipher-2.0.jar
2025-09-06 08:51:44,860 [Worker-14: Launching Executing test in C__Users_Sumit_Desktop_New folder_Janatri] INFO  o.eclipse.m2e.core.internal.Bundles - 	Entry: C:\Users\Sumit\.p2\pool\plugins\org.eclipse.m2e.maven.runtime_3.9.900.20250220-2013\jars\plexus-classworlds-2.8.0.jar
2025-09-06 08:51:44,861 [Worker-14: Launching Executing test in C__Users_Sumit_Desktop_New folder_Janatri] INFO  o.eclipse.m2e.core.internal.Bundles - 	Entry: C:\Users\Sumit\.p2\pool\plugins\org.eclipse.m2e.maven.runtime_3.9.900.20250220-2013\jars\plexus-component-annotations-2.1.0.jar
2025-09-06 08:51:44,861 [Worker-14: Launching Executing test in C__Users_Sumit_Desktop_New folder_Janatri] INFO  o.eclipse.m2e.core.internal.Bundles - 	Entry: C:\Users\Sumit\.p2\pool\plugins\org.eclipse.m2e.maven.runtime_3.9.900.20250220-2013\jars\plexus-interpolation-1.27.jar
2025-09-06 08:51:44,861 [Worker-14: Launching Executing test in C__Users_Sumit_Desktop_New folder_Janatri] INFO  o.eclipse.m2e.core.internal.Bundles - 	Entry: C:\Users\Sumit\.p2\pool\plugins\org.eclipse.m2e.maven.runtime_3.9.900.20250220-2013\jars\plexus-sec-dispatcher-2.0.jar
2025-09-06 08:51:44,862 [Worker-14: Launching Executing test in C__Users_Sumit_Desktop_New folder_Janatri] INFO  o.eclipse.m2e.core.internal.Bundles - 	Entry: C:\Users\Sumit\.p2\pool\plugins\org.eclipse.m2e.maven.runtime_3.9.900.20250220-2013\jars\plexus-utils-3.5.1.jar
2025-09-06 08:51:44,863 [Worker-14: Launching Executing test in C__Users_Sumit_Desktop_New folder_Janatri] INFO  o.eclipse.m2e.core.internal.Bundles - 	Entry: C:\Users\Sumit\.p2\pool\plugins\org.eclipse.m2e.maven.runtime_3.9.900.20250220-2013\jars\plexus-xml-3.0.1.jar
2025-09-06 08:51:44,863 [Worker-14: Launching Executing test in C__Users_Sumit_Desktop_New folder_Janatri] INFO  o.eclipse.m2e.core.internal.Bundles - 	Entry: C:\Users\Sumit\.p2\pool\plugins\org.eclipse.m2e.maven.runtime_3.9.900.20250220-2013\jars\wagon-file-3.5.3.jar
2025-09-06 08:51:44,863 [Worker-14: Launching Executing test in C__Users_Sumit_Desktop_New folder_Janatri] INFO  o.eclipse.m2e.core.internal.Bundles - 	Entry: C:\Users\Sumit\.p2\pool\plugins\org.eclipse.m2e.maven.runtime_3.9.900.20250220-2013\jars\wagon-http-3.5.3.jar
2025-09-06 08:51:44,864 [Worker-14: Launching Executing test in C__Users_Sumit_Desktop_New folder_Janatri] INFO  o.eclipse.m2e.core.internal.Bundles - 	Entry: C:\Users\Sumit\.p2\pool\plugins\org.eclipse.m2e.maven.runtime_3.9.900.20250220-2013\jars\wagon-http-shared-3.5.3.jar
2025-09-06 08:51:44,864 [Worker-14: Launching Executing test in C__Users_Sumit_Desktop_New folder_Janatri] INFO  o.eclipse.m2e.core.internal.Bundles - 	Entry: C:\Users\Sumit\.p2\pool\plugins\org.eclipse.m2e.maven.runtime_3.9.900.20250220-2013\jars\wagon-provider-api-3.5.3.jar
2025-09-06 08:51:44,865 [Worker-14: Launching Executing test in C__Users_Sumit_Desktop_New folder_Janatri] INFO  o.eclipse.m2e.core.internal.Bundles - getClasspathEntries(Bundle=com.google.guava_33.4.8.jre [18])
2025-09-06 08:51:44,866 [Worker-14: Launching Executing test in C__Users_Sumit_Desktop_New folder_Janatri] INFO  o.eclipse.m2e.core.internal.Bundles - 	Entry: C:\Users\Sumit\.p2\pool\plugins\com.google.guava_33.4.8.jre.jar
2025-09-06 08:51:44,866 [Worker-14: Launching Executing test in C__Users_Sumit_Desktop_New folder_Janatri] INFO  o.eclipse.m2e.core.internal.Bundles - getClasspathEntries(Bundle=slf4j.api_2.0.17 [1004])
2025-09-06 08:51:44,867 [Worker-14: Launching Executing test in C__Users_Sumit_Desktop_New folder_Janatri] INFO  o.eclipse.m2e.core.internal.Bundles - 	Entry: C:\Users\Sumit\.p2\pool\plugins\slf4j.api_2.0.17.jar
2025-09-06 08:51:44,867 [Worker-14: Launching Executing test in C__Users_Sumit_Desktop_New folder_Janatri] INFO  o.eclipse.m2e.core.internal.Bundles - getClasspathEntries(Bundle=jakarta.inject.jakarta.inject-api_1.0.5 [35])
2025-09-06 08:51:44,868 [Worker-14: Launching Executing test in C__Users_Sumit_Desktop_New folder_Janatri] INFO  o.eclipse.m2e.core.internal.Bundles - 	Entry: C:\Users\Sumit\.p2\pool\plugins\jakarta.inject.jakarta.inject-api_1.0.5.jar
2025-09-06 08:51:44,869 [Worker-14: Launching Executing test in C__Users_Sumit_Desktop_New folder_Janatri] INFO  o.eclipse.m2e.core.internal.Bundles - getClasspathEntries(Bundle=javax.annotation_1.3.5.v20200909-1856 [45])
2025-09-06 08:51:44,870 [Worker-14: Launching Executing test in C__Users_Sumit_Desktop_New folder_Janatri] INFO  o.eclipse.m2e.core.internal.Bundles - 	Entry: C:\Users\Sumit\.p2\pool\plugins\javax.annotation_1.3.5.v20200909-1856.jar
2025-09-06 08:51:44,870 [Worker-14: Launching Executing test in C__Users_Sumit_Desktop_New folder_Janatri] INFO  o.eclipse.m2e.core.internal.Bundles - getClasspathEntries(Bundle=org.apache.commons.cli_1.9.0 [76])
2025-09-06 08:51:44,871 [Worker-14: Launching Executing test in C__Users_Sumit_Desktop_New folder_Janatri] INFO  o.eclipse.m2e.core.internal.Bundles - 	Entry: C:\Users\Sumit\.p2\pool\plugins\org.apache.commons.cli_1.9.0.jar
2025-09-06 08:51:44,872 [Worker-14: Launching Executing test in C__Users_Sumit_Desktop_New folder_Janatri] INFO  o.eclipse.m2e.core.internal.Bundles - getClasspathEntries(Bundle=org.apache.commons.commons-codec_1.16.0 [78])
2025-09-06 08:51:44,873 [Worker-14: Launching Executing test in C__Users_Sumit_Desktop_New folder_Janatri] INFO  o.eclipse.m2e.core.internal.Bundles - 	Entry: C:\Users\Sumit\.p2\pool\plugins\org.apache.commons.commons-codec_1.16.0.jar
2025-09-06 08:51:44,873 [Worker-14: Launching Executing test in C__Users_Sumit_Desktop_New folder_Janatri] INFO  o.eclipse.m2e.core.internal.Bundles - getClasspathEntries(Bundle=com.google.guava.failureaccess_1.0.3 [19])
2025-09-06 08:51:44,874 [Worker-14: Launching Executing test in C__Users_Sumit_Desktop_New folder_Janatri] INFO  o.eclipse.m2e.core.internal.Bundles - 	Entry: C:\Users\Sumit\.p2\pool\plugins\com.google.guava.failureaccess_1.0.3.jar
2025-09-06 08:51:44,877 [Worker-14: Launching Executing test in C__Users_Sumit_Desktop_New folder_Janatri] INFO  o.e.m.i.launch.MavenLaunchDelegate - Run build in "C:\Users\Sumit\Desktop\New folder\Janatri":
2025-09-06 08:51:44,877 [Worker-14: Launching Executing test in C__Users_Sumit_Desktop_New folder_Janatri] INFO  o.e.m.i.launch.MavenLaunchDelegate -  mvn  -B -Dstyle.color=always test
2025-09-06 08:53:43,213 [Worker-8: Building] WARN  o.a.m.s.f.DefaultMavenResourcesFiltering - Using platform encoding (UTF-8 actually) to copy filtered resources, i.e. build is platform dependent!
2025-09-06 08:53:43,243 [Worker-8: Building] INFO  o.a.m.s.f.DefaultMavenResourcesFiltering - Copying 0 resource from src\main\resources to target\classes
2025-09-06 08:53:43,251 [Worker-8: Building] WARN  o.a.m.s.f.DefaultMavenResourcesFiltering - Using platform encoding (UTF-8 actually) to copy filtered resources, i.e. build is platform dependent!
2025-09-06 08:53:43,253 [Worker-8: Building] INFO  o.a.m.s.f.DefaultMavenResourcesFiltering - Copying 0 resource from src\test\resources to target\test-classes
2025-09-06 08:56:23,672 [Worker-17: Building] WARN  o.a.m.s.f.DefaultMavenResourcesFiltering - Using platform encoding (UTF-8 actually) to copy filtered resources, i.e. build is platform dependent!
2025-09-06 08:56:23,677 [Worker-17: Building] INFO  o.a.m.s.f.DefaultMavenResourcesFiltering - Copying 0 resource from src\main\resources to target\classes
2025-09-06 08:56:23,682 [Worker-17: Building] WARN  o.a.m.s.f.DefaultMavenResourcesFiltering - Using platform encoding (UTF-8 actually) to copy filtered resources, i.e. build is platform dependent!
2025-09-06 08:56:23,685 [Worker-17: Building] INFO  o.a.m.s.f.DefaultMavenResourcesFiltering - Copying 0 resource from src\test\resources to target\test-classes
2025-09-06 08:57:17,014 [Worker-16: Building] WARN  o.a.m.s.f.DefaultMavenResourcesFiltering - Using platform encoding (UTF-8 actually) to copy filtered resources, i.e. build is platform dependent!
2025-09-06 08:57:17,017 [Worker-16: Building] INFO  o.a.m.s.f.DefaultMavenResourcesFiltering - Copying 0 resource from src\main\resources to target\classes
2025-09-06 08:57:17,022 [Worker-16: Building] WARN  o.a.m.s.f.DefaultMavenResourcesFiltering - Using platform encoding (UTF-8 actually) to copy filtered resources, i.e. build is platform dependent!
2025-09-06 08:57:17,026 [Worker-16: Building] INFO  o.a.m.s.f.DefaultMavenResourcesFiltering - Copying 0 resource from src\test\resources to target\test-classes
2025-09-06 08:57:52,100 [Worker-15: Building] WARN  o.a.m.s.f.DefaultMavenResourcesFiltering - Using platform encoding (UTF-8 actually) to copy filtered resources, i.e. build is platform dependent!
2025-09-06 08:57:52,103 [Worker-15: Building] INFO  o.a.m.s.f.DefaultMavenResourcesFiltering - Copying 0 resource from src\main\resources to target\classes
2025-09-06 08:57:52,110 [Worker-15: Building] WARN  o.a.m.s.f.DefaultMavenResourcesFiltering - Using platform encoding (UTF-8 actually) to copy filtered resources, i.e. build is platform dependent!
2025-09-06 08:57:52,112 [Worker-15: Building] INFO  o.a.m.s.f.DefaultMavenResourcesFiltering - Copying 0 resource from src\test\resources to target\test-classes
2025-09-06 08:58:00,508 [Worker-16: Building] WARN  o.a.m.s.f.DefaultMavenResourcesFiltering - Using platform encoding (UTF-8 actually) to copy filtered resources, i.e. build is platform dependent!
2025-09-06 08:58:00,511 [Worker-16: Building] INFO  o.a.m.s.f.DefaultMavenResourcesFiltering - Copying 0 resource from src\main\resources to target\classes
2025-09-06 08:58:00,516 [Worker-16: Building] WARN  o.a.m.s.f.DefaultMavenResourcesFiltering - Using platform encoding (UTF-8 actually) to copy filtered resources, i.e. build is platform dependent!
2025-09-06 08:58:00,518 [Worker-16: Building] INFO  o.a.m.s.f.DefaultMavenResourcesFiltering - Copying 0 resource from src\test\resources to target\test-classes
2025-09-06 09:05:28,365 [Worker-19: Building] WARN  o.a.m.s.f.DefaultMavenResourcesFiltering - Using platform encoding (UTF-8 actually) to copy filtered resources, i.e. build is platform dependent!
2025-09-06 09:05:28,368 [Worker-19: Building] INFO  o.a.m.s.f.DefaultMavenResourcesFiltering - Copying 0 resource from src\main\resources to target\classes
2025-09-06 09:05:28,373 [Worker-19: Building] WARN  o.a.m.s.f.DefaultMavenResourcesFiltering - Using platform encoding (UTF-8 actually) to copy filtered resources, i.e. build is platform dependent!
2025-09-06 09:05:28,375 [Worker-19: Building] INFO  o.a.m.s.f.DefaultMavenResourcesFiltering - Copying 0 resource from src\test\resources to target\test-classes
2025-09-06 09:05:42,334 [Worker-18: Building] WARN  o.a.m.s.f.DefaultMavenResourcesFiltering - Using platform encoding (UTF-8 actually) to copy filtered resources, i.e. build is platform dependent!
2025-09-06 09:05:42,336 [Worker-18: Building] INFO  o.a.m.s.f.DefaultMavenResourcesFiltering - Copying 0 resource from src\main\resources to target\classes
2025-09-06 09:05:42,340 [Worker-18: Building] WARN  o.a.m.s.f.DefaultMavenResourcesFiltering - Using platform encoding (UTF-8 actually) to copy filtered resources, i.e. build is platform dependent!
2025-09-06 09:05:42,344 [Worker-18: Building] INFO  o.a.m.s.f.DefaultMavenResourcesFiltering - Copying 0 resource from src\test\resources to target\test-classes
2025-09-06 09:06:54,148 [Worker-20: Building] WARN  o.a.m.s.f.DefaultMavenResourcesFiltering - Using platform encoding (UTF-8 actually) to copy filtered resources, i.e. build is platform dependent!
2025-09-06 09:06:54,151 [Worker-20: Building] INFO  o.a.m.s.f.DefaultMavenResourcesFiltering - Copying 0 resource from src\main\resources to target\classes
2025-09-06 09:06:54,156 [Worker-20: Building] WARN  o.a.m.s.f.DefaultMavenResourcesFiltering - Using platform encoding (UTF-8 actually) to copy filtered resources, i.e. build is platform dependent!
2025-09-06 09:06:54,158 [Worker-20: Building] INFO  o.a.m.s.f.DefaultMavenResourcesFiltering - Copying 0 resource from src\test\resources to target\test-classes
2025-09-06 09:07:05,406 [Worker-19: Launching Executing test in C__Users_Sumit_Desktop_New folder_Janatri] INFO  o.eclipse.m2e.core.internal.Bundles - getClasspathEntries(Bundle=org.eclipse.m2e.maven.runtime_3.9.900.20250220-2013 [639])
2025-09-06 09:07:05,412 [Worker-19: Launching Executing test in C__Users_Sumit_Desktop_New folder_Janatri] INFO  o.eclipse.m2e.core.internal.Bundles - 	Entry: C:\Users\Sumit\.p2\pool\plugins\org.eclipse.m2e.maven.runtime_3.9.900.20250220-2013
2025-09-06 09:07:05,414 [Worker-19: Launching Executing test in C__Users_Sumit_Desktop_New folder_Janatri] INFO  o.eclipse.m2e.core.internal.Bundles - 	Entry: C:\Users\Sumit\.p2\pool\plugins\org.eclipse.m2e.maven.runtime_3.9.900.20250220-2013\jars\aopalliance-1.0.jar
2025-09-06 09:07:05,415 [Worker-19: Launching Executing test in C__Users_Sumit_Desktop_New folder_Janatri] INFO  o.eclipse.m2e.core.internal.Bundles - 	Entry: C:\Users\Sumit\.p2\pool\plugins\org.eclipse.m2e.maven.runtime_3.9.900.20250220-2013\jars\guice-5.1.0.jar
2025-09-06 09:07:05,416 [Worker-19: Launching Executing test in C__Users_Sumit_Desktop_New folder_Janatri] INFO  o.eclipse.m2e.core.internal.Bundles - 	Entry: C:\Users\Sumit\.p2\pool\plugins\org.eclipse.m2e.maven.runtime_3.9.900.20250220-2013\jars\httpclient-4.5.14.jar
2025-09-06 09:07:05,417 [Worker-19: Launching Executing test in C__Users_Sumit_Desktop_New folder_Janatri] INFO  o.eclipse.m2e.core.internal.Bundles - 	Entry: C:\Users\Sumit\.p2\pool\plugins\org.eclipse.m2e.maven.runtime_3.9.900.20250220-2013\jars\httpcore-4.4.16.jar
2025-09-06 09:07:05,417 [Worker-19: Launching Executing test in C__Users_Sumit_Desktop_New folder_Janatri] INFO  o.eclipse.m2e.core.internal.Bundles - 	Entry: C:\Users\Sumit\.p2\pool\plugins\org.eclipse.m2e.maven.runtime_3.9.900.20250220-2013\jars\jansi-2.4.1.jar
2025-09-06 09:07:05,417 [Worker-19: Launching Executing test in C__Users_Sumit_Desktop_New folder_Janatri] INFO  o.eclipse.m2e.core.internal.Bundles - 	Entry: C:\Users\Sumit\.p2\pool\plugins\org.eclipse.m2e.maven.runtime_3.9.900.20250220-2013\jars\jcl-over-slf4j-1.7.36.jar
2025-09-06 09:07:05,418 [Worker-19: Launching Executing test in C__Users_Sumit_Desktop_New folder_Janatri] INFO  o.eclipse.m2e.core.internal.Bundles - 	Entry: C:\Users\Sumit\.p2\pool\plugins\org.eclipse.m2e.maven.runtime_3.9.900.20250220-2013\jars\maven-artifact-3.9.9.jar
2025-09-06 09:07:05,418 [Worker-19: Launching Executing test in C__Users_Sumit_Desktop_New folder_Janatri] INFO  o.eclipse.m2e.core.internal.Bundles - 	Entry: C:\Users\Sumit\.p2\pool\plugins\org.eclipse.m2e.maven.runtime_3.9.900.20250220-2013\jars\maven-builder-support-3.9.9.jar
2025-09-06 09:07:05,419 [Worker-19: Launching Executing test in C__Users_Sumit_Desktop_New folder_Janatri] INFO  o.eclipse.m2e.core.internal.Bundles - 	Entry: C:\Users\Sumit\.p2\pool\plugins\org.eclipse.m2e.maven.runtime_3.9.900.20250220-2013\jars\maven-compat-3.9.9.jar
2025-09-06 09:07:05,419 [Worker-19: Launching Executing test in C__Users_Sumit_Desktop_New folder_Janatri] INFO  o.eclipse.m2e.core.internal.Bundles - 	Entry: C:\Users\Sumit\.p2\pool\plugins\org.eclipse.m2e.maven.runtime_3.9.900.20250220-2013\jars\maven-core-3.9.9.jar
2025-09-06 09:07:05,419 [Worker-19: Launching Executing test in C__Users_Sumit_Desktop_New folder_Janatri] INFO  o.eclipse.m2e.core.internal.Bundles - 	Entry: C:\Users\Sumit\.p2\pool\plugins\org.eclipse.m2e.maven.runtime_3.9.900.20250220-2013\jars\maven-embedder-3.9.9.jar
2025-09-06 09:07:05,420 [Worker-19: Launching Executing test in C__Users_Sumit_Desktop_New folder_Janatri] INFO  o.eclipse.m2e.core.internal.Bundles - 	Entry: C:\Users\Sumit\.p2\pool\plugins\org.eclipse.m2e.maven.runtime_3.9.900.20250220-2013\jars\maven-model-3.9.9.jar
2025-09-06 09:07:05,420 [Worker-19: Launching Executing test in C__Users_Sumit_Desktop_New folder_Janatri] INFO  o.eclipse.m2e.core.internal.Bundles - 	Entry: C:\Users\Sumit\.p2\pool\plugins\org.eclipse.m2e.maven.runtime_3.9.900.20250220-2013\jars\maven-model-builder-3.9.9.jar
2025-09-06 09:07:05,420 [Worker-19: Launching Executing test in C__Users_Sumit_Desktop_New folder_Janatri] INFO  o.eclipse.m2e.core.internal.Bundles - 	Entry: C:\Users\Sumit\.p2\pool\plugins\org.eclipse.m2e.maven.runtime_3.9.900.20250220-2013\jars\maven-plugin-api-3.9.9.jar
2025-09-06 09:07:05,421 [Worker-19: Launching Executing test in C__Users_Sumit_Desktop_New folder_Janatri] INFO  o.eclipse.m2e.core.internal.Bundles - 	Entry: C:\Users\Sumit\.p2\pool\plugins\org.eclipse.m2e.maven.runtime_3.9.900.20250220-2013\jars\maven-repository-metadata-3.9.9.jar
2025-09-06 09:07:05,421 [Worker-19: Launching Executing test in C__Users_Sumit_Desktop_New folder_Janatri] INFO  o.eclipse.m2e.core.internal.Bundles - 	Entry: C:\Users\Sumit\.p2\pool\plugins\org.eclipse.m2e.maven.runtime_3.9.900.20250220-2013\jars\maven-resolver-api-1.9.22.jar
2025-09-06 09:07:05,421 [Worker-19: Launching Executing test in C__Users_Sumit_Desktop_New folder_Janatri] INFO  o.eclipse.m2e.core.internal.Bundles - 	Entry: C:\Users\Sumit\.p2\pool\plugins\org.eclipse.m2e.maven.runtime_3.9.900.20250220-2013\jars\maven-resolver-connector-basic-1.9.22.jar
2025-09-06 09:07:05,422 [Worker-19: Launching Executing test in C__Users_Sumit_Desktop_New folder_Janatri] INFO  o.eclipse.m2e.core.internal.Bundles - 	Entry: C:\Users\Sumit\.p2\pool\plugins\org.eclipse.m2e.maven.runtime_3.9.900.20250220-2013\jars\maven-resolver-impl-1.9.22.jar
2025-09-06 09:07:05,422 [Worker-19: Launching Executing test in C__Users_Sumit_Desktop_New folder_Janatri] INFO  o.eclipse.m2e.core.internal.Bundles - 	Entry: C:\Users\Sumit\.p2\pool\plugins\org.eclipse.m2e.maven.runtime_3.9.900.20250220-2013\jars\maven-resolver-named-locks-1.9.22.jar
2025-09-06 09:07:05,423 [Worker-19: Launching Executing test in C__Users_Sumit_Desktop_New folder_Janatri] INFO  o.eclipse.m2e.core.internal.Bundles - 	Entry: C:\Users\Sumit\.p2\pool\plugins\org.eclipse.m2e.maven.runtime_3.9.900.20250220-2013\jars\maven-resolver-provider-3.9.9.jar
2025-09-06 09:07:05,423 [Worker-19: Launching Executing test in C__Users_Sumit_Desktop_New folder_Janatri] INFO  o.eclipse.m2e.core.internal.Bundles - 	Entry: C:\Users\Sumit\.p2\pool\plugins\org.eclipse.m2e.maven.runtime_3.9.900.20250220-2013\jars\maven-resolver-spi-1.9.22.jar
2025-09-06 09:07:05,423 [Worker-19: Launching Executing test in C__Users_Sumit_Desktop_New folder_Janatri] INFO  o.eclipse.m2e.core.internal.Bundles - 	Entry: C:\Users\Sumit\.p2\pool\plugins\org.eclipse.m2e.maven.runtime_3.9.900.20250220-2013\jars\maven-resolver-transport-file-1.9.22.jar
2025-09-06 09:07:05,424 [Worker-19: Launching Executing test in C__Users_Sumit_Desktop_New folder_Janatri] INFO  o.eclipse.m2e.core.internal.Bundles - 	Entry: C:\Users\Sumit\.p2\pool\plugins\org.eclipse.m2e.maven.runtime_3.9.900.20250220-2013\jars\maven-resolver-transport-http-1.9.22.jar
2025-09-06 09:07:05,424 [Worker-19: Launching Executing test in C__Users_Sumit_Desktop_New folder_Janatri] INFO  o.eclipse.m2e.core.internal.Bundles - 	Entry: C:\Users\Sumit\.p2\pool\plugins\org.eclipse.m2e.maven.runtime_3.9.900.20250220-2013\jars\maven-resolver-transport-wagon-1.9.22.jar
2025-09-06 09:07:05,424 [Worker-19: Launching Executing test in C__Users_Sumit_Desktop_New folder_Janatri] INFO  o.eclipse.m2e.core.internal.Bundles - 	Entry: C:\Users\Sumit\.p2\pool\plugins\org.eclipse.m2e.maven.runtime_3.9.900.20250220-2013\jars\maven-resolver-util-1.9.22.jar
2025-09-06 09:07:05,425 [Worker-19: Launching Executing test in C__Users_Sumit_Desktop_New folder_Janatri] INFO  o.eclipse.m2e.core.internal.Bundles - 	Entry: C:\Users\Sumit\.p2\pool\plugins\org.eclipse.m2e.maven.runtime_3.9.900.20250220-2013\jars\maven-settings-3.9.9.jar
2025-09-06 09:07:05,425 [Worker-19: Launching Executing test in C__Users_Sumit_Desktop_New folder_Janatri] INFO  o.eclipse.m2e.core.internal.Bundles - 	Entry: C:\Users\Sumit\.p2\pool\plugins\org.eclipse.m2e.maven.runtime_3.9.900.20250220-2013\jars\maven-settings-builder-3.9.9.jar
2025-09-06 09:07:05,426 [Worker-19: Launching Executing test in C__Users_Sumit_Desktop_New folder_Janatri] INFO  o.eclipse.m2e.core.internal.Bundles - 	Entry: C:\Users\Sumit\.p2\pool\plugins\org.eclipse.m2e.maven.runtime_3.9.900.20250220-2013\jars\maven-shared-utils-3.4.2.jar
2025-09-06 09:07:05,426 [Worker-19: Launching Executing test in C__Users_Sumit_Desktop_New folder_Janatri] INFO  o.eclipse.m2e.core.internal.Bundles - 	Entry: C:\Users\Sumit\.p2\pool\plugins\org.eclipse.m2e.maven.runtime_3.9.900.20250220-2013\jars\org.eclipse.sisu.inject-0.9.0.M3.jar
2025-09-06 09:07:05,428 [Worker-19: Launching Executing test in C__Users_Sumit_Desktop_New folder_Janatri] INFO  o.eclipse.m2e.core.internal.Bundles - 	Entry: C:\Users\Sumit\.p2\pool\plugins\org.eclipse.m2e.maven.runtime_3.9.900.20250220-2013\jars\org.eclipse.sisu.plexus-0.9.0.M3.jar
2025-09-06 09:07:05,428 [Worker-19: Launching Executing test in C__Users_Sumit_Desktop_New folder_Janatri] INFO  o.eclipse.m2e.core.internal.Bundles - 	Entry: C:\Users\Sumit\.p2\pool\plugins\org.eclipse.m2e.maven.runtime_3.9.900.20250220-2013\jars\plexus-build-api-0.0.7.jar
2025-09-06 09:07:05,429 [Worker-19: Launching Executing test in C__Users_Sumit_Desktop_New folder_Janatri] INFO  o.eclipse.m2e.core.internal.Bundles - 	Entry: C:\Users\Sumit\.p2\pool\plugins\org.eclipse.m2e.maven.runtime_3.9.900.20250220-2013\jars\plexus-build-api-1.2.0.jar
2025-09-06 09:07:05,429 [Worker-19: Launching Executing test in C__Users_Sumit_Desktop_New folder_Janatri] INFO  o.eclipse.m2e.core.internal.Bundles - 	Entry: C:\Users\Sumit\.p2\pool\plugins\org.eclipse.m2e.maven.runtime_3.9.900.20250220-2013\jars\plexus-cipher-2.0.jar
2025-09-06 09:07:05,430 [Worker-19: Launching Executing test in C__Users_Sumit_Desktop_New folder_Janatri] INFO  o.eclipse.m2e.core.internal.Bundles - 	Entry: C:\Users\Sumit\.p2\pool\plugins\org.eclipse.m2e.maven.runtime_3.9.900.20250220-2013\jars\plexus-classworlds-2.8.0.jar
2025-09-06 09:07:05,430 [Worker-19: Launching Executing test in C__Users_Sumit_Desktop_New folder_Janatri] INFO  o.eclipse.m2e.core.internal.Bundles - 	Entry: C:\Users\Sumit\.p2\pool\plugins\org.eclipse.m2e.maven.runtime_3.9.900.20250220-2013\jars\plexus-component-annotations-2.1.0.jar
2025-09-06 09:07:05,431 [Worker-19: Launching Executing test in C__Users_Sumit_Desktop_New folder_Janatri] INFO  o.eclipse.m2e.core.internal.Bundles - 	Entry: C:\Users\Sumit\.p2\pool\plugins\org.eclipse.m2e.maven.runtime_3.9.900.20250220-2013\jars\plexus-interpolation-1.27.jar
2025-09-06 09:07:05,431 [Worker-19: Launching Executing test in C__Users_Sumit_Desktop_New folder_Janatri] INFO  o.eclipse.m2e.core.internal.Bundles - 	Entry: C:\Users\Sumit\.p2\pool\plugins\org.eclipse.m2e.maven.runtime_3.9.900.20250220-2013\jars\plexus-sec-dispatcher-2.0.jar
2025-09-06 09:07:05,432 [Worker-19: Launching Executing test in C__Users_Sumit_Desktop_New folder_Janatri] INFO  o.eclipse.m2e.core.internal.Bundles - 	Entry: C:\Users\Sumit\.p2\pool\plugins\org.eclipse.m2e.maven.runtime_3.9.900.20250220-2013\jars\plexus-utils-3.5.1.jar
2025-09-06 09:07:05,432 [Worker-19: Launching Executing test in C__Users_Sumit_Desktop_New folder_Janatri] INFO  o.eclipse.m2e.core.internal.Bundles - 	Entry: C:\Users\Sumit\.p2\pool\plugins\org.eclipse.m2e.maven.runtime_3.9.900.20250220-2013\jars\plexus-xml-3.0.1.jar
2025-09-06 09:07:05,432 [Worker-19: Launching Executing test in C__Users_Sumit_Desktop_New folder_Janatri] INFO  o.eclipse.m2e.core.internal.Bundles - 	Entry: C:\Users\Sumit\.p2\pool\plugins\org.eclipse.m2e.maven.runtime_3.9.900.20250220-2013\jars\wagon-file-3.5.3.jar
2025-09-06 09:07:05,433 [Worker-19: Launching Executing test in C__Users_Sumit_Desktop_New folder_Janatri] INFO  o.eclipse.m2e.core.internal.Bundles - 	Entry: C:\Users\Sumit\.p2\pool\plugins\org.eclipse.m2e.maven.runtime_3.9.900.20250220-2013\jars\wagon-http-3.5.3.jar
2025-09-06 09:07:05,433 [Worker-19: Launching Executing test in C__Users_Sumit_Desktop_New folder_Janatri] INFO  o.eclipse.m2e.core.internal.Bundles - 	Entry: C:\Users\Sumit\.p2\pool\plugins\org.eclipse.m2e.maven.runtime_3.9.900.20250220-2013\jars\wagon-http-shared-3.5.3.jar
2025-09-06 09:07:05,433 [Worker-19: Launching Executing test in C__Users_Sumit_Desktop_New folder_Janatri] INFO  o.eclipse.m2e.core.internal.Bundles - 	Entry: C:\Users\Sumit\.p2\pool\plugins\org.eclipse.m2e.maven.runtime_3.9.900.20250220-2013\jars\wagon-provider-api-3.5.3.jar
2025-09-06 09:07:05,433 [Worker-19: Launching Executing test in C__Users_Sumit_Desktop_New folder_Janatri] INFO  o.eclipse.m2e.core.internal.Bundles - getClasspathEntries(Bundle=com.google.guava_33.4.8.jre [18])
2025-09-06 09:07:05,435 [Worker-19: Launching Executing test in C__Users_Sumit_Desktop_New folder_Janatri] INFO  o.eclipse.m2e.core.internal.Bundles - 	Entry: C:\Users\Sumit\.p2\pool\plugins\com.google.guava_33.4.8.jre.jar
2025-09-06 09:07:05,435 [Worker-19: Launching Executing test in C__Users_Sumit_Desktop_New folder_Janatri] INFO  o.eclipse.m2e.core.internal.Bundles - getClasspathEntries(Bundle=slf4j.api_2.0.17 [1004])
2025-09-06 09:07:05,437 [Worker-19: Launching Executing test in C__Users_Sumit_Desktop_New folder_Janatri] INFO  o.eclipse.m2e.core.internal.Bundles - 	Entry: C:\Users\Sumit\.p2\pool\plugins\slf4j.api_2.0.17.jar
2025-09-06 09:07:05,437 [Worker-19: Launching Executing test in C__Users_Sumit_Desktop_New folder_Janatri] INFO  o.eclipse.m2e.core.internal.Bundles - getClasspathEntries(Bundle=jakarta.inject.jakarta.inject-api_1.0.5 [35])
2025-09-06 09:07:05,439 [Worker-19: Launching Executing test in C__Users_Sumit_Desktop_New folder_Janatri] INFO  o.eclipse.m2e.core.internal.Bundles - 	Entry: C:\Users\Sumit\.p2\pool\plugins\jakarta.inject.jakarta.inject-api_1.0.5.jar
2025-09-06 09:07:05,439 [Worker-19: Launching Executing test in C__Users_Sumit_Desktop_New folder_Janatri] INFO  o.eclipse.m2e.core.internal.Bundles - getClasspathEntries(Bundle=javax.annotation_1.3.5.v20200909-1856 [45])
2025-09-06 09:07:05,440 [Worker-19: Launching Executing test in C__Users_Sumit_Desktop_New folder_Janatri] INFO  o.eclipse.m2e.core.internal.Bundles - 	Entry: C:\Users\Sumit\.p2\pool\plugins\javax.annotation_1.3.5.v20200909-1856.jar
2025-09-06 09:07:05,441 [Worker-19: Launching Executing test in C__Users_Sumit_Desktop_New folder_Janatri] INFO  o.eclipse.m2e.core.internal.Bundles - getClasspathEntries(Bundle=org.apache.commons.cli_1.9.0 [76])
2025-09-06 09:07:05,442 [Worker-19: Launching Executing test in C__Users_Sumit_Desktop_New folder_Janatri] INFO  o.eclipse.m2e.core.internal.Bundles - 	Entry: C:\Users\Sumit\.p2\pool\plugins\org.apache.commons.cli_1.9.0.jar
2025-09-06 09:07:05,442 [Worker-19: Launching Executing test in C__Users_Sumit_Desktop_New folder_Janatri] INFO  o.eclipse.m2e.core.internal.Bundles - getClasspathEntries(Bundle=org.apache.commons.commons-codec_1.16.0 [78])
2025-09-06 09:07:05,445 [Worker-19: Launching Executing test in C__Users_Sumit_Desktop_New folder_Janatri] INFO  o.eclipse.m2e.core.internal.Bundles - 	Entry: C:\Users\Sumit\.p2\pool\plugins\org.apache.commons.commons-codec_1.16.0.jar
2025-09-06 09:07:05,445 [Worker-19: Launching Executing test in C__Users_Sumit_Desktop_New folder_Janatri] INFO  o.eclipse.m2e.core.internal.Bundles - getClasspathEntries(Bundle=com.google.guava.failureaccess_1.0.3 [19])
2025-09-06 09:07:05,447 [Worker-19: Launching Executing test in C__Users_Sumit_Desktop_New folder_Janatri] INFO  o.eclipse.m2e.core.internal.Bundles - 	Entry: C:\Users\Sumit\.p2\pool\plugins\com.google.guava.failureaccess_1.0.3.jar
2025-09-06 09:07:05,451 [Worker-19: Launching Executing test in C__Users_Sumit_Desktop_New folder_Janatri] INFO  o.e.m.i.launch.MavenLaunchDelegate - Run build in "C:\Users\Sumit\Desktop\New folder\Janatri":
2025-09-06 09:07:05,451 [Worker-19: Launching Executing test in C__Users_Sumit_Desktop_New folder_Janatri] INFO  o.e.m.i.launch.MavenLaunchDelegate -  mvn  -B -Dstyle.color=always test
2025-09-06 21:59:43,894 [Worker-1: Loading available Gradle versions] INFO  o.e.b.c.i.u.g.PublishedGradleVersions - Gradle version information cache is up-to-date. Trying to read.
2025-09-06 22:04:18,600 [Worker-5: Building] WARN  o.a.m.s.f.DefaultMavenResourcesFiltering - Using platform encoding (UTF-8 actually) to copy filtered resources, i.e. build is platform dependent!
2025-09-06 22:04:18,623 [Worker-5: Building] INFO  o.a.m.s.f.DefaultMavenResourcesFiltering - Copying 0 resource from src\main\resources to target\classes
2025-09-06 22:04:18,632 [Worker-5: Building] WARN  o.a.m.s.f.DefaultMavenResourcesFiltering - Using platform encoding (UTF-8 actually) to copy filtered resources, i.e. build is platform dependent!
2025-09-06 22:04:18,636 [Worker-5: Building] INFO  o.a.m.s.f.DefaultMavenResourcesFiltering - Copying 0 resource from src\test\resources to target\test-classes
2025-09-06 22:04:42,735 [Worker-13: Launching Executing test in C__Users_Sumit_Desktop_New folder_Janatri] INFO  o.eclipse.m2e.core.internal.Bundles - getClasspathEntries(Bundle=org.eclipse.m2e.maven.runtime_3.9.900.20250220-2013 [639])
2025-09-06 22:04:42,740 [Worker-13: Launching Executing test in C__Users_Sumit_Desktop_New folder_Janatri] INFO  o.eclipse.m2e.core.internal.Bundles - 	Entry: C:\Users\Sumit\.p2\pool\plugins\org.eclipse.m2e.maven.runtime_3.9.900.20250220-2013
2025-09-06 22:04:42,740 [Worker-13: Launching Executing test in C__Users_Sumit_Desktop_New folder_Janatri] INFO  o.eclipse.m2e.core.internal.Bundles - 	Entry: C:\Users\Sumit\.p2\pool\plugins\org.eclipse.m2e.maven.runtime_3.9.900.20250220-2013\jars\aopalliance-1.0.jar
2025-09-06 22:04:42,741 [Worker-13: Launching Executing test in C__Users_Sumit_Desktop_New folder_Janatri] INFO  o.eclipse.m2e.core.internal.Bundles - 	Entry: C:\Users\Sumit\.p2\pool\plugins\org.eclipse.m2e.maven.runtime_3.9.900.20250220-2013\jars\guice-5.1.0.jar
2025-09-06 22:04:42,742 [Worker-13: Launching Executing test in C__Users_Sumit_Desktop_New folder_Janatri] INFO  o.eclipse.m2e.core.internal.Bundles - 	Entry: C:\Users\Sumit\.p2\pool\plugins\org.eclipse.m2e.maven.runtime_3.9.900.20250220-2013\jars\httpclient-4.5.14.jar
2025-09-06 22:04:42,743 [Worker-13: Launching Executing test in C__Users_Sumit_Desktop_New folder_Janatri] INFO  o.eclipse.m2e.core.internal.Bundles - 	Entry: C:\Users\Sumit\.p2\pool\plugins\org.eclipse.m2e.maven.runtime_3.9.900.20250220-2013\jars\httpcore-4.4.16.jar
2025-09-06 22:04:42,744 [Worker-13: Launching Executing test in C__Users_Sumit_Desktop_New folder_Janatri] INFO  o.eclipse.m2e.core.internal.Bundles - 	Entry: C:\Users\Sumit\.p2\pool\plugins\org.eclipse.m2e.maven.runtime_3.9.900.20250220-2013\jars\jansi-2.4.1.jar
2025-09-06 22:04:42,744 [Worker-13: Launching Executing test in C__Users_Sumit_Desktop_New folder_Janatri] INFO  o.eclipse.m2e.core.internal.Bundles - 	Entry: C:\Users\Sumit\.p2\pool\plugins\org.eclipse.m2e.maven.runtime_3.9.900.20250220-2013\jars\jcl-over-slf4j-1.7.36.jar
2025-09-06 22:04:42,744 [Worker-13: Launching Executing test in C__Users_Sumit_Desktop_New folder_Janatri] INFO  o.eclipse.m2e.core.internal.Bundles - 	Entry: C:\Users\Sumit\.p2\pool\plugins\org.eclipse.m2e.maven.runtime_3.9.900.20250220-2013\jars\maven-artifact-3.9.9.jar
2025-09-06 22:04:42,744 [Worker-13: Launching Executing test in C__Users_Sumit_Desktop_New folder_Janatri] INFO  o.eclipse.m2e.core.internal.Bundles - 	Entry: C:\Users\Sumit\.p2\pool\plugins\org.eclipse.m2e.maven.runtime_3.9.900.20250220-2013\jars\maven-builder-support-3.9.9.jar
2025-09-06 22:04:42,745 [Worker-13: Launching Executing test in C__Users_Sumit_Desktop_New folder_Janatri] INFO  o.eclipse.m2e.core.internal.Bundles - 	Entry: C:\Users\Sumit\.p2\pool\plugins\org.eclipse.m2e.maven.runtime_3.9.900.20250220-2013\jars\maven-compat-3.9.9.jar
2025-09-06 22:04:42,745 [Worker-13: Launching Executing test in C__Users_Sumit_Desktop_New folder_Janatri] INFO  o.eclipse.m2e.core.internal.Bundles - 	Entry: C:\Users\Sumit\.p2\pool\plugins\org.eclipse.m2e.maven.runtime_3.9.900.20250220-2013\jars\maven-core-3.9.9.jar
2025-09-06 22:04:42,746 [Worker-13: Launching Executing test in C__Users_Sumit_Desktop_New folder_Janatri] INFO  o.eclipse.m2e.core.internal.Bundles - 	Entry: C:\Users\Sumit\.p2\pool\plugins\org.eclipse.m2e.maven.runtime_3.9.900.20250220-2013\jars\maven-embedder-3.9.9.jar
2025-09-06 22:04:42,746 [Worker-13: Launching Executing test in C__Users_Sumit_Desktop_New folder_Janatri] INFO  o.eclipse.m2e.core.internal.Bundles - 	Entry: C:\Users\Sumit\.p2\pool\plugins\org.eclipse.m2e.maven.runtime_3.9.900.20250220-2013\jars\maven-model-3.9.9.jar
2025-09-06 22:04:42,747 [Worker-13: Launching Executing test in C__Users_Sumit_Desktop_New folder_Janatri] INFO  o.eclipse.m2e.core.internal.Bundles - 	Entry: C:\Users\Sumit\.p2\pool\plugins\org.eclipse.m2e.maven.runtime_3.9.900.20250220-2013\jars\maven-model-builder-3.9.9.jar
2025-09-06 22:04:42,747 [Worker-13: Launching Executing test in C__Users_Sumit_Desktop_New folder_Janatri] INFO  o.eclipse.m2e.core.internal.Bundles - 	Entry: C:\Users\Sumit\.p2\pool\plugins\org.eclipse.m2e.maven.runtime_3.9.900.20250220-2013\jars\maven-plugin-api-3.9.9.jar
2025-09-06 22:04:42,747 [Worker-13: Launching Executing test in C__Users_Sumit_Desktop_New folder_Janatri] INFO  o.eclipse.m2e.core.internal.Bundles - 	Entry: C:\Users\Sumit\.p2\pool\plugins\org.eclipse.m2e.maven.runtime_3.9.900.20250220-2013\jars\maven-repository-metadata-3.9.9.jar
2025-09-06 22:04:42,748 [Worker-13: Launching Executing test in C__Users_Sumit_Desktop_New folder_Janatri] INFO  o.eclipse.m2e.core.internal.Bundles - 	Entry: C:\Users\Sumit\.p2\pool\plugins\org.eclipse.m2e.maven.runtime_3.9.900.20250220-2013\jars\maven-resolver-api-1.9.22.jar
2025-09-06 22:04:42,748 [Worker-13: Launching Executing test in C__Users_Sumit_Desktop_New folder_Janatri] INFO  o.eclipse.m2e.core.internal.Bundles - 	Entry: C:\Users\Sumit\.p2\pool\plugins\org.eclipse.m2e.maven.runtime_3.9.900.20250220-2013\jars\maven-resolver-connector-basic-1.9.22.jar
2025-09-06 22:04:42,749 [Worker-13: Launching Executing test in C__Users_Sumit_Desktop_New folder_Janatri] INFO  o.eclipse.m2e.core.internal.Bundles - 	Entry: C:\Users\Sumit\.p2\pool\plugins\org.eclipse.m2e.maven.runtime_3.9.900.20250220-2013\jars\maven-resolver-impl-1.9.22.jar
2025-09-06 22:04:42,749 [Worker-13: Launching Executing test in C__Users_Sumit_Desktop_New folder_Janatri] INFO  o.eclipse.m2e.core.internal.Bundles - 	Entry: C:\Users\Sumit\.p2\pool\plugins\org.eclipse.m2e.maven.runtime_3.9.900.20250220-2013\jars\maven-resolver-named-locks-1.9.22.jar
2025-09-06 22:04:42,750 [Worker-13: Launching Executing test in C__Users_Sumit_Desktop_New folder_Janatri] INFO  o.eclipse.m2e.core.internal.Bundles - 	Entry: C:\Users\Sumit\.p2\pool\plugins\org.eclipse.m2e.maven.runtime_3.9.900.20250220-2013\jars\maven-resolver-provider-3.9.9.jar
2025-09-06 22:04:42,751 [Worker-13: Launching Executing test in C__Users_Sumit_Desktop_New folder_Janatri] INFO  o.eclipse.m2e.core.internal.Bundles - 	Entry: C:\Users\Sumit\.p2\pool\plugins\org.eclipse.m2e.maven.runtime_3.9.900.20250220-2013\jars\maven-resolver-spi-1.9.22.jar
2025-09-06 22:04:42,753 [Worker-13: Launching Executing test in C__Users_Sumit_Desktop_New folder_Janatri] INFO  o.eclipse.m2e.core.internal.Bundles - 	Entry: C:\Users\Sumit\.p2\pool\plugins\org.eclipse.m2e.maven.runtime_3.9.900.20250220-2013\jars\maven-resolver-transport-file-1.9.22.jar
2025-09-06 22:04:42,753 [Worker-13: Launching Executing test in C__Users_Sumit_Desktop_New folder_Janatri] INFO  o.eclipse.m2e.core.internal.Bundles - 	Entry: C:\Users\Sumit\.p2\pool\plugins\org.eclipse.m2e.maven.runtime_3.9.900.20250220-2013\jars\maven-resolver-transport-http-1.9.22.jar
2025-09-06 22:04:42,753 [Worker-13: Launching Executing test in C__Users_Sumit_Desktop_New folder_Janatri] INFO  o.eclipse.m2e.core.internal.Bundles - 	Entry: C:\Users\Sumit\.p2\pool\plugins\org.eclipse.m2e.maven.runtime_3.9.900.20250220-2013\jars\maven-resolver-transport-wagon-1.9.22.jar
2025-09-06 22:04:42,753 [Worker-13: Launching Executing test in C__Users_Sumit_Desktop_New folder_Janatri] INFO  o.eclipse.m2e.core.internal.Bundles - 	Entry: C:\Users\Sumit\.p2\pool\plugins\org.eclipse.m2e.maven.runtime_3.9.900.20250220-2013\jars\maven-resolver-util-1.9.22.jar
2025-09-06 22:04:42,753 [Worker-13: Launching Executing test in C__Users_Sumit_Desktop_New folder_Janatri] INFO  o.eclipse.m2e.core.internal.Bundles - 	Entry: C:\Users\Sumit\.p2\pool\plugins\org.eclipse.m2e.maven.runtime_3.9.900.20250220-2013\jars\maven-settings-3.9.9.jar
2025-09-06 22:04:42,754 [Worker-13: Launching Executing test in C__Users_Sumit_Desktop_New folder_Janatri] INFO  o.eclipse.m2e.core.internal.Bundles - 	Entry: C:\Users\Sumit\.p2\pool\plugins\org.eclipse.m2e.maven.runtime_3.9.900.20250220-2013\jars\maven-settings-builder-3.9.9.jar
2025-09-06 22:04:42,754 [Worker-13: Launching Executing test in C__Users_Sumit_Desktop_New folder_Janatri] INFO  o.eclipse.m2e.core.internal.Bundles - 	Entry: C:\Users\Sumit\.p2\pool\plugins\org.eclipse.m2e.maven.runtime_3.9.900.20250220-2013\jars\maven-shared-utils-3.4.2.jar
2025-09-06 22:04:42,754 [Worker-13: Launching Executing test in C__Users_Sumit_Desktop_New folder_Janatri] INFO  o.eclipse.m2e.core.internal.Bundles - 	Entry: C:\Users\Sumit\.p2\pool\plugins\org.eclipse.m2e.maven.runtime_3.9.900.20250220-2013\jars\org.eclipse.sisu.inject-0.9.0.M3.jar
2025-09-06 22:04:42,754 [Worker-13: Launching Executing test in C__Users_Sumit_Desktop_New folder_Janatri] INFO  o.eclipse.m2e.core.internal.Bundles - 	Entry: C:\Users\Sumit\.p2\pool\plugins\org.eclipse.m2e.maven.runtime_3.9.900.20250220-2013\jars\org.eclipse.sisu.plexus-0.9.0.M3.jar
2025-09-06 22:04:42,755 [Worker-13: Launching Executing test in C__Users_Sumit_Desktop_New folder_Janatri] INFO  o.eclipse.m2e.core.internal.Bundles - 	Entry: C:\Users\Sumit\.p2\pool\plugins\org.eclipse.m2e.maven.runtime_3.9.900.20250220-2013\jars\plexus-build-api-0.0.7.jar
2025-09-06 22:04:42,755 [Worker-13: Launching Executing test in C__Users_Sumit_Desktop_New folder_Janatri] INFO  o.eclipse.m2e.core.internal.Bundles - 	Entry: C:\Users\Sumit\.p2\pool\plugins\org.eclipse.m2e.maven.runtime_3.9.900.20250220-2013\jars\plexus-build-api-1.2.0.jar
2025-09-06 22:04:42,756 [Worker-13: Launching Executing test in C__Users_Sumit_Desktop_New folder_Janatri] INFO  o.eclipse.m2e.core.internal.Bundles - 	Entry: C:\Users\Sumit\.p2\pool\plugins\org.eclipse.m2e.maven.runtime_3.9.900.20250220-2013\jars\plexus-cipher-2.0.jar
2025-09-06 22:04:42,756 [Worker-13: Launching Executing test in C__Users_Sumit_Desktop_New folder_Janatri] INFO  o.eclipse.m2e.core.internal.Bundles - 	Entry: C:\Users\Sumit\.p2\pool\plugins\org.eclipse.m2e.maven.runtime_3.9.900.20250220-2013\jars\plexus-classworlds-2.8.0.jar
2025-09-06 22:04:42,757 [Worker-13: Launching Executing test in C__Users_Sumit_Desktop_New folder_Janatri] INFO  o.eclipse.m2e.core.internal.Bundles - 	Entry: C:\Users\Sumit\.p2\pool\plugins\org.eclipse.m2e.maven.runtime_3.9.900.20250220-2013\jars\plexus-component-annotations-2.1.0.jar
2025-09-06 22:04:42,758 [Worker-13: Launching Executing test in C__Users_Sumit_Desktop_New folder_Janatri] INFO  o.eclipse.m2e.core.internal.Bundles - 	Entry: C:\Users\Sumit\.p2\pool\plugins\org.eclipse.m2e.maven.runtime_3.9.900.20250220-2013\jars\plexus-interpolation-1.27.jar
2025-09-06 22:04:42,759 [Worker-13: Launching Executing test in C__Users_Sumit_Desktop_New folder_Janatri] INFO  o.eclipse.m2e.core.internal.Bundles - 	Entry: C:\Users\Sumit\.p2\pool\plugins\org.eclipse.m2e.maven.runtime_3.9.900.20250220-2013\jars\plexus-sec-dispatcher-2.0.jar
2025-09-06 22:04:42,759 [Worker-13: Launching Executing test in C__Users_Sumit_Desktop_New folder_Janatri] INFO  o.eclipse.m2e.core.internal.Bundles - 	Entry: C:\Users\Sumit\.p2\pool\plugins\org.eclipse.m2e.maven.runtime_3.9.900.20250220-2013\jars\plexus-utils-3.5.1.jar
2025-09-06 22:04:42,759 [Worker-13: Launching Executing test in C__Users_Sumit_Desktop_New folder_Janatri] INFO  o.eclipse.m2e.core.internal.Bundles - 	Entry: C:\Users\Sumit\.p2\pool\plugins\org.eclipse.m2e.maven.runtime_3.9.900.20250220-2013\jars\plexus-xml-3.0.1.jar
2025-09-06 22:04:42,760 [Worker-13: Launching Executing test in C__Users_Sumit_Desktop_New folder_Janatri] INFO  o.eclipse.m2e.core.internal.Bundles - 	Entry: C:\Users\Sumit\.p2\pool\plugins\org.eclipse.m2e.maven.runtime_3.9.900.20250220-2013\jars\wagon-file-3.5.3.jar
2025-09-06 22:04:42,760 [Worker-13: Launching Executing test in C__Users_Sumit_Desktop_New folder_Janatri] INFO  o.eclipse.m2e.core.internal.Bundles - 	Entry: C:\Users\Sumit\.p2\pool\plugins\org.eclipse.m2e.maven.runtime_3.9.900.20250220-2013\jars\wagon-http-3.5.3.jar
2025-09-06 22:04:42,760 [Worker-13: Launching Executing test in C__Users_Sumit_Desktop_New folder_Janatri] INFO  o.eclipse.m2e.core.internal.Bundles - 	Entry: C:\Users\Sumit\.p2\pool\plugins\org.eclipse.m2e.maven.runtime_3.9.900.20250220-2013\jars\wagon-http-shared-3.5.3.jar
2025-09-06 22:04:42,760 [Worker-13: Launching Executing test in C__Users_Sumit_Desktop_New folder_Janatri] INFO  o.eclipse.m2e.core.internal.Bundles - 	Entry: C:\Users\Sumit\.p2\pool\plugins\org.eclipse.m2e.maven.runtime_3.9.900.20250220-2013\jars\wagon-provider-api-3.5.3.jar
2025-09-06 22:04:42,765 [Worker-13: Launching Executing test in C__Users_Sumit_Desktop_New folder_Janatri] INFO  o.eclipse.m2e.core.internal.Bundles - getClasspathEntries(Bundle=com.google.guava_33.4.8.jre [18])
2025-09-06 22:04:42,768 [Worker-13: Launching Executing test in C__Users_Sumit_Desktop_New folder_Janatri] INFO  o.eclipse.m2e.core.internal.Bundles - 	Entry: C:\Users\Sumit\.p2\pool\plugins\com.google.guava_33.4.8.jre.jar
2025-09-06 22:04:42,768 [Worker-13: Launching Executing test in C__Users_Sumit_Desktop_New folder_Janatri] INFO  o.eclipse.m2e.core.internal.Bundles - getClasspathEntries(Bundle=slf4j.api_2.0.17 [1004])
2025-09-06 22:04:42,771 [Worker-13: Launching Executing test in C__Users_Sumit_Desktop_New folder_Janatri] INFO  o.eclipse.m2e.core.internal.Bundles - 	Entry: C:\Users\Sumit\.p2\pool\plugins\slf4j.api_2.0.17.jar
2025-09-06 22:04:42,771 [Worker-13: Launching Executing test in C__Users_Sumit_Desktop_New folder_Janatri] INFO  o.eclipse.m2e.core.internal.Bundles - getClasspathEntries(Bundle=jakarta.inject.jakarta.inject-api_1.0.5 [35])
2025-09-06 22:04:42,773 [Worker-13: Launching Executing test in C__Users_Sumit_Desktop_New folder_Janatri] INFO  o.eclipse.m2e.core.internal.Bundles - 	Entry: C:\Users\Sumit\.p2\pool\plugins\jakarta.inject.jakarta.inject-api_1.0.5.jar
2025-09-06 22:04:42,773 [Worker-13: Launching Executing test in C__Users_Sumit_Desktop_New folder_Janatri] INFO  o.eclipse.m2e.core.internal.Bundles - getClasspathEntries(Bundle=javax.annotation_1.3.5.v20200909-1856 [45])
2025-09-06 22:04:42,774 [Worker-13: Launching Executing test in C__Users_Sumit_Desktop_New folder_Janatri] INFO  o.eclipse.m2e.core.internal.Bundles - 	Entry: C:\Users\Sumit\.p2\pool\plugins\javax.annotation_1.3.5.v20200909-1856.jar
2025-09-06 22:04:42,775 [Worker-13: Launching Executing test in C__Users_Sumit_Desktop_New folder_Janatri] INFO  o.eclipse.m2e.core.internal.Bundles - getClasspathEntries(Bundle=org.apache.commons.cli_1.9.0 [76])
2025-09-06 22:04:42,776 [Worker-13: Launching Executing test in C__Users_Sumit_Desktop_New folder_Janatri] INFO  o.eclipse.m2e.core.internal.Bundles - 	Entry: C:\Users\Sumit\.p2\pool\plugins\org.apache.commons.cli_1.9.0.jar
2025-09-06 22:04:42,776 [Worker-13: Launching Executing test in C__Users_Sumit_Desktop_New folder_Janatri] INFO  o.eclipse.m2e.core.internal.Bundles - getClasspathEntries(Bundle=org.apache.commons.commons-codec_1.16.0 [78])
2025-09-06 22:04:42,778 [Worker-13: Launching Executing test in C__Users_Sumit_Desktop_New folder_Janatri] INFO  o.eclipse.m2e.core.internal.Bundles - 	Entry: C:\Users\Sumit\.p2\pool\plugins\org.apache.commons.commons-codec_1.16.0.jar
2025-09-06 22:04:42,778 [Worker-13: Launching Executing test in C__Users_Sumit_Desktop_New folder_Janatri] INFO  o.eclipse.m2e.core.internal.Bundles - getClasspathEntries(Bundle=com.google.guava.failureaccess_1.0.3 [19])
2025-09-06 22:04:42,779 [Worker-13: Launching Executing test in C__Users_Sumit_Desktop_New folder_Janatri] INFO  o.eclipse.m2e.core.internal.Bundles - 	Entry: C:\Users\Sumit\.p2\pool\plugins\com.google.guava.failureaccess_1.0.3.jar
2025-09-06 22:04:42,786 [Worker-13: Launching Executing test in C__Users_Sumit_Desktop_New folder_Janatri] INFO  o.e.m.i.launch.MavenLaunchDelegate - Run build in "C:\Users\Sumit\Desktop\New folder\Janatri":
2025-09-06 22:04:42,799 [Worker-13: Launching Executing test in C__Users_Sumit_Desktop_New folder_Janatri] INFO  o.e.m.i.launch.MavenLaunchDelegate -  mvn  -B -Dstyle.color=always test
2025-09-06 22:09:15,121 [Worker-16: Building] INFO  o.e.m.c.i.l.LifecycleMappingFactory - Using org.eclipse.m2e.jdt.JarLifecycleMapping lifecycle mapping for MavenProject: com.janatri:Janatri:0.0.1-SNAPSHOT @ C:\Users\Sumit\Desktop\New folder\Janatri\pom.xml.
2025-09-06 22:09:17,263 [Worker-16: Building] INFO  o.e.m.c.i.e.AbstractTransferListenerAdapter - Downloaded https://repo.maven.apache.org/maven2/org/seleniumhq/selenium/selenium-devtools-v138/4.23.0/selenium-devtools-v138-4.23.0.pom
2025-09-06 22:09:17,270 [Worker-16: Building] WARN  o.e.m.c.i.embedder.EclipseLogger - The POM for org.seleniumhq.selenium:selenium-devtools-v138:jar:4.23.0 is missing, no dependency information available
2025-09-06 22:09:18,342 [Worker-16: Building] INFO  o.e.m.c.i.e.AbstractTransferListenerAdapter - Downloaded https://repo.maven.apache.org/maven2/org/seleniumhq/selenium/selenium-devtools-v138/4.23.0/selenium-devtools-v138-4.23.0.jar
2025-09-06 22:09:19,362 [Worker-16: Building] WARN  o.a.m.s.f.DefaultMavenResourcesFiltering - Using platform encoding (UTF-8 actually) to copy filtered resources, i.e. build is platform dependent!
2025-09-06 22:09:19,368 [Worker-16: Building] INFO  o.a.m.s.f.DefaultMavenResourcesFiltering - Copying 0 resource from src\main\resources to target\classes
2025-09-06 22:09:19,376 [Worker-16: Building] WARN  o.a.m.s.f.DefaultMavenResourcesFiltering - Using platform encoding (UTF-8 actually) to copy filtered resources, i.e. build is platform dependent!
2025-09-06 22:09:19,378 [Worker-16: Building] INFO  o.a.m.s.f.DefaultMavenResourcesFiltering - Copying 0 resource from src\test\resources to target\test-classes
2025-09-06 22:09:20,217 [Worker-18: Download sources and javadoc] INFO  o.e.m.c.i.e.AbstractTransferListenerAdapter - Downloaded https://repo.maven.apache.org/maven2/org/seleniumhq/selenium/selenium-devtools-v138/4.23.0/selenium-devtools-v138-4.23.0-sources.jar
2025-09-06 22:09:20,223 [Worker-18: Download sources and javadoc] ERROR o.e.m.j.internal.DownloadSourcesJob - Could not download sources for org.seleniumhq.selenium:selenium-devtools-v138:4.23.0
org.eclipse.core.runtime.CoreException: Could not resolve artifact org.seleniumhq.selenium:selenium-devtools-v138:jar:sources:4.23.0
	at org.eclipse.m2e.core.internal.embedder.MavenImpl.lambda$7(MavenImpl.java:540)
	at org.eclipse.m2e.core.internal.embedder.MavenExecutionContext.executeBare(MavenExecutionContext.java:458)
	at org.eclipse.m2e.core.internal.embedder.MavenExecutionContext.execute(MavenExecutionContext.java:292)
	at org.eclipse.m2e.core.internal.embedder.MavenExecutionContext.execute(MavenExecutionContext.java:278)
	at org.eclipse.m2e.core.internal.embedder.MavenImpl.resolve(MavenImpl.java:509)
	at org.eclipse.m2e.core.internal.embedder.MavenImpl.resolve(MavenImpl.java:494)
	at org.eclipse.m2e.jdt.internal.DownloadSourcesJob.download(DownloadSourcesJob.java:308)
	at org.eclipse.m2e.jdt.internal.DownloadSourcesJob.downloadAttachments(DownloadSourcesJob.java:282)
	at org.eclipse.m2e.jdt.internal.DownloadSourcesJob.downloadMaven(DownloadSourcesJob.java:252)
	at org.eclipse.m2e.jdt.internal.DownloadSourcesJob.downloadFilesAndPopulateToUpdate(DownloadSourcesJob.java:220)
	at org.eclipse.m2e.jdt.internal.DownloadSourcesJob.lambda$0(DownloadSourcesJob.java:149)
	at org.eclipse.m2e.core.internal.embedder.MavenExecutionContext.executeBare(MavenExecutionContext.java:458)
	at org.eclipse.m2e.core.internal.embedder.MavenExecutionContext.execute(MavenExecutionContext.java:339)
	at org.eclipse.m2e.core.internal.embedder.MavenExecutionContext.execute(MavenExecutionContext.java:278)
	at org.eclipse.m2e.core.embedder.IMaven.execute(IMaven.java:300)
	at org.eclipse.m2e.jdt.internal.DownloadSourcesJob.run(DownloadSourcesJob.java:149)
	at org.eclipse.core.internal.jobs.Worker.run(Worker.java:63)
2025-09-06 22:10:19,063 [Worker-18: Building] INFO  o.e.m.c.i.l.LifecycleMappingFactory - Using org.eclipse.m2e.jdt.JarLifecycleMapping lifecycle mapping for MavenProject: com.janatri:Janatri:0.0.1-SNAPSHOT @ C:\Users\Sumit\Desktop\New folder\Janatri\pom.xml.
2025-09-06 22:10:19,290 [Worker-18: Building] WARN  o.e.m.c.i.embedder.EclipseLogger - The POM for org.seleniumhq.selenium:selenium-devtools-v138:jar:4.23.0 is missing, no dependency information available
2025-09-06 22:10:20,471 [Worker-18: Building] WARN  o.a.m.s.f.DefaultMavenResourcesFiltering - Using platform encoding (UTF-8 actually) to copy filtered resources, i.e. build is platform dependent!
2025-09-06 22:10:20,476 [Worker-18: Building] INFO  o.a.m.s.f.DefaultMavenResourcesFiltering - Copying 0 resource from src\main\resources to target\classes
2025-09-06 22:10:20,482 [Worker-18: Building] WARN  o.a.m.s.f.DefaultMavenResourcesFiltering - Using platform encoding (UTF-8 actually) to copy filtered resources, i.e. build is platform dependent!
2025-09-06 22:10:20,484 [Worker-18: Building] INFO  o.a.m.s.f.DefaultMavenResourcesFiltering - Copying 0 resource from src\test\resources to target\test-classes
2025-09-06 22:10:21,634 [Worker-14: Download sources and javadoc] INFO  o.e.m.c.i.e.AbstractTransferListenerAdapter - Downloaded https://repo.maven.apache.org/maven2/org/seleniumhq/selenium/selenium-devtools-v138/4.23.0/selenium-devtools-v138-4.23.0-javadoc.jar
2025-09-06 22:10:21,640 [Worker-14: Download sources and javadoc] ERROR o.e.m.j.internal.DownloadSourcesJob - Could not download javadoc for org.seleniumhq.selenium:selenium-devtools-v138:4.23.0
org.eclipse.core.runtime.CoreException: Could not resolve artifact org.seleniumhq.selenium:selenium-devtools-v138:jar:javadoc:4.23.0
	at org.eclipse.m2e.core.internal.embedder.MavenImpl.lambda$7(MavenImpl.java:540)
	at org.eclipse.m2e.core.internal.embedder.MavenExecutionContext.executeBare(MavenExecutionContext.java:458)
	at org.eclipse.m2e.core.internal.embedder.MavenExecutionContext.execute(MavenExecutionContext.java:292)
	at org.eclipse.m2e.core.internal.embedder.MavenExecutionContext.execute(MavenExecutionContext.java:278)
	at org.eclipse.m2e.core.internal.embedder.MavenImpl.resolve(MavenImpl.java:509)
	at org.eclipse.m2e.core.internal.embedder.MavenImpl.resolve(MavenImpl.java:494)
	at org.eclipse.m2e.jdt.internal.DownloadSourcesJob.download(DownloadSourcesJob.java:308)
	at org.eclipse.m2e.jdt.internal.DownloadSourcesJob.downloadAttachments(DownloadSourcesJob.java:294)
	at org.eclipse.m2e.jdt.internal.DownloadSourcesJob.downloadMaven(DownloadSourcesJob.java:252)
	at org.eclipse.m2e.jdt.internal.DownloadSourcesJob.downloadFilesAndPopulateToUpdate(DownloadSourcesJob.java:220)
	at org.eclipse.m2e.jdt.internal.DownloadSourcesJob.lambda$0(DownloadSourcesJob.java:149)
	at org.eclipse.m2e.core.internal.embedder.MavenExecutionContext.executeBare(MavenExecutionContext.java:458)
	at org.eclipse.m2e.core.internal.embedder.MavenExecutionContext.execute(MavenExecutionContext.java:339)
	at org.eclipse.m2e.core.internal.embedder.MavenExecutionContext.execute(MavenExecutionContext.java:278)
	at org.eclipse.m2e.core.embedder.IMaven.execute(IMaven.java:300)
	at org.eclipse.m2e.jdt.internal.DownloadSourcesJob.run(DownloadSourcesJob.java:149)
	at org.eclipse.core.internal.jobs.Worker.run(Worker.java:63)
2025-09-06 22:10:36,695 [Worker-14: Building] INFO  o.e.m.c.i.l.LifecycleMappingFactory - Using org.eclipse.m2e.jdt.JarLifecycleMapping lifecycle mapping for MavenProject: com.janatri:Janatri:0.0.1-SNAPSHOT @ C:\Users\Sumit\Desktop\New folder\Janatri\pom.xml.
2025-09-06 22:10:36,898 [Worker-14: Building] WARN  o.e.m.c.i.embedder.EclipseLogger - The POM for org.seleniumhq.selenium:selenium-devtools-v138:jar:4.23.0 is missing, no dependency information available
2025-09-06 22:10:38,035 [Worker-14: Building] WARN  o.a.m.s.f.DefaultMavenResourcesFiltering - Using platform encoding (UTF-8 actually) to copy filtered resources, i.e. build is platform dependent!
2025-09-06 22:10:38,041 [Worker-14: Building] INFO  o.a.m.s.f.DefaultMavenResourcesFiltering - Copying 0 resource from src\main\resources to target\classes
2025-09-06 22:10:38,048 [Worker-14: Building] WARN  o.a.m.s.f.DefaultMavenResourcesFiltering - Using platform encoding (UTF-8 actually) to copy filtered resources, i.e. build is platform dependent!
2025-09-06 22:10:38,050 [Worker-14: Building] INFO  o.a.m.s.f.DefaultMavenResourcesFiltering - Copying 0 resource from src\test\resources to target\test-classes
2025-09-06 22:10:56,412 [Worker-14: Building] INFO  o.e.m.c.i.l.LifecycleMappingFactory - Using org.eclipse.m2e.jdt.JarLifecycleMapping lifecycle mapping for MavenProject: com.janatri:Janatri:0.0.1-SNAPSHOT @ C:\Users\Sumit\Desktop\New folder\Janatri\pom.xml.
2025-09-06 22:10:57,375 [Worker-14: Building] WARN  o.a.m.s.f.DefaultMavenResourcesFiltering - Using platform encoding (UTF-8 actually) to copy filtered resources, i.e. build is platform dependent!
2025-09-06 22:10:57,379 [Worker-14: Building] INFO  o.a.m.s.f.DefaultMavenResourcesFiltering - Copying 0 resource from src\main\resources to target\classes
2025-09-06 22:10:57,386 [Worker-14: Building] WARN  o.a.m.s.f.DefaultMavenResourcesFiltering - Using platform encoding (UTF-8 actually) to copy filtered resources, i.e. build is platform dependent!
2025-09-06 22:10:57,390 [Worker-14: Building] INFO  o.a.m.s.f.DefaultMavenResourcesFiltering - Copying 0 resource from src\test\resources to target\test-classes
2025-09-06 22:10:59,646 [Worker-5: Building] WARN  o.a.m.s.f.DefaultMavenResourcesFiltering - Using platform encoding (UTF-8 actually) to copy filtered resources, i.e. build is platform dependent!
2025-09-06 22:10:59,649 [Worker-5: Building] INFO  o.a.m.s.f.DefaultMavenResourcesFiltering - Copying 0 resource from src\main\resources to target\classes
2025-09-06 22:10:59,660 [Worker-5: Building] WARN  o.a.m.s.f.DefaultMavenResourcesFiltering - Using platform encoding (UTF-8 actually) to copy filtered resources, i.e. build is platform dependent!
2025-09-06 22:10:59,662 [Worker-5: Building] INFO  o.a.m.s.f.DefaultMavenResourcesFiltering - Copying 0 resource from src\test\resources to target\test-classes
2025-09-06 22:12:22,619 [Worker-19: Building] WARN  o.a.m.s.f.DefaultMavenResourcesFiltering - Using platform encoding (UTF-8 actually) to copy filtered resources, i.e. build is platform dependent!
2025-09-06 22:12:22,623 [Worker-19: Building] INFO  o.a.m.s.f.DefaultMavenResourcesFiltering - Copying 0 resource from src\main\resources to target\classes
2025-09-06 22:12:22,627 [Worker-19: Building] WARN  o.a.m.s.f.DefaultMavenResourcesFiltering - Using platform encoding (UTF-8 actually) to copy filtered resources, i.e. build is platform dependent!
2025-09-06 22:12:22,628 [Worker-19: Building] INFO  o.a.m.s.f.DefaultMavenResourcesFiltering - Copying 0 resource from src\test\resources to target\test-classes
2025-09-06 22:13:03,332 [Worker-14: Building] WARN  o.a.m.s.f.DefaultMavenResourcesFiltering - Using platform encoding (UTF-8 actually) to copy filtered resources, i.e. build is platform dependent!
2025-09-06 22:13:03,334 [Worker-14: Building] INFO  o.a.m.s.f.DefaultMavenResourcesFiltering - Copying 0 resource from src\main\resources to target\classes
2025-09-06 22:13:03,340 [Worker-14: Building] WARN  o.a.m.s.f.DefaultMavenResourcesFiltering - Using platform encoding (UTF-8 actually) to copy filtered resources, i.e. build is platform dependent!
2025-09-06 22:13:03,342 [Worker-14: Building] INFO  o.a.m.s.f.DefaultMavenResourcesFiltering - Copying 0 resource from src\test\resources to target\test-classes
2025-09-06 22:13:22,999 [Worker-16: Launching Executing test in C__Users_Sumit_Desktop_New folder_Janatri] INFO  o.eclipse.m2e.core.internal.Bundles - getClasspathEntries(Bundle=org.eclipse.m2e.maven.runtime_3.9.900.20250220-2013 [639])
2025-09-06 22:13:23,002 [Worker-16: Launching Executing test in C__Users_Sumit_Desktop_New folder_Janatri] INFO  o.eclipse.m2e.core.internal.Bundles - 	Entry: C:\Users\Sumit\.p2\pool\plugins\org.eclipse.m2e.maven.runtime_3.9.900.20250220-2013
2025-09-06 22:13:23,004 [Worker-16: Launching Executing test in C__Users_Sumit_Desktop_New folder_Janatri] INFO  o.eclipse.m2e.core.internal.Bundles - 	Entry: C:\Users\Sumit\.p2\pool\plugins\org.eclipse.m2e.maven.runtime_3.9.900.20250220-2013\jars\aopalliance-1.0.jar
2025-09-06 22:13:23,005 [Worker-16: Launching Executing test in C__Users_Sumit_Desktop_New folder_Janatri] INFO  o.eclipse.m2e.core.internal.Bundles - 	Entry: C:\Users\Sumit\.p2\pool\plugins\org.eclipse.m2e.maven.runtime_3.9.900.20250220-2013\jars\guice-5.1.0.jar
2025-09-06 22:13:23,005 [Worker-16: Launching Executing test in C__Users_Sumit_Desktop_New folder_Janatri] INFO  o.eclipse.m2e.core.internal.Bundles - 	Entry: C:\Users\Sumit\.p2\pool\plugins\org.eclipse.m2e.maven.runtime_3.9.900.20250220-2013\jars\httpclient-4.5.14.jar
2025-09-06 22:13:23,006 [Worker-16: Launching Executing test in C__Users_Sumit_Desktop_New folder_Janatri] INFO  o.eclipse.m2e.core.internal.Bundles - 	Entry: C:\Users\Sumit\.p2\pool\plugins\org.eclipse.m2e.maven.runtime_3.9.900.20250220-2013\jars\httpcore-4.4.16.jar
2025-09-06 22:13:23,007 [Worker-16: Launching Executing test in C__Users_Sumit_Desktop_New folder_Janatri] INFO  o.eclipse.m2e.core.internal.Bundles - 	Entry: C:\Users\Sumit\.p2\pool\plugins\org.eclipse.m2e.maven.runtime_3.9.900.20250220-2013\jars\jansi-2.4.1.jar
2025-09-06 22:13:23,007 [Worker-16: Launching Executing test in C__Users_Sumit_Desktop_New folder_Janatri] INFO  o.eclipse.m2e.core.internal.Bundles - 	Entry: C:\Users\Sumit\.p2\pool\plugins\org.eclipse.m2e.maven.runtime_3.9.900.20250220-2013\jars\jcl-over-slf4j-1.7.36.jar
2025-09-06 22:13:23,008 [Worker-16: Launching Executing test in C__Users_Sumit_Desktop_New folder_Janatri] INFO  o.eclipse.m2e.core.internal.Bundles - 	Entry: C:\Users\Sumit\.p2\pool\plugins\org.eclipse.m2e.maven.runtime_3.9.900.20250220-2013\jars\maven-artifact-3.9.9.jar
2025-09-06 22:13:23,008 [Worker-16: Launching Executing test in C__Users_Sumit_Desktop_New folder_Janatri] INFO  o.eclipse.m2e.core.internal.Bundles - 	Entry: C:\Users\Sumit\.p2\pool\plugins\org.eclipse.m2e.maven.runtime_3.9.900.20250220-2013\jars\maven-builder-support-3.9.9.jar
2025-09-06 22:13:23,009 [Worker-16: Launching Executing test in C__Users_Sumit_Desktop_New folder_Janatri] INFO  o.eclipse.m2e.core.internal.Bundles - 	Entry: C:\Users\Sumit\.p2\pool\plugins\org.eclipse.m2e.maven.runtime_3.9.900.20250220-2013\jars\maven-compat-3.9.9.jar
2025-09-06 22:13:23,009 [Worker-16: Launching Executing test in C__Users_Sumit_Desktop_New folder_Janatri] INFO  o.eclipse.m2e.core.internal.Bundles - 	Entry: C:\Users\Sumit\.p2\pool\plugins\org.eclipse.m2e.maven.runtime_3.9.900.20250220-2013\jars\maven-core-3.9.9.jar
2025-09-06 22:13:23,009 [Worker-16: Launching Executing test in C__Users_Sumit_Desktop_New folder_Janatri] INFO  o.eclipse.m2e.core.internal.Bundles - 	Entry: C:\Users\Sumit\.p2\pool\plugins\org.eclipse.m2e.maven.runtime_3.9.900.20250220-2013\jars\maven-embedder-3.9.9.jar
2025-09-06 22:13:23,010 [Worker-16: Launching Executing test in C__Users_Sumit_Desktop_New folder_Janatri] INFO  o.eclipse.m2e.core.internal.Bundles - 	Entry: C:\Users\Sumit\.p2\pool\plugins\org.eclipse.m2e.maven.runtime_3.9.900.20250220-2013\jars\maven-model-3.9.9.jar
2025-09-06 22:13:23,010 [Worker-16: Launching Executing test in C__Users_Sumit_Desktop_New folder_Janatri] INFO  o.eclipse.m2e.core.internal.Bundles - 	Entry: C:\Users\Sumit\.p2\pool\plugins\org.eclipse.m2e.maven.runtime_3.9.900.20250220-2013\jars\maven-model-builder-3.9.9.jar
2025-09-06 22:13:23,011 [Worker-16: Launching Executing test in C__Users_Sumit_Desktop_New folder_Janatri] INFO  o.eclipse.m2e.core.internal.Bundles - 	Entry: C:\Users\Sumit\.p2\pool\plugins\org.eclipse.m2e.maven.runtime_3.9.900.20250220-2013\jars\maven-plugin-api-3.9.9.jar
2025-09-06 22:13:23,011 [Worker-16: Launching Executing test in C__Users_Sumit_Desktop_New folder_Janatri] INFO  o.eclipse.m2e.core.internal.Bundles - 	Entry: C:\Users\Sumit\.p2\pool\plugins\org.eclipse.m2e.maven.runtime_3.9.900.20250220-2013\jars\maven-repository-metadata-3.9.9.jar
2025-09-06 22:13:23,011 [Worker-16: Launching Executing test in C__Users_Sumit_Desktop_New folder_Janatri] INFO  o.eclipse.m2e.core.internal.Bundles - 	Entry: C:\Users\Sumit\.p2\pool\plugins\org.eclipse.m2e.maven.runtime_3.9.900.20250220-2013\jars\maven-resolver-api-1.9.22.jar
2025-09-06 22:13:23,012 [Worker-16: Launching Executing test in C__Users_Sumit_Desktop_New folder_Janatri] INFO  o.eclipse.m2e.core.internal.Bundles - 	Entry: C:\Users\Sumit\.p2\pool\plugins\org.eclipse.m2e.maven.runtime_3.9.900.20250220-2013\jars\maven-resolver-connector-basic-1.9.22.jar
2025-09-06 22:13:23,012 [Worker-16: Launching Executing test in C__Users_Sumit_Desktop_New folder_Janatri] INFO  o.eclipse.m2e.core.internal.Bundles - 	Entry: C:\Users\Sumit\.p2\pool\plugins\org.eclipse.m2e.maven.runtime_3.9.900.20250220-2013\jars\maven-resolver-impl-1.9.22.jar
2025-09-06 22:13:23,013 [Worker-16: Launching Executing test in C__Users_Sumit_Desktop_New folder_Janatri] INFO  o.eclipse.m2e.core.internal.Bundles - 	Entry: C:\Users\Sumit\.p2\pool\plugins\org.eclipse.m2e.maven.runtime_3.9.900.20250220-2013\jars\maven-resolver-named-locks-1.9.22.jar
2025-09-06 22:13:23,014 [Worker-16: Launching Executing test in C__Users_Sumit_Desktop_New folder_Janatri] INFO  o.eclipse.m2e.core.internal.Bundles - 	Entry: C:\Users\Sumit\.p2\pool\plugins\org.eclipse.m2e.maven.runtime_3.9.900.20250220-2013\jars\maven-resolver-provider-3.9.9.jar
2025-09-06 22:13:23,014 [Worker-16: Launching Executing test in C__Users_Sumit_Desktop_New folder_Janatri] INFO  o.eclipse.m2e.core.internal.Bundles - 	Entry: C:\Users\Sumit\.p2\pool\plugins\org.eclipse.m2e.maven.runtime_3.9.900.20250220-2013\jars\maven-resolver-spi-1.9.22.jar
2025-09-06 22:13:23,014 [Worker-16: Launching Executing test in C__Users_Sumit_Desktop_New folder_Janatri] INFO  o.eclipse.m2e.core.internal.Bundles - 	Entry: C:\Users\Sumit\.p2\pool\plugins\org.eclipse.m2e.maven.runtime_3.9.900.20250220-2013\jars\maven-resolver-transport-file-1.9.22.jar
2025-09-06 22:13:23,014 [Worker-16: Launching Executing test in C__Users_Sumit_Desktop_New folder_Janatri] INFO  o.eclipse.m2e.core.internal.Bundles - 	Entry: C:\Users\Sumit\.p2\pool\plugins\org.eclipse.m2e.maven.runtime_3.9.900.20250220-2013\jars\maven-resolver-transport-http-1.9.22.jar
2025-09-06 22:13:23,015 [Worker-16: Launching Executing test in C__Users_Sumit_Desktop_New folder_Janatri] INFO  o.eclipse.m2e.core.internal.Bundles - 	Entry: C:\Users\Sumit\.p2\pool\plugins\org.eclipse.m2e.maven.runtime_3.9.900.20250220-2013\jars\maven-resolver-transport-wagon-1.9.22.jar
2025-09-06 22:13:23,015 [Worker-16: Launching Executing test in C__Users_Sumit_Desktop_New folder_Janatri] INFO  o.eclipse.m2e.core.internal.Bundles - 	Entry: C:\Users\Sumit\.p2\pool\plugins\org.eclipse.m2e.maven.runtime_3.9.900.20250220-2013\jars\maven-resolver-util-1.9.22.jar
2025-09-06 22:13:23,015 [Worker-16: Launching Executing test in C__Users_Sumit_Desktop_New folder_Janatri] INFO  o.eclipse.m2e.core.internal.Bundles - 	Entry: C:\Users\Sumit\.p2\pool\plugins\org.eclipse.m2e.maven.runtime_3.9.900.20250220-2013\jars\maven-settings-3.9.9.jar
2025-09-06 22:13:23,015 [Worker-16: Launching Executing test in C__Users_Sumit_Desktop_New folder_Janatri] INFO  o.eclipse.m2e.core.internal.Bundles - 	Entry: C:\Users\Sumit\.p2\pool\plugins\org.eclipse.m2e.maven.runtime_3.9.900.20250220-2013\jars\maven-settings-builder-3.9.9.jar
2025-09-06 22:13:23,016 [Worker-16: Launching Executing test in C__Users_Sumit_Desktop_New folder_Janatri] INFO  o.eclipse.m2e.core.internal.Bundles - 	Entry: C:\Users\Sumit\.p2\pool\plugins\org.eclipse.m2e.maven.runtime_3.9.900.20250220-2013\jars\maven-shared-utils-3.4.2.jar
2025-09-06 22:13:23,016 [Worker-16: Launching Executing test in C__Users_Sumit_Desktop_New folder_Janatri] INFO  o.eclipse.m2e.core.internal.Bundles - 	Entry: C:\Users\Sumit\.p2\pool\plugins\org.eclipse.m2e.maven.runtime_3.9.900.20250220-2013\jars\org.eclipse.sisu.inject-0.9.0.M3.jar
2025-09-06 22:13:23,016 [Worker-16: Launching Executing test in C__Users_Sumit_Desktop_New folder_Janatri] INFO  o.eclipse.m2e.core.internal.Bundles - 	Entry: C:\Users\Sumit\.p2\pool\plugins\org.eclipse.m2e.maven.runtime_3.9.900.20250220-2013\jars\org.eclipse.sisu.plexus-0.9.0.M3.jar
2025-09-06 22:13:23,016 [Worker-16: Launching Executing test in C__Users_Sumit_Desktop_New folder_Janatri] INFO  o.eclipse.m2e.core.internal.Bundles - 	Entry: C:\Users\Sumit\.p2\pool\plugins\org.eclipse.m2e.maven.runtime_3.9.900.20250220-2013\jars\plexus-build-api-0.0.7.jar
2025-09-06 22:13:23,016 [Worker-16: Launching Executing test in C__Users_Sumit_Desktop_New folder_Janatri] INFO  o.eclipse.m2e.core.internal.Bundles - 	Entry: C:\Users\Sumit\.p2\pool\plugins\org.eclipse.m2e.maven.runtime_3.9.900.20250220-2013\jars\plexus-build-api-1.2.0.jar
2025-09-06 22:13:23,017 [Worker-16: Launching Executing test in C__Users_Sumit_Desktop_New folder_Janatri] INFO  o.eclipse.m2e.core.internal.Bundles - 	Entry: C:\Users\Sumit\.p2\pool\plugins\org.eclipse.m2e.maven.runtime_3.9.900.20250220-2013\jars\plexus-cipher-2.0.jar
2025-09-06 22:13:23,017 [Worker-16: Launching Executing test in C__Users_Sumit_Desktop_New folder_Janatri] INFO  o.eclipse.m2e.core.internal.Bundles - 	Entry: C:\Users\Sumit\.p2\pool\plugins\org.eclipse.m2e.maven.runtime_3.9.900.20250220-2013\jars\plexus-classworlds-2.8.0.jar
2025-09-06 22:13:23,017 [Worker-16: Launching Executing test in C__Users_Sumit_Desktop_New folder_Janatri] INFO  o.eclipse.m2e.core.internal.Bundles - 	Entry: C:\Users\Sumit\.p2\pool\plugins\org.eclipse.m2e.maven.runtime_3.9.900.20250220-2013\jars\plexus-component-annotations-2.1.0.jar
2025-09-06 22:13:23,017 [Worker-16: Launching Executing test in C__Users_Sumit_Desktop_New folder_Janatri] INFO  o.eclipse.m2e.core.internal.Bundles - 	Entry: C:\Users\Sumit\.p2\pool\plugins\org.eclipse.m2e.maven.runtime_3.9.900.20250220-2013\jars\plexus-interpolation-1.27.jar
2025-09-06 22:13:23,018 [Worker-16: Launching Executing test in C__Users_Sumit_Desktop_New folder_Janatri] INFO  o.eclipse.m2e.core.internal.Bundles - 	Entry: C:\Users\Sumit\.p2\pool\plugins\org.eclipse.m2e.maven.runtime_3.9.900.20250220-2013\jars\plexus-sec-dispatcher-2.0.jar
2025-09-06 22:13:23,018 [Worker-16: Launching Executing test in C__Users_Sumit_Desktop_New folder_Janatri] INFO  o.eclipse.m2e.core.internal.Bundles - 	Entry: C:\Users\Sumit\.p2\pool\plugins\org.eclipse.m2e.maven.runtime_3.9.900.20250220-2013\jars\plexus-utils-3.5.1.jar
2025-09-06 22:13:23,019 [Worker-16: Launching Executing test in C__Users_Sumit_Desktop_New folder_Janatri] INFO  o.eclipse.m2e.core.internal.Bundles - 	Entry: C:\Users\Sumit\.p2\pool\plugins\org.eclipse.m2e.maven.runtime_3.9.900.20250220-2013\jars\plexus-xml-3.0.1.jar
2025-09-06 22:13:23,020 [Worker-16: Launching Executing test in C__Users_Sumit_Desktop_New folder_Janatri] INFO  o.eclipse.m2e.core.internal.Bundles - 	Entry: C:\Users\Sumit\.p2\pool\plugins\org.eclipse.m2e.maven.runtime_3.9.900.20250220-2013\jars\wagon-file-3.5.3.jar
2025-09-06 22:13:23,021 [Worker-16: Launching Executing test in C__Users_Sumit_Desktop_New folder_Janatri] INFO  o.eclipse.m2e.core.internal.Bundles - 	Entry: C:\Users\Sumit\.p2\pool\plugins\org.eclipse.m2e.maven.runtime_3.9.900.20250220-2013\jars\wagon-http-3.5.3.jar
2025-09-06 22:13:23,023 [Worker-16: Launching Executing test in C__Users_Sumit_Desktop_New folder_Janatri] INFO  o.eclipse.m2e.core.internal.Bundles - 	Entry: C:\Users\Sumit\.p2\pool\plugins\org.eclipse.m2e.maven.runtime_3.9.900.20250220-2013\jars\wagon-http-shared-3.5.3.jar
2025-09-06 22:13:23,023 [Worker-16: Launching Executing test in C__Users_Sumit_Desktop_New folder_Janatri] INFO  o.eclipse.m2e.core.internal.Bundles - 	Entry: C:\Users\Sumit\.p2\pool\plugins\org.eclipse.m2e.maven.runtime_3.9.900.20250220-2013\jars\wagon-provider-api-3.5.3.jar
2025-09-06 22:13:23,024 [Worker-16: Launching Executing test in C__Users_Sumit_Desktop_New folder_Janatri] INFO  o.eclipse.m2e.core.internal.Bundles - getClasspathEntries(Bundle=com.google.guava_33.4.8.jre [18])
2025-09-06 22:13:23,026 [Worker-16: Launching Executing test in C__Users_Sumit_Desktop_New folder_Janatri] INFO  o.eclipse.m2e.core.internal.Bundles - 	Entry: C:\Users\Sumit\.p2\pool\plugins\com.google.guava_33.4.8.jre.jar
2025-09-06 22:13:23,026 [Worker-16: Launching Executing test in C__Users_Sumit_Desktop_New folder_Janatri] INFO  o.eclipse.m2e.core.internal.Bundles - getClasspathEntries(Bundle=slf4j.api_2.0.17 [1004])
2025-09-06 22:13:23,026 [Worker-16: Launching Executing test in C__Users_Sumit_Desktop_New folder_Janatri] INFO  o.eclipse.m2e.core.internal.Bundles - 	Entry: C:\Users\Sumit\.p2\pool\plugins\slf4j.api_2.0.17.jar
2025-09-06 22:13:23,026 [Worker-16: Launching Executing test in C__Users_Sumit_Desktop_New folder_Janatri] INFO  o.eclipse.m2e.core.internal.Bundles - getClasspathEntries(Bundle=jakarta.inject.jakarta.inject-api_1.0.5 [35])
2025-09-06 22:13:23,027 [Worker-16: Launching Executing test in C__Users_Sumit_Desktop_New folder_Janatri] INFO  o.eclipse.m2e.core.internal.Bundles - 	Entry: C:\Users\Sumit\.p2\pool\plugins\jakarta.inject.jakarta.inject-api_1.0.5.jar
2025-09-06 22:13:23,027 [Worker-16: Launching Executing test in C__Users_Sumit_Desktop_New folder_Janatri] INFO  o.eclipse.m2e.core.internal.Bundles - getClasspathEntries(Bundle=javax.annotation_1.3.5.v20200909-1856 [45])
2025-09-06 22:13:23,027 [Worker-16: Launching Executing test in C__Users_Sumit_Desktop_New folder_Janatri] INFO  o.eclipse.m2e.core.internal.Bundles - 	Entry: C:\Users\Sumit\.p2\pool\plugins\javax.annotation_1.3.5.v20200909-1856.jar
2025-09-06 22:13:23,028 [Worker-16: Launching Executing test in C__Users_Sumit_Desktop_New folder_Janatri] INFO  o.eclipse.m2e.core.internal.Bundles - getClasspathEntries(Bundle=org.apache.commons.cli_1.9.0 [76])
2025-09-06 22:13:23,029 [Worker-16: Launching Executing test in C__Users_Sumit_Desktop_New folder_Janatri] INFO  o.eclipse.m2e.core.internal.Bundles - 	Entry: C:\Users\Sumit\.p2\pool\plugins\org.apache.commons.cli_1.9.0.jar
2025-09-06 22:13:23,029 [Worker-16: Launching Executing test in C__Users_Sumit_Desktop_New folder_Janatri] INFO  o.eclipse.m2e.core.internal.Bundles - getClasspathEntries(Bundle=org.apache.commons.commons-codec_1.16.0 [78])
2025-09-06 22:13:23,030 [Worker-16: Launching Executing test in C__Users_Sumit_Desktop_New folder_Janatri] INFO  o.eclipse.m2e.core.internal.Bundles - 	Entry: C:\Users\Sumit\.p2\pool\plugins\org.apache.commons.commons-codec_1.16.0.jar
2025-09-06 22:13:23,030 [Worker-16: Launching Executing test in C__Users_Sumit_Desktop_New folder_Janatri] INFO  o.eclipse.m2e.core.internal.Bundles - getClasspathEntries(Bundle=com.google.guava.failureaccess_1.0.3 [19])
2025-09-06 22:13:23,030 [Worker-16: Launching Executing test in C__Users_Sumit_Desktop_New folder_Janatri] INFO  o.eclipse.m2e.core.internal.Bundles - 	Entry: C:\Users\Sumit\.p2\pool\plugins\com.google.guava.failureaccess_1.0.3.jar
2025-09-06 22:13:23,033 [Worker-16: Launching Executing test in C__Users_Sumit_Desktop_New folder_Janatri] INFO  o.e.m.i.launch.MavenLaunchDelegate - Run build in "C:\Users\Sumit\Desktop\New folder\Janatri":
2025-09-06 22:13:23,033 [Worker-16: Launching Executing test in C__Users_Sumit_Desktop_New folder_Janatri] INFO  o.e.m.i.launch.MavenLaunchDelegate -  mvn  -B -Dstyle.color=always test
2025-09-06 22:14:46,883 [Worker-19: Building] WARN  o.a.m.s.f.DefaultMavenResourcesFiltering - Using platform encoding (UTF-8 actually) to copy filtered resources, i.e. build is platform dependent!
2025-09-06 22:14:46,893 [Worker-19: Building] INFO  o.a.m.s.f.DefaultMavenResourcesFiltering - Copying 0 resource from src\main\resources to target\classes
2025-09-06 22:14:46,898 [Worker-19: Building] WARN  o.a.m.s.f.DefaultMavenResourcesFiltering - Using platform encoding (UTF-8 actually) to copy filtered resources, i.e. build is platform dependent!
2025-09-06 22:14:46,900 [Worker-19: Building] INFO  o.a.m.s.f.DefaultMavenResourcesFiltering - Copying 0 resource from src\test\resources to target\test-classes
2025-09-06 22:16:48,231 [Worker-23: Building] WARN  o.a.m.s.f.DefaultMavenResourcesFiltering - Using platform encoding (UTF-8 actually) to copy filtered resources, i.e. build is platform dependent!
2025-09-06 22:16:48,244 [Worker-23: Building] INFO  o.a.m.s.f.DefaultMavenResourcesFiltering - Copying 0 resource from src\main\resources to target\classes
2025-09-06 22:16:48,250 [Worker-23: Building] WARN  o.a.m.s.f.DefaultMavenResourcesFiltering - Using platform encoding (UTF-8 actually) to copy filtered resources, i.e. build is platform dependent!
2025-09-06 22:16:48,252 [Worker-23: Building] INFO  o.a.m.s.f.DefaultMavenResourcesFiltering - Copying 0 resource from src\test\resources to target\test-classes
2025-09-06 22:17:00,759 [Worker-25: Launching Executing test in C__Users_Sumit_Desktop_New folder_Janatri] INFO  o.eclipse.m2e.core.internal.Bundles - getClasspathEntries(Bundle=org.eclipse.m2e.maven.runtime_3.9.900.20250220-2013 [639])
2025-09-06 22:17:00,761 [Worker-25: Launching Executing test in C__Users_Sumit_Desktop_New folder_Janatri] INFO  o.eclipse.m2e.core.internal.Bundles - 	Entry: C:\Users\Sumit\.p2\pool\plugins\org.eclipse.m2e.maven.runtime_3.9.900.20250220-2013
2025-09-06 22:17:00,761 [Worker-25: Launching Executing test in C__Users_Sumit_Desktop_New folder_Janatri] INFO  o.eclipse.m2e.core.internal.Bundles - 	Entry: C:\Users\Sumit\.p2\pool\plugins\org.eclipse.m2e.maven.runtime_3.9.900.20250220-2013\jars\aopalliance-1.0.jar
2025-09-06 22:17:00,762 [Worker-25: Launching Executing test in C__Users_Sumit_Desktop_New folder_Janatri] INFO  o.eclipse.m2e.core.internal.Bundles - 	Entry: C:\Users\Sumit\.p2\pool\plugins\org.eclipse.m2e.maven.runtime_3.9.900.20250220-2013\jars\guice-5.1.0.jar
2025-09-06 22:17:00,762 [Worker-25: Launching Executing test in C__Users_Sumit_Desktop_New folder_Janatri] INFO  o.eclipse.m2e.core.internal.Bundles - 	Entry: C:\Users\Sumit\.p2\pool\plugins\org.eclipse.m2e.maven.runtime_3.9.900.20250220-2013\jars\httpclient-4.5.14.jar
2025-09-06 22:17:00,762 [Worker-25: Launching Executing test in C__Users_Sumit_Desktop_New folder_Janatri] INFO  o.eclipse.m2e.core.internal.Bundles - 	Entry: C:\Users\Sumit\.p2\pool\plugins\org.eclipse.m2e.maven.runtime_3.9.900.20250220-2013\jars\httpcore-4.4.16.jar
2025-09-06 22:17:00,762 [Worker-25: Launching Executing test in C__Users_Sumit_Desktop_New folder_Janatri] INFO  o.eclipse.m2e.core.internal.Bundles - 	Entry: C:\Users\Sumit\.p2\pool\plugins\org.eclipse.m2e.maven.runtime_3.9.900.20250220-2013\jars\jansi-2.4.1.jar
2025-09-06 22:17:00,762 [Worker-25: Launching Executing test in C__Users_Sumit_Desktop_New folder_Janatri] INFO  o.eclipse.m2e.core.internal.Bundles - 	Entry: C:\Users\Sumit\.p2\pool\plugins\org.eclipse.m2e.maven.runtime_3.9.900.20250220-2013\jars\jcl-over-slf4j-1.7.36.jar
2025-09-06 22:17:00,763 [Worker-25: Launching Executing test in C__Users_Sumit_Desktop_New folder_Janatri] INFO  o.eclipse.m2e.core.internal.Bundles - 	Entry: C:\Users\Sumit\.p2\pool\plugins\org.eclipse.m2e.maven.runtime_3.9.900.20250220-2013\jars\maven-artifact-3.9.9.jar
2025-09-06 22:17:00,763 [Worker-25: Launching Executing test in C__Users_Sumit_Desktop_New folder_Janatri] INFO  o.eclipse.m2e.core.internal.Bundles - 	Entry: C:\Users\Sumit\.p2\pool\plugins\org.eclipse.m2e.maven.runtime_3.9.900.20250220-2013\jars\maven-builder-support-3.9.9.jar
2025-09-06 22:17:00,763 [Worker-25: Launching Executing test in C__Users_Sumit_Desktop_New folder_Janatri] INFO  o.eclipse.m2e.core.internal.Bundles - 	Entry: C:\Users\Sumit\.p2\pool\plugins\org.eclipse.m2e.maven.runtime_3.9.900.20250220-2013\jars\maven-compat-3.9.9.jar
2025-09-06 22:17:00,763 [Worker-25: Launching Executing test in C__Users_Sumit_Desktop_New folder_Janatri] INFO  o.eclipse.m2e.core.internal.Bundles - 	Entry: C:\Users\Sumit\.p2\pool\plugins\org.eclipse.m2e.maven.runtime_3.9.900.20250220-2013\jars\maven-core-3.9.9.jar
2025-09-06 22:17:00,764 [Worker-25: Launching Executing test in C__Users_Sumit_Desktop_New folder_Janatri] INFO  o.eclipse.m2e.core.internal.Bundles - 	Entry: C:\Users\Sumit\.p2\pool\plugins\org.eclipse.m2e.maven.runtime_3.9.900.20250220-2013\jars\maven-embedder-3.9.9.jar
2025-09-06 22:17:00,764 [Worker-25: Launching Executing test in C__Users_Sumit_Desktop_New folder_Janatri] INFO  o.eclipse.m2e.core.internal.Bundles - 	Entry: C:\Users\Sumit\.p2\pool\plugins\org.eclipse.m2e.maven.runtime_3.9.900.20250220-2013\jars\maven-model-3.9.9.jar
2025-09-06 22:17:00,764 [Worker-25: Launching Executing test in C__Users_Sumit_Desktop_New folder_Janatri] INFO  o.eclipse.m2e.core.internal.Bundles - 	Entry: C:\Users\Sumit\.p2\pool\plugins\org.eclipse.m2e.maven.runtime_3.9.900.20250220-2013\jars\maven-model-builder-3.9.9.jar
2025-09-06 22:17:00,764 [Worker-25: Launching Executing test in C__Users_Sumit_Desktop_New folder_Janatri] INFO  o.eclipse.m2e.core.internal.Bundles - 	Entry: C:\Users\Sumit\.p2\pool\plugins\org.eclipse.m2e.maven.runtime_3.9.900.20250220-2013\jars\maven-plugin-api-3.9.9.jar
2025-09-06 22:17:00,765 [Worker-25: Launching Executing test in C__Users_Sumit_Desktop_New folder_Janatri] INFO  o.eclipse.m2e.core.internal.Bundles - 	Entry: C:\Users\Sumit\.p2\pool\plugins\org.eclipse.m2e.maven.runtime_3.9.900.20250220-2013\jars\maven-repository-metadata-3.9.9.jar
2025-09-06 22:17:00,765 [Worker-25: Launching Executing test in C__Users_Sumit_Desktop_New folder_Janatri] INFO  o.eclipse.m2e.core.internal.Bundles - 	Entry: C:\Users\Sumit\.p2\pool\plugins\org.eclipse.m2e.maven.runtime_3.9.900.20250220-2013\jars\maven-resolver-api-1.9.22.jar
2025-09-06 22:17:00,765 [Worker-25: Launching Executing test in C__Users_Sumit_Desktop_New folder_Janatri] INFO  o.eclipse.m2e.core.internal.Bundles - 	Entry: C:\Users\Sumit\.p2\pool\plugins\org.eclipse.m2e.maven.runtime_3.9.900.20250220-2013\jars\maven-resolver-connector-basic-1.9.22.jar
2025-09-06 22:17:00,765 [Worker-25: Launching Executing test in C__Users_Sumit_Desktop_New folder_Janatri] INFO  o.eclipse.m2e.core.internal.Bundles - 	Entry: C:\Users\Sumit\.p2\pool\plugins\org.eclipse.m2e.maven.runtime_3.9.900.20250220-2013\jars\maven-resolver-impl-1.9.22.jar
2025-09-06 22:17:00,766 [Worker-25: Launching Executing test in C__Users_Sumit_Desktop_New folder_Janatri] INFO  o.eclipse.m2e.core.internal.Bundles - 	Entry: C:\Users\Sumit\.p2\pool\plugins\org.eclipse.m2e.maven.runtime_3.9.900.20250220-2013\jars\maven-resolver-named-locks-1.9.22.jar
2025-09-06 22:17:00,766 [Worker-25: Launching Executing test in C__Users_Sumit_Desktop_New folder_Janatri] INFO  o.eclipse.m2e.core.internal.Bundles - 	Entry: C:\Users\Sumit\.p2\pool\plugins\org.eclipse.m2e.maven.runtime_3.9.900.20250220-2013\jars\maven-resolver-provider-3.9.9.jar
2025-09-06 22:17:00,766 [Worker-25: Launching Executing test in C__Users_Sumit_Desktop_New folder_Janatri] INFO  o.eclipse.m2e.core.internal.Bundles - 	Entry: C:\Users\Sumit\.p2\pool\plugins\org.eclipse.m2e.maven.runtime_3.9.900.20250220-2013\jars\maven-resolver-spi-1.9.22.jar
2025-09-06 22:17:00,766 [Worker-25: Launching Executing test in C__Users_Sumit_Desktop_New folder_Janatri] INFO  o.eclipse.m2e.core.internal.Bundles - 	Entry: C:\Users\Sumit\.p2\pool\plugins\org.eclipse.m2e.maven.runtime_3.9.900.20250220-2013\jars\maven-resolver-transport-file-1.9.22.jar
2025-09-06 22:17:00,767 [Worker-25: Launching Executing test in C__Users_Sumit_Desktop_New folder_Janatri] INFO  o.eclipse.m2e.core.internal.Bundles - 	Entry: C:\Users\Sumit\.p2\pool\plugins\org.eclipse.m2e.maven.runtime_3.9.900.20250220-2013\jars\maven-resolver-transport-http-1.9.22.jar
2025-09-06 22:17:00,767 [Worker-25: Launching Executing test in C__Users_Sumit_Desktop_New folder_Janatri] INFO  o.eclipse.m2e.core.internal.Bundles - 	Entry: C:\Users\Sumit\.p2\pool\plugins\org.eclipse.m2e.maven.runtime_3.9.900.20250220-2013\jars\maven-resolver-transport-wagon-1.9.22.jar
2025-09-06 22:17:00,767 [Worker-25: Launching Executing test in C__Users_Sumit_Desktop_New folder_Janatri] INFO  o.eclipse.m2e.core.internal.Bundles - 	Entry: C:\Users\Sumit\.p2\pool\plugins\org.eclipse.m2e.maven.runtime_3.9.900.20250220-2013\jars\maven-resolver-util-1.9.22.jar
2025-09-06 22:17:00,767 [Worker-25: Launching Executing test in C__Users_Sumit_Desktop_New folder_Janatri] INFO  o.eclipse.m2e.core.internal.Bundles - 	Entry: C:\Users\Sumit\.p2\pool\plugins\org.eclipse.m2e.maven.runtime_3.9.900.20250220-2013\jars\maven-settings-3.9.9.jar
2025-09-06 22:17:00,767 [Worker-25: Launching Executing test in C__Users_Sumit_Desktop_New folder_Janatri] INFO  o.eclipse.m2e.core.internal.Bundles - 	Entry: C:\Users\Sumit\.p2\pool\plugins\org.eclipse.m2e.maven.runtime_3.9.900.20250220-2013\jars\maven-settings-builder-3.9.9.jar
2025-09-06 22:17:00,768 [Worker-25: Launching Executing test in C__Users_Sumit_Desktop_New folder_Janatri] INFO  o.eclipse.m2e.core.internal.Bundles - 	Entry: C:\Users\Sumit\.p2\pool\plugins\org.eclipse.m2e.maven.runtime_3.9.900.20250220-2013\jars\maven-shared-utils-3.4.2.jar
2025-09-06 22:17:00,769 [Worker-25: Launching Executing test in C__Users_Sumit_Desktop_New folder_Janatri] INFO  o.eclipse.m2e.core.internal.Bundles - 	Entry: C:\Users\Sumit\.p2\pool\plugins\org.eclipse.m2e.maven.runtime_3.9.900.20250220-2013\jars\org.eclipse.sisu.inject-0.9.0.M3.jar
2025-09-06 22:17:00,769 [Worker-25: Launching Executing test in C__Users_Sumit_Desktop_New folder_Janatri] INFO  o.eclipse.m2e.core.internal.Bundles - 	Entry: C:\Users\Sumit\.p2\pool\plugins\org.eclipse.m2e.maven.runtime_3.9.900.20250220-2013\jars\org.eclipse.sisu.plexus-0.9.0.M3.jar
2025-09-06 22:17:00,770 [Worker-25: Launching Executing test in C__Users_Sumit_Desktop_New folder_Janatri] INFO  o.eclipse.m2e.core.internal.Bundles - 	Entry: C:\Users\Sumit\.p2\pool\plugins\org.eclipse.m2e.maven.runtime_3.9.900.20250220-2013\jars\plexus-build-api-0.0.7.jar
2025-09-06 22:17:00,771 [Worker-25: Launching Executing test in C__Users_Sumit_Desktop_New folder_Janatri] INFO  o.eclipse.m2e.core.internal.Bundles - 	Entry: C:\Users\Sumit\.p2\pool\plugins\org.eclipse.m2e.maven.runtime_3.9.900.20250220-2013\jars\plexus-build-api-1.2.0.jar
2025-09-06 22:17:00,773 [Worker-25: Launching Executing test in C__Users_Sumit_Desktop_New folder_Janatri] INFO  o.eclipse.m2e.core.internal.Bundles - 	Entry: C:\Users\Sumit\.p2\pool\plugins\org.eclipse.m2e.maven.runtime_3.9.900.20250220-2013\jars\plexus-cipher-2.0.jar
2025-09-06 22:17:00,774 [Worker-25: Launching Executing test in C__Users_Sumit_Desktop_New folder_Janatri] INFO  o.eclipse.m2e.core.internal.Bundles - 	Entry: C:\Users\Sumit\.p2\pool\plugins\org.eclipse.m2e.maven.runtime_3.9.900.20250220-2013\jars\plexus-classworlds-2.8.0.jar
2025-09-06 22:17:00,774 [Worker-25: Launching Executing test in C__Users_Sumit_Desktop_New folder_Janatri] INFO  o.eclipse.m2e.core.internal.Bundles - 	Entry: C:\Users\Sumit\.p2\pool\plugins\org.eclipse.m2e.maven.runtime_3.9.900.20250220-2013\jars\plexus-component-annotations-2.1.0.jar
2025-09-06 22:17:00,775 [Worker-25: Launching Executing test in C__Users_Sumit_Desktop_New folder_Janatri] INFO  o.eclipse.m2e.core.internal.Bundles - 	Entry: C:\Users\Sumit\.p2\pool\plugins\org.eclipse.m2e.maven.runtime_3.9.900.20250220-2013\jars\plexus-interpolation-1.27.jar
2025-09-06 22:17:00,775 [Worker-25: Launching Executing test in C__Users_Sumit_Desktop_New folder_Janatri] INFO  o.eclipse.m2e.core.internal.Bundles - 	Entry: C:\Users\Sumit\.p2\pool\plugins\org.eclipse.m2e.maven.runtime_3.9.900.20250220-2013\jars\plexus-sec-dispatcher-2.0.jar
2025-09-06 22:17:00,776 [Worker-25: Launching Executing test in C__Users_Sumit_Desktop_New folder_Janatri] INFO  o.eclipse.m2e.core.internal.Bundles - 	Entry: C:\Users\Sumit\.p2\pool\plugins\org.eclipse.m2e.maven.runtime_3.9.900.20250220-2013\jars\plexus-utils-3.5.1.jar
2025-09-06 22:17:00,776 [Worker-25: Launching Executing test in C__Users_Sumit_Desktop_New folder_Janatri] INFO  o.eclipse.m2e.core.internal.Bundles - 	Entry: C:\Users\Sumit\.p2\pool\plugins\org.eclipse.m2e.maven.runtime_3.9.900.20250220-2013\jars\plexus-xml-3.0.1.jar
2025-09-06 22:17:00,777 [Worker-25: Launching Executing test in C__Users_Sumit_Desktop_New folder_Janatri] INFO  o.eclipse.m2e.core.internal.Bundles - 	Entry: C:\Users\Sumit\.p2\pool\plugins\org.eclipse.m2e.maven.runtime_3.9.900.20250220-2013\jars\wagon-file-3.5.3.jar
2025-09-06 22:17:00,777 [Worker-25: Launching Executing test in C__Users_Sumit_Desktop_New folder_Janatri] INFO  o.eclipse.m2e.core.internal.Bundles - 	Entry: C:\Users\Sumit\.p2\pool\plugins\org.eclipse.m2e.maven.runtime_3.9.900.20250220-2013\jars\wagon-http-3.5.3.jar
2025-09-06 22:17:00,777 [Worker-25: Launching Executing test in C__Users_Sumit_Desktop_New folder_Janatri] INFO  o.eclipse.m2e.core.internal.Bundles - 	Entry: C:\Users\Sumit\.p2\pool\plugins\org.eclipse.m2e.maven.runtime_3.9.900.20250220-2013\jars\wagon-http-shared-3.5.3.jar
2025-09-06 22:17:00,777 [Worker-25: Launching Executing test in C__Users_Sumit_Desktop_New folder_Janatri] INFO  o.eclipse.m2e.core.internal.Bundles - 	Entry: C:\Users\Sumit\.p2\pool\plugins\org.eclipse.m2e.maven.runtime_3.9.900.20250220-2013\jars\wagon-provider-api-3.5.3.jar
2025-09-06 22:17:00,778 [Worker-25: Launching Executing test in C__Users_Sumit_Desktop_New folder_Janatri] INFO  o.eclipse.m2e.core.internal.Bundles - getClasspathEntries(Bundle=com.google.guava_33.4.8.jre [18])
2025-09-06 22:17:00,778 [Worker-25: Launching Executing test in C__Users_Sumit_Desktop_New folder_Janatri] INFO  o.eclipse.m2e.core.internal.Bundles - 	Entry: C:\Users\Sumit\.p2\pool\plugins\com.google.guava_33.4.8.jre.jar
2025-09-06 22:17:00,778 [Worker-25: Launching Executing test in C__Users_Sumit_Desktop_New folder_Janatri] INFO  o.eclipse.m2e.core.internal.Bundles - getClasspathEntries(Bundle=slf4j.api_2.0.17 [1004])
2025-09-06 22:17:00,779 [Worker-25: Launching Executing test in C__Users_Sumit_Desktop_New folder_Janatri] INFO  o.eclipse.m2e.core.internal.Bundles - 	Entry: C:\Users\Sumit\.p2\pool\plugins\slf4j.api_2.0.17.jar
2025-09-06 22:17:00,779 [Worker-25: Launching Executing test in C__Users_Sumit_Desktop_New folder_Janatri] INFO  o.eclipse.m2e.core.internal.Bundles - getClasspathEntries(Bundle=jakarta.inject.jakarta.inject-api_1.0.5 [35])
2025-09-06 22:17:00,779 [Worker-25: Launching Executing test in C__Users_Sumit_Desktop_New folder_Janatri] INFO  o.eclipse.m2e.core.internal.Bundles - 	Entry: C:\Users\Sumit\.p2\pool\plugins\jakarta.inject.jakarta.inject-api_1.0.5.jar
2025-09-06 22:17:00,780 [Worker-25: Launching Executing test in C__Users_Sumit_Desktop_New folder_Janatri] INFO  o.eclipse.m2e.core.internal.Bundles - getClasspathEntries(Bundle=javax.annotation_1.3.5.v20200909-1856 [45])
2025-09-06 22:17:00,780 [Worker-25: Launching Executing test in C__Users_Sumit_Desktop_New folder_Janatri] INFO  o.eclipse.m2e.core.internal.Bundles - 	Entry: C:\Users\Sumit\.p2\pool\plugins\javax.annotation_1.3.5.v20200909-1856.jar
2025-09-06 22:17:00,780 [Worker-25: Launching Executing test in C__Users_Sumit_Desktop_New folder_Janatri] INFO  o.eclipse.m2e.core.internal.Bundles - getClasspathEntries(Bundle=org.apache.commons.cli_1.9.0 [76])
2025-09-06 22:17:00,781 [Worker-25: Launching Executing test in C__Users_Sumit_Desktop_New folder_Janatri] INFO  o.eclipse.m2e.core.internal.Bundles - 	Entry: C:\Users\Sumit\.p2\pool\plugins\org.apache.commons.cli_1.9.0.jar
2025-09-06 22:17:00,781 [Worker-25: Launching Executing test in C__Users_Sumit_Desktop_New folder_Janatri] INFO  o.eclipse.m2e.core.internal.Bundles - getClasspathEntries(Bundle=org.apache.commons.commons-codec_1.16.0 [78])
2025-09-06 22:17:00,781 [Worker-25: Launching Executing test in C__Users_Sumit_Desktop_New folder_Janatri] INFO  o.eclipse.m2e.core.internal.Bundles - 	Entry: C:\Users\Sumit\.p2\pool\plugins\org.apache.commons.commons-codec_1.16.0.jar
2025-09-06 22:17:00,781 [Worker-25: Launching Executing test in C__Users_Sumit_Desktop_New folder_Janatri] INFO  o.eclipse.m2e.core.internal.Bundles - getClasspathEntries(Bundle=com.google.guava.failureaccess_1.0.3 [19])
2025-09-06 22:17:00,782 [Worker-25: Launching Executing test in C__Users_Sumit_Desktop_New folder_Janatri] INFO  o.eclipse.m2e.core.internal.Bundles - 	Entry: C:\Users\Sumit\.p2\pool\plugins\com.google.guava.failureaccess_1.0.3.jar
2025-09-06 22:17:00,784 [Worker-25: Launching Executing test in C__Users_Sumit_Desktop_New folder_Janatri] INFO  o.e.m.i.launch.MavenLaunchDelegate - Run build in "C:\Users\Sumit\Desktop\New folder\Janatri":
2025-09-06 22:17:00,785 [Worker-25: Launching Executing test in C__Users_Sumit_Desktop_New folder_Janatri] INFO  o.e.m.i.launch.MavenLaunchDelegate -  mvn  -B -Dstyle.color=always test
2025-09-06 22:18:29,627 [Worker-25: Building] WARN  o.a.m.s.f.DefaultMavenResourcesFiltering - Using platform encoding (UTF-8 actually) to copy filtered resources, i.e. build is platform dependent!
2025-09-06 22:18:29,666 [Worker-25: Building] INFO  o.a.m.s.f.DefaultMavenResourcesFiltering - Copying 0 resource from src\main\resources to target\classes
2025-09-06 22:18:29,678 [Worker-25: Building] WARN  o.a.m.s.f.DefaultMavenResourcesFiltering - Using platform encoding (UTF-8 actually) to copy filtered resources, i.e. build is platform dependent!
2025-09-06 22:18:29,681 [Worker-25: Building] INFO  o.a.m.s.f.DefaultMavenResourcesFiltering - Copying 0 resource from src\test\resources to target\test-classes
2025-09-06 22:18:38,097 [Worker-25: Launching Executing test in C__Users_Sumit_Desktop_New folder_Janatri] INFO  o.eclipse.m2e.core.internal.Bundles - getClasspathEntries(Bundle=org.eclipse.m2e.maven.runtime_3.9.900.20250220-2013 [639])
2025-09-06 22:18:38,108 [Worker-25: Launching Executing test in C__Users_Sumit_Desktop_New folder_Janatri] INFO  o.eclipse.m2e.core.internal.Bundles - 	Entry: C:\Users\Sumit\.p2\pool\plugins\org.eclipse.m2e.maven.runtime_3.9.900.20250220-2013
2025-09-06 22:18:38,110 [Worker-25: Launching Executing test in C__Users_Sumit_Desktop_New folder_Janatri] INFO  o.eclipse.m2e.core.internal.Bundles - 	Entry: C:\Users\Sumit\.p2\pool\plugins\org.eclipse.m2e.maven.runtime_3.9.900.20250220-2013\jars\aopalliance-1.0.jar
2025-09-06 22:18:38,111 [Worker-25: Launching Executing test in C__Users_Sumit_Desktop_New folder_Janatri] INFO  o.eclipse.m2e.core.internal.Bundles - 	Entry: C:\Users\Sumit\.p2\pool\plugins\org.eclipse.m2e.maven.runtime_3.9.900.20250220-2013\jars\guice-5.1.0.jar
2025-09-06 22:18:38,111 [Worker-25: Launching Executing test in C__Users_Sumit_Desktop_New folder_Janatri] INFO  o.eclipse.m2e.core.internal.Bundles - 	Entry: C:\Users\Sumit\.p2\pool\plugins\org.eclipse.m2e.maven.runtime_3.9.900.20250220-2013\jars\httpclient-4.5.14.jar
2025-09-06 22:18:38,112 [Worker-25: Launching Executing test in C__Users_Sumit_Desktop_New folder_Janatri] INFO  o.eclipse.m2e.core.internal.Bundles - 	Entry: C:\Users\Sumit\.p2\pool\plugins\org.eclipse.m2e.maven.runtime_3.9.900.20250220-2013\jars\httpcore-4.4.16.jar
2025-09-06 22:18:38,113 [Worker-25: Launching Executing test in C__Users_Sumit_Desktop_New folder_Janatri] INFO  o.eclipse.m2e.core.internal.Bundles - 	Entry: C:\Users\Sumit\.p2\pool\plugins\org.eclipse.m2e.maven.runtime_3.9.900.20250220-2013\jars\jansi-2.4.1.jar
2025-09-06 22:18:38,113 [Worker-25: Launching Executing test in C__Users_Sumit_Desktop_New folder_Janatri] INFO  o.eclipse.m2e.core.internal.Bundles - 	Entry: C:\Users\Sumit\.p2\pool\plugins\org.eclipse.m2e.maven.runtime_3.9.900.20250220-2013\jars\jcl-over-slf4j-1.7.36.jar
2025-09-06 22:18:38,114 [Worker-25: Launching Executing test in C__Users_Sumit_Desktop_New folder_Janatri] INFO  o.eclipse.m2e.core.internal.Bundles - 	Entry: C:\Users\Sumit\.p2\pool\plugins\org.eclipse.m2e.maven.runtime_3.9.900.20250220-2013\jars\maven-artifact-3.9.9.jar
2025-09-06 22:18:38,114 [Worker-25: Launching Executing test in C__Users_Sumit_Desktop_New folder_Janatri] INFO  o.eclipse.m2e.core.internal.Bundles - 	Entry: C:\Users\Sumit\.p2\pool\plugins\org.eclipse.m2e.maven.runtime_3.9.900.20250220-2013\jars\maven-builder-support-3.9.9.jar
2025-09-06 22:18:38,114 [Worker-25: Launching Executing test in C__Users_Sumit_Desktop_New folder_Janatri] INFO  o.eclipse.m2e.core.internal.Bundles - 	Entry: C:\Users\Sumit\.p2\pool\plugins\org.eclipse.m2e.maven.runtime_3.9.900.20250220-2013\jars\maven-compat-3.9.9.jar
2025-09-06 22:18:38,115 [Worker-25: Launching Executing test in C__Users_Sumit_Desktop_New folder_Janatri] INFO  o.eclipse.m2e.core.internal.Bundles - 	Entry: C:\Users\Sumit\.p2\pool\plugins\org.eclipse.m2e.maven.runtime_3.9.900.20250220-2013\jars\maven-core-3.9.9.jar
2025-09-06 22:18:38,115 [Worker-25: Launching Executing test in C__Users_Sumit_Desktop_New folder_Janatri] INFO  o.eclipse.m2e.core.internal.Bundles - 	Entry: C:\Users\Sumit\.p2\pool\plugins\org.eclipse.m2e.maven.runtime_3.9.900.20250220-2013\jars\maven-embedder-3.9.9.jar
2025-09-06 22:18:38,116 [Worker-25: Launching Executing test in C__Users_Sumit_Desktop_New folder_Janatri] INFO  o.eclipse.m2e.core.internal.Bundles - 	Entry: C:\Users\Sumit\.p2\pool\plugins\org.eclipse.m2e.maven.runtime_3.9.900.20250220-2013\jars\maven-model-3.9.9.jar
2025-09-06 22:18:38,117 [Worker-25: Launching Executing test in C__Users_Sumit_Desktop_New folder_Janatri] INFO  o.eclipse.m2e.core.internal.Bundles - 	Entry: C:\Users\Sumit\.p2\pool\plugins\org.eclipse.m2e.maven.runtime_3.9.900.20250220-2013\jars\maven-model-builder-3.9.9.jar
2025-09-06 22:18:38,117 [Worker-25: Launching Executing test in C__Users_Sumit_Desktop_New folder_Janatri] INFO  o.eclipse.m2e.core.internal.Bundles - 	Entry: C:\Users\Sumit\.p2\pool\plugins\org.eclipse.m2e.maven.runtime_3.9.900.20250220-2013\jars\maven-plugin-api-3.9.9.jar
2025-09-06 22:18:38,117 [Worker-25: Launching Executing test in C__Users_Sumit_Desktop_New folder_Janatri] INFO  o.eclipse.m2e.core.internal.Bundles - 	Entry: C:\Users\Sumit\.p2\pool\plugins\org.eclipse.m2e.maven.runtime_3.9.900.20250220-2013\jars\maven-repository-metadata-3.9.9.jar
2025-09-06 22:18:38,118 [Worker-25: Launching Executing test in C__Users_Sumit_Desktop_New folder_Janatri] INFO  o.eclipse.m2e.core.internal.Bundles - 	Entry: C:\Users\Sumit\.p2\pool\plugins\org.eclipse.m2e.maven.runtime_3.9.900.20250220-2013\jars\maven-resolver-api-1.9.22.jar
2025-09-06 22:18:38,118 [Worker-25: Launching Executing test in C__Users_Sumit_Desktop_New folder_Janatri] INFO  o.eclipse.m2e.core.internal.Bundles - 	Entry: C:\Users\Sumit\.p2\pool\plugins\org.eclipse.m2e.maven.runtime_3.9.900.20250220-2013\jars\maven-resolver-connector-basic-1.9.22.jar
2025-09-06 22:18:38,119 [Worker-25: Launching Executing test in C__Users_Sumit_Desktop_New folder_Janatri] INFO  o.eclipse.m2e.core.internal.Bundles - 	Entry: C:\Users\Sumit\.p2\pool\plugins\org.eclipse.m2e.maven.runtime_3.9.900.20250220-2013\jars\maven-resolver-impl-1.9.22.jar
2025-09-06 22:18:38,119 [Worker-25: Launching Executing test in C__Users_Sumit_Desktop_New folder_Janatri] INFO  o.eclipse.m2e.core.internal.Bundles - 	Entry: C:\Users\Sumit\.p2\pool\plugins\org.eclipse.m2e.maven.runtime_3.9.900.20250220-2013\jars\maven-resolver-named-locks-1.9.22.jar
2025-09-06 22:18:38,120 [Worker-25: Launching Executing test in C__Users_Sumit_Desktop_New folder_Janatri] INFO  o.eclipse.m2e.core.internal.Bundles - 	Entry: C:\Users\Sumit\.p2\pool\plugins\org.eclipse.m2e.maven.runtime_3.9.900.20250220-2013\jars\maven-resolver-provider-3.9.9.jar
2025-09-06 22:18:38,121 [Worker-25: Launching Executing test in C__Users_Sumit_Desktop_New folder_Janatri] INFO  o.eclipse.m2e.core.internal.Bundles - 	Entry: C:\Users\Sumit\.p2\pool\plugins\org.eclipse.m2e.maven.runtime_3.9.900.20250220-2013\jars\maven-resolver-spi-1.9.22.jar
2025-09-06 22:18:38,122 [Worker-25: Launching Executing test in C__Users_Sumit_Desktop_New folder_Janatri] INFO  o.eclipse.m2e.core.internal.Bundles - 	Entry: C:\Users\Sumit\.p2\pool\plugins\org.eclipse.m2e.maven.runtime_3.9.900.20250220-2013\jars\maven-resolver-transport-file-1.9.22.jar
2025-09-06 22:18:38,124 [Worker-25: Launching Executing test in C__Users_Sumit_Desktop_New folder_Janatri] INFO  o.eclipse.m2e.core.internal.Bundles - 	Entry: C:\Users\Sumit\.p2\pool\plugins\org.eclipse.m2e.maven.runtime_3.9.900.20250220-2013\jars\maven-resolver-transport-http-1.9.22.jar
2025-09-06 22:18:38,124 [Worker-25: Launching Executing test in C__Users_Sumit_Desktop_New folder_Janatri] INFO  o.eclipse.m2e.core.internal.Bundles - 	Entry: C:\Users\Sumit\.p2\pool\plugins\org.eclipse.m2e.maven.runtime_3.9.900.20250220-2013\jars\maven-resolver-transport-wagon-1.9.22.jar
2025-09-06 22:18:38,125 [Worker-25: Launching Executing test in C__Users_Sumit_Desktop_New folder_Janatri] INFO  o.eclipse.m2e.core.internal.Bundles - 	Entry: C:\Users\Sumit\.p2\pool\plugins\org.eclipse.m2e.maven.runtime_3.9.900.20250220-2013\jars\maven-resolver-util-1.9.22.jar
2025-09-06 22:18:38,125 [Worker-25: Launching Executing test in C__Users_Sumit_Desktop_New folder_Janatri] INFO  o.eclipse.m2e.core.internal.Bundles - 	Entry: C:\Users\Sumit\.p2\pool\plugins\org.eclipse.m2e.maven.runtime_3.9.900.20250220-2013\jars\maven-settings-3.9.9.jar
2025-09-06 22:18:38,126 [Worker-25: Launching Executing test in C__Users_Sumit_Desktop_New folder_Janatri] INFO  o.eclipse.m2e.core.internal.Bundles - 	Entry: C:\Users\Sumit\.p2\pool\plugins\org.eclipse.m2e.maven.runtime_3.9.900.20250220-2013\jars\maven-settings-builder-3.9.9.jar
2025-09-06 22:18:38,127 [Worker-25: Launching Executing test in C__Users_Sumit_Desktop_New folder_Janatri] INFO  o.eclipse.m2e.core.internal.Bundles - 	Entry: C:\Users\Sumit\.p2\pool\plugins\org.eclipse.m2e.maven.runtime_3.9.900.20250220-2013\jars\maven-shared-utils-3.4.2.jar
2025-09-06 22:18:38,127 [Worker-25: Launching Executing test in C__Users_Sumit_Desktop_New folder_Janatri] INFO  o.eclipse.m2e.core.internal.Bundles - 	Entry: C:\Users\Sumit\.p2\pool\plugins\org.eclipse.m2e.maven.runtime_3.9.900.20250220-2013\jars\org.eclipse.sisu.inject-0.9.0.M3.jar
2025-09-06 22:18:38,127 [Worker-25: Launching Executing test in C__Users_Sumit_Desktop_New folder_Janatri] INFO  o.eclipse.m2e.core.internal.Bundles - 	Entry: C:\Users\Sumit\.p2\pool\plugins\org.eclipse.m2e.maven.runtime_3.9.900.20250220-2013\jars\org.eclipse.sisu.plexus-0.9.0.M3.jar
2025-09-06 22:18:38,127 [Worker-25: Launching Executing test in C__Users_Sumit_Desktop_New folder_Janatri] INFO  o.eclipse.m2e.core.internal.Bundles - 	Entry: C:\Users\Sumit\.p2\pool\plugins\org.eclipse.m2e.maven.runtime_3.9.900.20250220-2013\jars\plexus-build-api-0.0.7.jar
2025-09-06 22:18:38,127 [Worker-25: Launching Executing test in C__Users_Sumit_Desktop_New folder_Janatri] INFO  o.eclipse.m2e.core.internal.Bundles - 	Entry: C:\Users\Sumit\.p2\pool\plugins\org.eclipse.m2e.maven.runtime_3.9.900.20250220-2013\jars\plexus-build-api-1.2.0.jar
2025-09-06 22:18:38,128 [Worker-25: Launching Executing test in C__Users_Sumit_Desktop_New folder_Janatri] INFO  o.eclipse.m2e.core.internal.Bundles - 	Entry: C:\Users\Sumit\.p2\pool\plugins\org.eclipse.m2e.maven.runtime_3.9.900.20250220-2013\jars\plexus-cipher-2.0.jar
2025-09-06 22:18:38,128 [Worker-25: Launching Executing test in C__Users_Sumit_Desktop_New folder_Janatri] INFO  o.eclipse.m2e.core.internal.Bundles - 	Entry: C:\Users\Sumit\.p2\pool\plugins\org.eclipse.m2e.maven.runtime_3.9.900.20250220-2013\jars\plexus-classworlds-2.8.0.jar
2025-09-06 22:18:38,128 [Worker-25: Launching Executing test in C__Users_Sumit_Desktop_New folder_Janatri] INFO  o.eclipse.m2e.core.internal.Bundles - 	Entry: C:\Users\Sumit\.p2\pool\plugins\org.eclipse.m2e.maven.runtime_3.9.900.20250220-2013\jars\plexus-component-annotations-2.1.0.jar
2025-09-06 22:18:38,128 [Worker-25: Launching Executing test in C__Users_Sumit_Desktop_New folder_Janatri] INFO  o.eclipse.m2e.core.internal.Bundles - 	Entry: C:\Users\Sumit\.p2\pool\plugins\org.eclipse.m2e.maven.runtime_3.9.900.20250220-2013\jars\plexus-interpolation-1.27.jar
2025-09-06 22:18:38,129 [Worker-25: Launching Executing test in C__Users_Sumit_Desktop_New folder_Janatri] INFO  o.eclipse.m2e.core.internal.Bundles - 	Entry: C:\Users\Sumit\.p2\pool\plugins\org.eclipse.m2e.maven.runtime_3.9.900.20250220-2013\jars\plexus-sec-dispatcher-2.0.jar
2025-09-06 22:18:38,129 [Worker-25: Launching Executing test in C__Users_Sumit_Desktop_New folder_Janatri] INFO  o.eclipse.m2e.core.internal.Bundles - 	Entry: C:\Users\Sumit\.p2\pool\plugins\org.eclipse.m2e.maven.runtime_3.9.900.20250220-2013\jars\plexus-utils-3.5.1.jar
2025-09-06 22:18:38,129 [Worker-25: Launching Executing test in C__Users_Sumit_Desktop_New folder_Janatri] INFO  o.eclipse.m2e.core.internal.Bundles - 	Entry: C:\Users\Sumit\.p2\pool\plugins\org.eclipse.m2e.maven.runtime_3.9.900.20250220-2013\jars\plexus-xml-3.0.1.jar
2025-09-06 22:18:38,129 [Worker-25: Launching Executing test in C__Users_Sumit_Desktop_New folder_Janatri] INFO  o.eclipse.m2e.core.internal.Bundles - 	Entry: C:\Users\Sumit\.p2\pool\plugins\org.eclipse.m2e.maven.runtime_3.9.900.20250220-2013\jars\wagon-file-3.5.3.jar
2025-09-06 22:18:38,129 [Worker-25: Launching Executing test in C__Users_Sumit_Desktop_New folder_Janatri] INFO  o.eclipse.m2e.core.internal.Bundles - 	Entry: C:\Users\Sumit\.p2\pool\plugins\org.eclipse.m2e.maven.runtime_3.9.900.20250220-2013\jars\wagon-http-3.5.3.jar
2025-09-06 22:18:38,130 [Worker-25: Launching Executing test in C__Users_Sumit_Desktop_New folder_Janatri] INFO  o.eclipse.m2e.core.internal.Bundles - 	Entry: C:\Users\Sumit\.p2\pool\plugins\org.eclipse.m2e.maven.runtime_3.9.900.20250220-2013\jars\wagon-http-shared-3.5.3.jar
2025-09-06 22:18:38,130 [Worker-25: Launching Executing test in C__Users_Sumit_Desktop_New folder_Janatri] INFO  o.eclipse.m2e.core.internal.Bundles - 	Entry: C:\Users\Sumit\.p2\pool\plugins\org.eclipse.m2e.maven.runtime_3.9.900.20250220-2013\jars\wagon-provider-api-3.5.3.jar
2025-09-06 22:18:38,132 [Worker-25: Launching Executing test in C__Users_Sumit_Desktop_New folder_Janatri] INFO  o.eclipse.m2e.core.internal.Bundles - getClasspathEntries(Bundle=com.google.guava_33.4.8.jre [18])
2025-09-06 22:18:38,132 [Worker-25: Launching Executing test in C__Users_Sumit_Desktop_New folder_Janatri] INFO  o.eclipse.m2e.core.internal.Bundles - 	Entry: C:\Users\Sumit\.p2\pool\plugins\com.google.guava_33.4.8.jre.jar
2025-09-06 22:18:38,132 [Worker-25: Launching Executing test in C__Users_Sumit_Desktop_New folder_Janatri] INFO  o.eclipse.m2e.core.internal.Bundles - getClasspathEntries(Bundle=slf4j.api_2.0.17 [1004])
2025-09-06 22:18:38,133 [Worker-25: Launching Executing test in C__Users_Sumit_Desktop_New folder_Janatri] INFO  o.eclipse.m2e.core.internal.Bundles - 	Entry: C:\Users\Sumit\.p2\pool\plugins\slf4j.api_2.0.17.jar
2025-09-06 22:18:38,133 [Worker-25: Launching Executing test in C__Users_Sumit_Desktop_New folder_Janatri] INFO  o.eclipse.m2e.core.internal.Bundles - getClasspathEntries(Bundle=jakarta.inject.jakarta.inject-api_1.0.5 [35])
2025-09-06 22:18:38,134 [Worker-25: Launching Executing test in C__Users_Sumit_Desktop_New folder_Janatri] INFO  o.eclipse.m2e.core.internal.Bundles - 	Entry: C:\Users\Sumit\.p2\pool\plugins\jakarta.inject.jakarta.inject-api_1.0.5.jar
2025-09-06 22:18:38,134 [Worker-25: Launching Executing test in C__Users_Sumit_Desktop_New folder_Janatri] INFO  o.eclipse.m2e.core.internal.Bundles - getClasspathEntries(Bundle=javax.annotation_1.3.5.v20200909-1856 [45])
2025-09-06 22:18:38,134 [Worker-25: Launching Executing test in C__Users_Sumit_Desktop_New folder_Janatri] INFO  o.eclipse.m2e.core.internal.Bundles - 	Entry: C:\Users\Sumit\.p2\pool\plugins\javax.annotation_1.3.5.v20200909-1856.jar
2025-09-06 22:18:38,134 [Worker-25: Launching Executing test in C__Users_Sumit_Desktop_New folder_Janatri] INFO  o.eclipse.m2e.core.internal.Bundles - getClasspathEntries(Bundle=org.apache.commons.cli_1.9.0 [76])
2025-09-06 22:18:38,135 [Worker-25: Launching Executing test in C__Users_Sumit_Desktop_New folder_Janatri] INFO  o.eclipse.m2e.core.internal.Bundles - 	Entry: C:\Users\Sumit\.p2\pool\plugins\org.apache.commons.cli_1.9.0.jar
2025-09-06 22:18:38,136 [Worker-25: Launching Executing test in C__Users_Sumit_Desktop_New folder_Janatri] INFO  o.eclipse.m2e.core.internal.Bundles - getClasspathEntries(Bundle=org.apache.commons.commons-codec_1.16.0 [78])
2025-09-06 22:18:38,137 [Worker-25: Launching Executing test in C__Users_Sumit_Desktop_New folder_Janatri] INFO  o.eclipse.m2e.core.internal.Bundles - 	Entry: C:\Users\Sumit\.p2\pool\plugins\org.apache.commons.commons-codec_1.16.0.jar
2025-09-06 22:18:38,138 [Worker-25: Launching Executing test in C__Users_Sumit_Desktop_New folder_Janatri] INFO  o.eclipse.m2e.core.internal.Bundles - getClasspathEntries(Bundle=com.google.guava.failureaccess_1.0.3 [19])
2025-09-06 22:18:38,139 [Worker-25: Launching Executing test in C__Users_Sumit_Desktop_New folder_Janatri] INFO  o.eclipse.m2e.core.internal.Bundles - 	Entry: C:\Users\Sumit\.p2\pool\plugins\com.google.guava.failureaccess_1.0.3.jar
2025-09-06 22:18:38,148 [Worker-25: Launching Executing test in C__Users_Sumit_Desktop_New folder_Janatri] INFO  o.e.m.i.launch.MavenLaunchDelegate - Run build in "C:\Users\Sumit\Desktop\New folder\Janatri":
2025-09-06 22:18:38,148 [Worker-25: Launching Executing test in C__Users_Sumit_Desktop_New folder_Janatri] INFO  o.e.m.i.launch.MavenLaunchDelegate -  mvn  -B -Dstyle.color=always test
2025-09-06 22:23:54,090 [Worker-26: Building] WARN  o.a.m.s.f.DefaultMavenResourcesFiltering - Using platform encoding (UTF-8 actually) to copy filtered resources, i.e. build is platform dependent!
2025-09-06 22:23:54,136 [Worker-26: Building] INFO  o.a.m.s.f.DefaultMavenResourcesFiltering - Copying 0 resource from src\main\resources to target\classes
2025-09-06 22:23:54,147 [Worker-26: Building] WARN  o.a.m.s.f.DefaultMavenResourcesFiltering - Using platform encoding (UTF-8 actually) to copy filtered resources, i.e. build is platform dependent!
2025-09-06 22:23:54,149 [Worker-26: Building] INFO  o.a.m.s.f.DefaultMavenResourcesFiltering - Copying 0 resource from src\test\resources to target\test-classes
2025-09-06 22:24:09,557 [Worker-27: Launching Executing test in C__Users_Sumit_Desktop_New folder_Janatri] INFO  o.eclipse.m2e.core.internal.Bundles - getClasspathEntries(Bundle=org.eclipse.m2e.maven.runtime_3.9.900.20250220-2013 [639])
2025-09-06 22:24:09,564 [Worker-27: Launching Executing test in C__Users_Sumit_Desktop_New folder_Janatri] INFO  o.eclipse.m2e.core.internal.Bundles - 	Entry: C:\Users\Sumit\.p2\pool\plugins\org.eclipse.m2e.maven.runtime_3.9.900.20250220-2013
2025-09-06 22:24:09,566 [Worker-27: Launching Executing test in C__Users_Sumit_Desktop_New folder_Janatri] INFO  o.eclipse.m2e.core.internal.Bundles - 	Entry: C:\Users\Sumit\.p2\pool\plugins\org.eclipse.m2e.maven.runtime_3.9.900.20250220-2013\jars\aopalliance-1.0.jar
2025-09-06 22:24:09,566 [Worker-27: Launching Executing test in C__Users_Sumit_Desktop_New folder_Janatri] INFO  o.eclipse.m2e.core.internal.Bundles - 	Entry: C:\Users\Sumit\.p2\pool\plugins\org.eclipse.m2e.maven.runtime_3.9.900.20250220-2013\jars\guice-5.1.0.jar
2025-09-06 22:24:09,566 [Worker-27: Launching Executing test in C__Users_Sumit_Desktop_New folder_Janatri] INFO  o.eclipse.m2e.core.internal.Bundles - 	Entry: C:\Users\Sumit\.p2\pool\plugins\org.eclipse.m2e.maven.runtime_3.9.900.20250220-2013\jars\httpclient-4.5.14.jar
2025-09-06 22:24:09,566 [Worker-27: Launching Executing test in C__Users_Sumit_Desktop_New folder_Janatri] INFO  o.eclipse.m2e.core.internal.Bundles - 	Entry: C:\Users\Sumit\.p2\pool\plugins\org.eclipse.m2e.maven.runtime_3.9.900.20250220-2013\jars\httpcore-4.4.16.jar
2025-09-06 22:24:09,566 [Worker-27: Launching Executing test in C__Users_Sumit_Desktop_New folder_Janatri] INFO  o.eclipse.m2e.core.internal.Bundles - 	Entry: C:\Users\Sumit\.p2\pool\plugins\org.eclipse.m2e.maven.runtime_3.9.900.20250220-2013\jars\jansi-2.4.1.jar
2025-09-06 22:24:09,567 [Worker-27: Launching Executing test in C__Users_Sumit_Desktop_New folder_Janatri] INFO  o.eclipse.m2e.core.internal.Bundles - 	Entry: C:\Users\Sumit\.p2\pool\plugins\org.eclipse.m2e.maven.runtime_3.9.900.20250220-2013\jars\jcl-over-slf4j-1.7.36.jar
2025-09-06 22:24:09,567 [Worker-27: Launching Executing test in C__Users_Sumit_Desktop_New folder_Janatri] INFO  o.eclipse.m2e.core.internal.Bundles - 	Entry: C:\Users\Sumit\.p2\pool\plugins\org.eclipse.m2e.maven.runtime_3.9.900.20250220-2013\jars\maven-artifact-3.9.9.jar
2025-09-06 22:24:09,568 [Worker-27: Launching Executing test in C__Users_Sumit_Desktop_New folder_Janatri] INFO  o.eclipse.m2e.core.internal.Bundles - 	Entry: C:\Users\Sumit\.p2\pool\plugins\org.eclipse.m2e.maven.runtime_3.9.900.20250220-2013\jars\maven-builder-support-3.9.9.jar
2025-09-06 22:24:09,569 [Worker-27: Launching Executing test in C__Users_Sumit_Desktop_New folder_Janatri] INFO  o.eclipse.m2e.core.internal.Bundles - 	Entry: C:\Users\Sumit\.p2\pool\plugins\org.eclipse.m2e.maven.runtime_3.9.900.20250220-2013\jars\maven-compat-3.9.9.jar
2025-09-06 22:24:09,569 [Worker-27: Launching Executing test in C__Users_Sumit_Desktop_New folder_Janatri] INFO  o.eclipse.m2e.core.internal.Bundles - 	Entry: C:\Users\Sumit\.p2\pool\plugins\org.eclipse.m2e.maven.runtime_3.9.900.20250220-2013\jars\maven-core-3.9.9.jar
2025-09-06 22:24:09,569 [Worker-27: Launching Executing test in C__Users_Sumit_Desktop_New folder_Janatri] INFO  o.eclipse.m2e.core.internal.Bundles - 	Entry: C:\Users\Sumit\.p2\pool\plugins\org.eclipse.m2e.maven.runtime_3.9.900.20250220-2013\jars\maven-embedder-3.9.9.jar
2025-09-06 22:24:09,570 [Worker-27: Launching Executing test in C__Users_Sumit_Desktop_New folder_Janatri] INFO  o.eclipse.m2e.core.internal.Bundles - 	Entry: C:\Users\Sumit\.p2\pool\plugins\org.eclipse.m2e.maven.runtime_3.9.900.20250220-2013\jars\maven-model-3.9.9.jar
2025-09-06 22:24:09,574 [Worker-27: Launching Executing test in C__Users_Sumit_Desktop_New folder_Janatri] INFO  o.eclipse.m2e.core.internal.Bundles - 	Entry: C:\Users\Sumit\.p2\pool\plugins\org.eclipse.m2e.maven.runtime_3.9.900.20250220-2013\jars\maven-model-builder-3.9.9.jar
2025-09-06 22:24:09,574 [Worker-27: Launching Executing test in C__Users_Sumit_Desktop_New folder_Janatri] INFO  o.eclipse.m2e.core.internal.Bundles - 	Entry: C:\Users\Sumit\.p2\pool\plugins\org.eclipse.m2e.maven.runtime_3.9.900.20250220-2013\jars\maven-plugin-api-3.9.9.jar
2025-09-06 22:24:09,574 [Worker-27: Launching Executing test in C__Users_Sumit_Desktop_New folder_Janatri] INFO  o.eclipse.m2e.core.internal.Bundles - 	Entry: C:\Users\Sumit\.p2\pool\plugins\org.eclipse.m2e.maven.runtime_3.9.900.20250220-2013\jars\maven-repository-metadata-3.9.9.jar
2025-09-06 22:24:09,575 [Worker-27: Launching Executing test in C__Users_Sumit_Desktop_New folder_Janatri] INFO  o.eclipse.m2e.core.internal.Bundles - 	Entry: C:\Users\Sumit\.p2\pool\plugins\org.eclipse.m2e.maven.runtime_3.9.900.20250220-2013\jars\maven-resolver-api-1.9.22.jar
2025-09-06 22:24:09,577 [Worker-27: Launching Executing test in C__Users_Sumit_Desktop_New folder_Janatri] INFO  o.eclipse.m2e.core.internal.Bundles - 	Entry: C:\Users\Sumit\.p2\pool\plugins\org.eclipse.m2e.maven.runtime_3.9.900.20250220-2013\jars\maven-resolver-connector-basic-1.9.22.jar
2025-09-06 22:24:09,577 [Worker-27: Launching Executing test in C__Users_Sumit_Desktop_New folder_Janatri] INFO  o.eclipse.m2e.core.internal.Bundles - 	Entry: C:\Users\Sumit\.p2\pool\plugins\org.eclipse.m2e.maven.runtime_3.9.900.20250220-2013\jars\maven-resolver-impl-1.9.22.jar
2025-09-06 22:24:09,577 [Worker-27: Launching Executing test in C__Users_Sumit_Desktop_New folder_Janatri] INFO  o.eclipse.m2e.core.internal.Bundles - 	Entry: C:\Users\Sumit\.p2\pool\plugins\org.eclipse.m2e.maven.runtime_3.9.900.20250220-2013\jars\maven-resolver-named-locks-1.9.22.jar
2025-09-06 22:24:09,578 [Worker-27: Launching Executing test in C__Users_Sumit_Desktop_New folder_Janatri] INFO  o.eclipse.m2e.core.internal.Bundles - 	Entry: C:\Users\Sumit\.p2\pool\plugins\org.eclipse.m2e.maven.runtime_3.9.900.20250220-2013\jars\maven-resolver-provider-3.9.9.jar
2025-09-06 22:24:09,578 [Worker-27: Launching Executing test in C__Users_Sumit_Desktop_New folder_Janatri] INFO  o.eclipse.m2e.core.internal.Bundles - 	Entry: C:\Users\Sumit\.p2\pool\plugins\org.eclipse.m2e.maven.runtime_3.9.900.20250220-2013\jars\maven-resolver-spi-1.9.22.jar
2025-09-06 22:24:09,579 [Worker-27: Launching Executing test in C__Users_Sumit_Desktop_New folder_Janatri] INFO  o.eclipse.m2e.core.internal.Bundles - 	Entry: C:\Users\Sumit\.p2\pool\plugins\org.eclipse.m2e.maven.runtime_3.9.900.20250220-2013\jars\maven-resolver-transport-file-1.9.22.jar
2025-09-06 22:24:09,580 [Worker-27: Launching Executing test in C__Users_Sumit_Desktop_New folder_Janatri] INFO  o.eclipse.m2e.core.internal.Bundles - 	Entry: C:\Users\Sumit\.p2\pool\plugins\org.eclipse.m2e.maven.runtime_3.9.900.20250220-2013\jars\maven-resolver-transport-http-1.9.22.jar
2025-09-06 22:24:09,580 [Worker-27: Launching Executing test in C__Users_Sumit_Desktop_New folder_Janatri] INFO  o.eclipse.m2e.core.internal.Bundles - 	Entry: C:\Users\Sumit\.p2\pool\plugins\org.eclipse.m2e.maven.runtime_3.9.900.20250220-2013\jars\maven-resolver-transport-wagon-1.9.22.jar
2025-09-06 22:24:09,580 [Worker-27: Launching Executing test in C__Users_Sumit_Desktop_New folder_Janatri] INFO  o.eclipse.m2e.core.internal.Bundles - 	Entry: C:\Users\Sumit\.p2\pool\plugins\org.eclipse.m2e.maven.runtime_3.9.900.20250220-2013\jars\maven-resolver-util-1.9.22.jar
2025-09-06 22:24:09,580 [Worker-27: Launching Executing test in C__Users_Sumit_Desktop_New folder_Janatri] INFO  o.eclipse.m2e.core.internal.Bundles - 	Entry: C:\Users\Sumit\.p2\pool\plugins\org.eclipse.m2e.maven.runtime_3.9.900.20250220-2013\jars\maven-settings-3.9.9.jar
2025-09-06 22:24:09,581 [Worker-27: Launching Executing test in C__Users_Sumit_Desktop_New folder_Janatri] INFO  o.eclipse.m2e.core.internal.Bundles - 	Entry: C:\Users\Sumit\.p2\pool\plugins\org.eclipse.m2e.maven.runtime_3.9.900.20250220-2013\jars\maven-settings-builder-3.9.9.jar
2025-09-06 22:24:09,581 [Worker-27: Launching Executing test in C__Users_Sumit_Desktop_New folder_Janatri] INFO  o.eclipse.m2e.core.internal.Bundles - 	Entry: C:\Users\Sumit\.p2\pool\plugins\org.eclipse.m2e.maven.runtime_3.9.900.20250220-2013\jars\maven-shared-utils-3.4.2.jar
2025-09-06 22:24:09,581 [Worker-27: Launching Executing test in C__Users_Sumit_Desktop_New folder_Janatri] INFO  o.eclipse.m2e.core.internal.Bundles - 	Entry: C:\Users\Sumit\.p2\pool\plugins\org.eclipse.m2e.maven.runtime_3.9.900.20250220-2013\jars\org.eclipse.sisu.inject-0.9.0.M3.jar
2025-09-06 22:24:09,582 [Worker-27: Launching Executing test in C__Users_Sumit_Desktop_New folder_Janatri] INFO  o.eclipse.m2e.core.internal.Bundles - 	Entry: C:\Users\Sumit\.p2\pool\plugins\org.eclipse.m2e.maven.runtime_3.9.900.20250220-2013\jars\org.eclipse.sisu.plexus-0.9.0.M3.jar
2025-09-06 22:24:09,582 [Worker-27: Launching Executing test in C__Users_Sumit_Desktop_New folder_Janatri] INFO  o.eclipse.m2e.core.internal.Bundles - 	Entry: C:\Users\Sumit\.p2\pool\plugins\org.eclipse.m2e.maven.runtime_3.9.900.20250220-2013\jars\plexus-build-api-0.0.7.jar
2025-09-06 22:24:09,582 [Worker-27: Launching Executing test in C__Users_Sumit_Desktop_New folder_Janatri] INFO  o.eclipse.m2e.core.internal.Bundles - 	Entry: C:\Users\Sumit\.p2\pool\plugins\org.eclipse.m2e.maven.runtime_3.9.900.20250220-2013\jars\plexus-build-api-1.2.0.jar
2025-09-06 22:24:09,583 [Worker-27: Launching Executing test in C__Users_Sumit_Desktop_New folder_Janatri] INFO  o.eclipse.m2e.core.internal.Bundles - 	Entry: C:\Users\Sumit\.p2\pool\plugins\org.eclipse.m2e.maven.runtime_3.9.900.20250220-2013\jars\plexus-cipher-2.0.jar
2025-09-06 22:24:09,583 [Worker-27: Launching Executing test in C__Users_Sumit_Desktop_New folder_Janatri] INFO  o.eclipse.m2e.core.internal.Bundles - 	Entry: C:\Users\Sumit\.p2\pool\plugins\org.eclipse.m2e.maven.runtime_3.9.900.20250220-2013\jars\plexus-classworlds-2.8.0.jar
2025-09-06 22:24:09,584 [Worker-27: Launching Executing test in C__Users_Sumit_Desktop_New folder_Janatri] INFO  o.eclipse.m2e.core.internal.Bundles - 	Entry: C:\Users\Sumit\.p2\pool\plugins\org.eclipse.m2e.maven.runtime_3.9.900.20250220-2013\jars\plexus-component-annotations-2.1.0.jar
2025-09-06 22:24:09,585 [Worker-27: Launching Executing test in C__Users_Sumit_Desktop_New folder_Janatri] INFO  o.eclipse.m2e.core.internal.Bundles - 	Entry: C:\Users\Sumit\.p2\pool\plugins\org.eclipse.m2e.maven.runtime_3.9.900.20250220-2013\jars\plexus-interpolation-1.27.jar
2025-09-06 22:24:09,585 [Worker-27: Launching Executing test in C__Users_Sumit_Desktop_New folder_Janatri] INFO  o.eclipse.m2e.core.internal.Bundles - 	Entry: C:\Users\Sumit\.p2\pool\plugins\org.eclipse.m2e.maven.runtime_3.9.900.20250220-2013\jars\plexus-sec-dispatcher-2.0.jar
2025-09-06 22:24:09,585 [Worker-27: Launching Executing test in C__Users_Sumit_Desktop_New folder_Janatri] INFO  o.eclipse.m2e.core.internal.Bundles - 	Entry: C:\Users\Sumit\.p2\pool\plugins\org.eclipse.m2e.maven.runtime_3.9.900.20250220-2013\jars\plexus-utils-3.5.1.jar
2025-09-06 22:24:09,585 [Worker-27: Launching Executing test in C__Users_Sumit_Desktop_New folder_Janatri] INFO  o.eclipse.m2e.core.internal.Bundles - 	Entry: C:\Users\Sumit\.p2\pool\plugins\org.eclipse.m2e.maven.runtime_3.9.900.20250220-2013\jars\plexus-xml-3.0.1.jar
2025-09-06 22:24:09,585 [Worker-27: Launching Executing test in C__Users_Sumit_Desktop_New folder_Janatri] INFO  o.eclipse.m2e.core.internal.Bundles - 	Entry: C:\Users\Sumit\.p2\pool\plugins\org.eclipse.m2e.maven.runtime_3.9.900.20250220-2013\jars\wagon-file-3.5.3.jar
2025-09-06 22:24:09,585 [Worker-27: Launching Executing test in C__Users_Sumit_Desktop_New folder_Janatri] INFO  o.eclipse.m2e.core.internal.Bundles - 	Entry: C:\Users\Sumit\.p2\pool\plugins\org.eclipse.m2e.maven.runtime_3.9.900.20250220-2013\jars\wagon-http-3.5.3.jar
2025-09-06 22:24:09,586 [Worker-27: Launching Executing test in C__Users_Sumit_Desktop_New folder_Janatri] INFO  o.eclipse.m2e.core.internal.Bundles - 	Entry: C:\Users\Sumit\.p2\pool\plugins\org.eclipse.m2e.maven.runtime_3.9.900.20250220-2013\jars\wagon-http-shared-3.5.3.jar
2025-09-06 22:24:09,586 [Worker-27: Launching Executing test in C__Users_Sumit_Desktop_New folder_Janatri] INFO  o.eclipse.m2e.core.internal.Bundles - 	Entry: C:\Users\Sumit\.p2\pool\plugins\org.eclipse.m2e.maven.runtime_3.9.900.20250220-2013\jars\wagon-provider-api-3.5.3.jar
2025-09-06 22:24:09,588 [Worker-27: Launching Executing test in C__Users_Sumit_Desktop_New folder_Janatri] INFO  o.eclipse.m2e.core.internal.Bundles - getClasspathEntries(Bundle=com.google.guava_33.4.8.jre [18])
2025-09-06 22:24:09,591 [Worker-27: Launching Executing test in C__Users_Sumit_Desktop_New folder_Janatri] INFO  o.eclipse.m2e.core.internal.Bundles - 	Entry: C:\Users\Sumit\.p2\pool\plugins\com.google.guava_33.4.8.jre.jar
2025-09-06 22:24:09,591 [Worker-27: Launching Executing test in C__Users_Sumit_Desktop_New folder_Janatri] INFO  o.eclipse.m2e.core.internal.Bundles - getClasspathEntries(Bundle=slf4j.api_2.0.17 [1004])
2025-09-06 22:24:09,593 [Worker-27: Launching Executing test in C__Users_Sumit_Desktop_New folder_Janatri] INFO  o.eclipse.m2e.core.internal.Bundles - 	Entry: C:\Users\Sumit\.p2\pool\plugins\slf4j.api_2.0.17.jar
2025-09-06 22:24:09,593 [Worker-27: Launching Executing test in C__Users_Sumit_Desktop_New folder_Janatri] INFO  o.eclipse.m2e.core.internal.Bundles - getClasspathEntries(Bundle=jakarta.inject.jakarta.inject-api_1.0.5 [35])
2025-09-06 22:24:09,594 [Worker-27: Launching Executing test in C__Users_Sumit_Desktop_New folder_Janatri] INFO  o.eclipse.m2e.core.internal.Bundles - 	Entry: C:\Users\Sumit\.p2\pool\plugins\jakarta.inject.jakarta.inject-api_1.0.5.jar
2025-09-06 22:24:09,594 [Worker-27: Launching Executing test in C__Users_Sumit_Desktop_New folder_Janatri] INFO  o.eclipse.m2e.core.internal.Bundles - getClasspathEntries(Bundle=javax.annotation_1.3.5.v20200909-1856 [45])
2025-09-06 22:24:09,595 [Worker-27: Launching Executing test in C__Users_Sumit_Desktop_New folder_Janatri] INFO  o.eclipse.m2e.core.internal.Bundles - 	Entry: C:\Users\Sumit\.p2\pool\plugins\javax.annotation_1.3.5.v20200909-1856.jar
2025-09-06 22:24:09,595 [Worker-27: Launching Executing test in C__Users_Sumit_Desktop_New folder_Janatri] INFO  o.eclipse.m2e.core.internal.Bundles - getClasspathEntries(Bundle=org.apache.commons.cli_1.9.0 [76])
2025-09-06 22:24:09,596 [Worker-27: Launching Executing test in C__Users_Sumit_Desktop_New folder_Janatri] INFO  o.eclipse.m2e.core.internal.Bundles - 	Entry: C:\Users\Sumit\.p2\pool\plugins\org.apache.commons.cli_1.9.0.jar
2025-09-06 22:24:09,596 [Worker-27: Launching Executing test in C__Users_Sumit_Desktop_New folder_Janatri] INFO  o.eclipse.m2e.core.internal.Bundles - getClasspathEntries(Bundle=org.apache.commons.commons-codec_1.16.0 [78])
2025-09-06 22:24:09,598 [Worker-27: Launching Executing test in C__Users_Sumit_Desktop_New folder_Janatri] INFO  o.eclipse.m2e.core.internal.Bundles - 	Entry: C:\Users\Sumit\.p2\pool\plugins\org.apache.commons.commons-codec_1.16.0.jar
2025-09-06 22:24:09,598 [Worker-27: Launching Executing test in C__Users_Sumit_Desktop_New folder_Janatri] INFO  o.eclipse.m2e.core.internal.Bundles - getClasspathEntries(Bundle=com.google.guava.failureaccess_1.0.3 [19])
2025-09-06 22:24:09,598 [Worker-27: Launching Executing test in C__Users_Sumit_Desktop_New folder_Janatri] INFO  o.eclipse.m2e.core.internal.Bundles - 	Entry: C:\Users\Sumit\.p2\pool\plugins\com.google.guava.failureaccess_1.0.3.jar
2025-09-06 22:24:09,605 [Worker-27: Launching Executing test in C__Users_Sumit_Desktop_New folder_Janatri] INFO  o.e.m.i.launch.MavenLaunchDelegate - Run build in "C:\Users\Sumit\Desktop\New folder\Janatri":
2025-09-06 22:24:09,605 [Worker-27: Launching Executing test in C__Users_Sumit_Desktop_New folder_Janatri] INFO  o.e.m.i.launch.MavenLaunchDelegate -  mvn  -B -Dstyle.color=always test
2025-09-06 22:36:37,682 [Worker-32: Launching Executing test in C__Users_Sumit_Desktop_New folder_Janatri] INFO  o.eclipse.m2e.core.internal.Bundles - getClasspathEntries(Bundle=org.eclipse.m2e.maven.runtime_3.9.900.20250220-2013 [639])
2025-09-06 22:36:37,748 [Worker-32: Launching Executing test in C__Users_Sumit_Desktop_New folder_Janatri] INFO  o.eclipse.m2e.core.internal.Bundles - 	Entry: C:\Users\Sumit\.p2\pool\plugins\org.eclipse.m2e.maven.runtime_3.9.900.20250220-2013
2025-09-06 22:36:37,753 [Worker-32: Launching Executing test in C__Users_Sumit_Desktop_New folder_Janatri] INFO  o.eclipse.m2e.core.internal.Bundles - 	Entry: C:\Users\Sumit\.p2\pool\plugins\org.eclipse.m2e.maven.runtime_3.9.900.20250220-2013\jars\aopalliance-1.0.jar
2025-09-06 22:36:37,753 [Worker-32: Launching Executing test in C__Users_Sumit_Desktop_New folder_Janatri] INFO  o.eclipse.m2e.core.internal.Bundles - 	Entry: C:\Users\Sumit\.p2\pool\plugins\org.eclipse.m2e.maven.runtime_3.9.900.20250220-2013\jars\guice-5.1.0.jar
2025-09-06 22:36:37,754 [Worker-32: Launching Executing test in C__Users_Sumit_Desktop_New folder_Janatri] INFO  o.eclipse.m2e.core.internal.Bundles - 	Entry: C:\Users\Sumit\.p2\pool\plugins\org.eclipse.m2e.maven.runtime_3.9.900.20250220-2013\jars\httpclient-4.5.14.jar
2025-09-06 22:36:37,754 [Worker-32: Launching Executing test in C__Users_Sumit_Desktop_New folder_Janatri] INFO  o.eclipse.m2e.core.internal.Bundles - 	Entry: C:\Users\Sumit\.p2\pool\plugins\org.eclipse.m2e.maven.runtime_3.9.900.20250220-2013\jars\httpcore-4.4.16.jar
2025-09-06 22:36:37,755 [Worker-32: Launching Executing test in C__Users_Sumit_Desktop_New folder_Janatri] INFO  o.eclipse.m2e.core.internal.Bundles - 	Entry: C:\Users\Sumit\.p2\pool\plugins\org.eclipse.m2e.maven.runtime_3.9.900.20250220-2013\jars\jansi-2.4.1.jar
2025-09-06 22:36:37,756 [Worker-32: Launching Executing test in C__Users_Sumit_Desktop_New folder_Janatri] INFO  o.eclipse.m2e.core.internal.Bundles - 	Entry: C:\Users\Sumit\.p2\pool\plugins\org.eclipse.m2e.maven.runtime_3.9.900.20250220-2013\jars\jcl-over-slf4j-1.7.36.jar
2025-09-06 22:36:37,757 [Worker-32: Launching Executing test in C__Users_Sumit_Desktop_New folder_Janatri] INFO  o.eclipse.m2e.core.internal.Bundles - 	Entry: C:\Users\Sumit\.p2\pool\plugins\org.eclipse.m2e.maven.runtime_3.9.900.20250220-2013\jars\maven-artifact-3.9.9.jar
2025-09-06 22:36:37,757 [Worker-32: Launching Executing test in C__Users_Sumit_Desktop_New folder_Janatri] INFO  o.eclipse.m2e.core.internal.Bundles - 	Entry: C:\Users\Sumit\.p2\pool\plugins\org.eclipse.m2e.maven.runtime_3.9.900.20250220-2013\jars\maven-builder-support-3.9.9.jar
2025-09-06 22:36:37,758 [Worker-32: Launching Executing test in C__Users_Sumit_Desktop_New folder_Janatri] INFO  o.eclipse.m2e.core.internal.Bundles - 	Entry: C:\Users\Sumit\.p2\pool\plugins\org.eclipse.m2e.maven.runtime_3.9.900.20250220-2013\jars\maven-compat-3.9.9.jar
2025-09-06 22:36:37,758 [Worker-32: Launching Executing test in C__Users_Sumit_Desktop_New folder_Janatri] INFO  o.eclipse.m2e.core.internal.Bundles - 	Entry: C:\Users\Sumit\.p2\pool\plugins\org.eclipse.m2e.maven.runtime_3.9.900.20250220-2013\jars\maven-core-3.9.9.jar
2025-09-06 22:36:37,759 [Worker-32: Launching Executing test in C__Users_Sumit_Desktop_New folder_Janatri] INFO  o.eclipse.m2e.core.internal.Bundles - 	Entry: C:\Users\Sumit\.p2\pool\plugins\org.eclipse.m2e.maven.runtime_3.9.900.20250220-2013\jars\maven-embedder-3.9.9.jar
2025-09-06 22:36:37,760 [Worker-32: Launching Executing test in C__Users_Sumit_Desktop_New folder_Janatri] INFO  o.eclipse.m2e.core.internal.Bundles - 	Entry: C:\Users\Sumit\.p2\pool\plugins\org.eclipse.m2e.maven.runtime_3.9.900.20250220-2013\jars\maven-model-3.9.9.jar
2025-09-06 22:36:37,761 [Worker-32: Launching Executing test in C__Users_Sumit_Desktop_New folder_Janatri] INFO  o.eclipse.m2e.core.internal.Bundles - 	Entry: C:\Users\Sumit\.p2\pool\plugins\org.eclipse.m2e.maven.runtime_3.9.900.20250220-2013\jars\maven-model-builder-3.9.9.jar
2025-09-06 22:36:37,763 [Worker-32: Launching Executing test in C__Users_Sumit_Desktop_New folder_Janatri] INFO  o.eclipse.m2e.core.internal.Bundles - 	Entry: C:\Users\Sumit\.p2\pool\plugins\org.eclipse.m2e.maven.runtime_3.9.900.20250220-2013\jars\maven-plugin-api-3.9.9.jar
2025-09-06 22:36:37,763 [Worker-32: Launching Executing test in C__Users_Sumit_Desktop_New folder_Janatri] INFO  o.eclipse.m2e.core.internal.Bundles - 	Entry: C:\Users\Sumit\.p2\pool\plugins\org.eclipse.m2e.maven.runtime_3.9.900.20250220-2013\jars\maven-repository-metadata-3.9.9.jar
2025-09-06 22:36:37,765 [Worker-32: Launching Executing test in C__Users_Sumit_Desktop_New folder_Janatri] INFO  o.eclipse.m2e.core.internal.Bundles - 	Entry: C:\Users\Sumit\.p2\pool\plugins\org.eclipse.m2e.maven.runtime_3.9.900.20250220-2013\jars\maven-resolver-api-1.9.22.jar
2025-09-06 22:36:37,767 [Worker-32: Launching Executing test in C__Users_Sumit_Desktop_New folder_Janatri] INFO  o.eclipse.m2e.core.internal.Bundles - 	Entry: C:\Users\Sumit\.p2\pool\plugins\org.eclipse.m2e.maven.runtime_3.9.900.20250220-2013\jars\maven-resolver-connector-basic-1.9.22.jar
2025-09-06 22:36:37,768 [Worker-32: Launching Executing test in C__Users_Sumit_Desktop_New folder_Janatri] INFO  o.eclipse.m2e.core.internal.Bundles - 	Entry: C:\Users\Sumit\.p2\pool\plugins\org.eclipse.m2e.maven.runtime_3.9.900.20250220-2013\jars\maven-resolver-impl-1.9.22.jar
2025-09-06 22:36:37,769 [Worker-32: Launching Executing test in C__Users_Sumit_Desktop_New folder_Janatri] INFO  o.eclipse.m2e.core.internal.Bundles - 	Entry: C:\Users\Sumit\.p2\pool\plugins\org.eclipse.m2e.maven.runtime_3.9.900.20250220-2013\jars\maven-resolver-named-locks-1.9.22.jar
2025-09-06 22:36:37,770 [Worker-32: Launching Executing test in C__Users_Sumit_Desktop_New folder_Janatri] INFO  o.eclipse.m2e.core.internal.Bundles - 	Entry: C:\Users\Sumit\.p2\pool\plugins\org.eclipse.m2e.maven.runtime_3.9.900.20250220-2013\jars\maven-resolver-provider-3.9.9.jar
2025-09-06 22:36:37,771 [Worker-32: Launching Executing test in C__Users_Sumit_Desktop_New folder_Janatri] INFO  o.eclipse.m2e.core.internal.Bundles - 	Entry: C:\Users\Sumit\.p2\pool\plugins\org.eclipse.m2e.maven.runtime_3.9.900.20250220-2013\jars\maven-resolver-spi-1.9.22.jar
2025-09-06 22:36:37,772 [Worker-32: Launching Executing test in C__Users_Sumit_Desktop_New folder_Janatri] INFO  o.eclipse.m2e.core.internal.Bundles - 	Entry: C:\Users\Sumit\.p2\pool\plugins\org.eclipse.m2e.maven.runtime_3.9.900.20250220-2013\jars\maven-resolver-transport-file-1.9.22.jar
2025-09-06 22:36:37,773 [Worker-32: Launching Executing test in C__Users_Sumit_Desktop_New folder_Janatri] INFO  o.eclipse.m2e.core.internal.Bundles - 	Entry: C:\Users\Sumit\.p2\pool\plugins\org.eclipse.m2e.maven.runtime_3.9.900.20250220-2013\jars\maven-resolver-transport-http-1.9.22.jar
2025-09-06 22:36:37,775 [Worker-32: Launching Executing test in C__Users_Sumit_Desktop_New folder_Janatri] INFO  o.eclipse.m2e.core.internal.Bundles - 	Entry: C:\Users\Sumit\.p2\pool\plugins\org.eclipse.m2e.maven.runtime_3.9.900.20250220-2013\jars\maven-resolver-transport-wagon-1.9.22.jar
2025-09-06 22:36:37,776 [Worker-32: Launching Executing test in C__Users_Sumit_Desktop_New folder_Janatri] INFO  o.eclipse.m2e.core.internal.Bundles - 	Entry: C:\Users\Sumit\.p2\pool\plugins\org.eclipse.m2e.maven.runtime_3.9.900.20250220-2013\jars\maven-resolver-util-1.9.22.jar
2025-09-06 22:36:37,777 [Worker-32: Launching Executing test in C__Users_Sumit_Desktop_New folder_Janatri] INFO  o.eclipse.m2e.core.internal.Bundles - 	Entry: C:\Users\Sumit\.p2\pool\plugins\org.eclipse.m2e.maven.runtime_3.9.900.20250220-2013\jars\maven-settings-3.9.9.jar
2025-09-06 22:36:37,780 [Worker-32: Launching Executing test in C__Users_Sumit_Desktop_New folder_Janatri] INFO  o.eclipse.m2e.core.internal.Bundles - 	Entry: C:\Users\Sumit\.p2\pool\plugins\org.eclipse.m2e.maven.runtime_3.9.900.20250220-2013\jars\maven-settings-builder-3.9.9.jar
2025-09-06 22:36:37,781 [Worker-32: Launching Executing test in C__Users_Sumit_Desktop_New folder_Janatri] INFO  o.eclipse.m2e.core.internal.Bundles - 	Entry: C:\Users\Sumit\.p2\pool\plugins\org.eclipse.m2e.maven.runtime_3.9.900.20250220-2013\jars\maven-shared-utils-3.4.2.jar
2025-09-06 22:36:37,782 [Worker-32: Launching Executing test in C__Users_Sumit_Desktop_New folder_Janatri] INFO  o.eclipse.m2e.core.internal.Bundles - 	Entry: C:\Users\Sumit\.p2\pool\plugins\org.eclipse.m2e.maven.runtime_3.9.900.20250220-2013\jars\org.eclipse.sisu.inject-0.9.0.M3.jar
2025-09-06 22:36:37,783 [Worker-32: Launching Executing test in C__Users_Sumit_Desktop_New folder_Janatri] INFO  o.eclipse.m2e.core.internal.Bundles - 	Entry: C:\Users\Sumit\.p2\pool\plugins\org.eclipse.m2e.maven.runtime_3.9.900.20250220-2013\jars\org.eclipse.sisu.plexus-0.9.0.M3.jar
2025-09-06 22:36:37,784 [Worker-32: Launching Executing test in C__Users_Sumit_Desktop_New folder_Janatri] INFO  o.eclipse.m2e.core.internal.Bundles - 	Entry: C:\Users\Sumit\.p2\pool\plugins\org.eclipse.m2e.maven.runtime_3.9.900.20250220-2013\jars\plexus-build-api-0.0.7.jar
2025-09-06 22:36:37,785 [Worker-32: Launching Executing test in C__Users_Sumit_Desktop_New folder_Janatri] INFO  o.eclipse.m2e.core.internal.Bundles - 	Entry: C:\Users\Sumit\.p2\pool\plugins\org.eclipse.m2e.maven.runtime_3.9.900.20250220-2013\jars\plexus-build-api-1.2.0.jar
2025-09-06 22:36:37,786 [Worker-32: Launching Executing test in C__Users_Sumit_Desktop_New folder_Janatri] INFO  o.eclipse.m2e.core.internal.Bundles - 	Entry: C:\Users\Sumit\.p2\pool\plugins\org.eclipse.m2e.maven.runtime_3.9.900.20250220-2013\jars\plexus-cipher-2.0.jar
2025-09-06 22:36:37,787 [Worker-32: Launching Executing test in C__Users_Sumit_Desktop_New folder_Janatri] INFO  o.eclipse.m2e.core.internal.Bundles - 	Entry: C:\Users\Sumit\.p2\pool\plugins\org.eclipse.m2e.maven.runtime_3.9.900.20250220-2013\jars\plexus-classworlds-2.8.0.jar
2025-09-06 22:36:37,788 [Worker-32: Launching Executing test in C__Users_Sumit_Desktop_New folder_Janatri] INFO  o.eclipse.m2e.core.internal.Bundles - 	Entry: C:\Users\Sumit\.p2\pool\plugins\org.eclipse.m2e.maven.runtime_3.9.900.20250220-2013\jars\plexus-component-annotations-2.1.0.jar
2025-09-06 22:36:37,790 [Worker-32: Launching Executing test in C__Users_Sumit_Desktop_New folder_Janatri] INFO  o.eclipse.m2e.core.internal.Bundles - 	Entry: C:\Users\Sumit\.p2\pool\plugins\org.eclipse.m2e.maven.runtime_3.9.900.20250220-2013\jars\plexus-interpolation-1.27.jar
2025-09-06 22:36:37,790 [Worker-32: Launching Executing test in C__Users_Sumit_Desktop_New folder_Janatri] INFO  o.eclipse.m2e.core.internal.Bundles - 	Entry: C:\Users\Sumit\.p2\pool\plugins\org.eclipse.m2e.maven.runtime_3.9.900.20250220-2013\jars\plexus-sec-dispatcher-2.0.jar
2025-09-06 22:36:37,791 [Worker-32: Launching Executing test in C__Users_Sumit_Desktop_New folder_Janatri] INFO  o.eclipse.m2e.core.internal.Bundles - 	Entry: C:\Users\Sumit\.p2\pool\plugins\org.eclipse.m2e.maven.runtime_3.9.900.20250220-2013\jars\plexus-utils-3.5.1.jar
2025-09-06 22:36:37,806 [Worker-32: Launching Executing test in C__Users_Sumit_Desktop_New folder_Janatri] INFO  o.eclipse.m2e.core.internal.Bundles - 	Entry: C:\Users\Sumit\.p2\pool\plugins\org.eclipse.m2e.maven.runtime_3.9.900.20250220-2013\jars\plexus-xml-3.0.1.jar
2025-09-06 22:36:37,806 [Worker-32: Launching Executing test in C__Users_Sumit_Desktop_New folder_Janatri] INFO  o.eclipse.m2e.core.internal.Bundles - 	Entry: C:\Users\Sumit\.p2\pool\plugins\org.eclipse.m2e.maven.runtime_3.9.900.20250220-2013\jars\wagon-file-3.5.3.jar
2025-09-06 22:36:37,807 [Worker-32: Launching Executing test in C__Users_Sumit_Desktop_New folder_Janatri] INFO  o.eclipse.m2e.core.internal.Bundles - 	Entry: C:\Users\Sumit\.p2\pool\plugins\org.eclipse.m2e.maven.runtime_3.9.900.20250220-2013\jars\wagon-http-3.5.3.jar
2025-09-06 22:36:37,808 [Worker-32: Launching Executing test in C__Users_Sumit_Desktop_New folder_Janatri] INFO  o.eclipse.m2e.core.internal.Bundles - 	Entry: C:\Users\Sumit\.p2\pool\plugins\org.eclipse.m2e.maven.runtime_3.9.900.20250220-2013\jars\wagon-http-shared-3.5.3.jar
2025-09-06 22:36:37,809 [Worker-32: Launching Executing test in C__Users_Sumit_Desktop_New folder_Janatri] INFO  o.eclipse.m2e.core.internal.Bundles - 	Entry: C:\Users\Sumit\.p2\pool\plugins\org.eclipse.m2e.maven.runtime_3.9.900.20250220-2013\jars\wagon-provider-api-3.5.3.jar
2025-09-06 22:36:37,820 [Worker-32: Launching Executing test in C__Users_Sumit_Desktop_New folder_Janatri] INFO  o.eclipse.m2e.core.internal.Bundles - getClasspathEntries(Bundle=com.google.guava_33.4.8.jre [18])
2025-09-06 22:36:37,824 [Worker-32: Launching Executing test in C__Users_Sumit_Desktop_New folder_Janatri] INFO  o.eclipse.m2e.core.internal.Bundles - 	Entry: C:\Users\Sumit\.p2\pool\plugins\com.google.guava_33.4.8.jre.jar
2025-09-06 22:36:37,825 [Worker-32: Launching Executing test in C__Users_Sumit_Desktop_New folder_Janatri] INFO  o.eclipse.m2e.core.internal.Bundles - getClasspathEntries(Bundle=slf4j.api_2.0.17 [1004])
2025-09-06 22:36:37,831 [Worker-32: Launching Executing test in C__Users_Sumit_Desktop_New folder_Janatri] INFO  o.eclipse.m2e.core.internal.Bundles - 	Entry: C:\Users\Sumit\.p2\pool\plugins\slf4j.api_2.0.17.jar
2025-09-06 22:36:37,831 [Worker-32: Launching Executing test in C__Users_Sumit_Desktop_New folder_Janatri] INFO  o.eclipse.m2e.core.internal.Bundles - getClasspathEntries(Bundle=jakarta.inject.jakarta.inject-api_1.0.5 [35])
2025-09-06 22:36:37,835 [Worker-32: Launching Executing test in C__Users_Sumit_Desktop_New folder_Janatri] INFO  o.eclipse.m2e.core.internal.Bundles - 	Entry: C:\Users\Sumit\.p2\pool\plugins\jakarta.inject.jakarta.inject-api_1.0.5.jar
2025-09-06 22:36:37,835 [Worker-32: Launching Executing test in C__Users_Sumit_Desktop_New folder_Janatri] INFO  o.eclipse.m2e.core.internal.Bundles - getClasspathEntries(Bundle=javax.annotation_1.3.5.v20200909-1856 [45])
2025-09-06 22:36:37,837 [Worker-32: Launching Executing test in C__Users_Sumit_Desktop_New folder_Janatri] INFO  o.eclipse.m2e.core.internal.Bundles - 	Entry: C:\Users\Sumit\.p2\pool\plugins\javax.annotation_1.3.5.v20200909-1856.jar
2025-09-06 22:36:37,837 [Worker-32: Launching Executing test in C__Users_Sumit_Desktop_New folder_Janatri] INFO  o.eclipse.m2e.core.internal.Bundles - getClasspathEntries(Bundle=org.apache.commons.cli_1.9.0 [76])
2025-09-06 22:36:37,840 [Worker-32: Launching Executing test in C__Users_Sumit_Desktop_New folder_Janatri] INFO  o.eclipse.m2e.core.internal.Bundles - 	Entry: C:\Users\Sumit\.p2\pool\plugins\org.apache.commons.cli_1.9.0.jar
2025-09-06 22:36:37,840 [Worker-32: Launching Executing test in C__Users_Sumit_Desktop_New folder_Janatri] INFO  o.eclipse.m2e.core.internal.Bundles - getClasspathEntries(Bundle=org.apache.commons.commons-codec_1.16.0 [78])
2025-09-06 22:36:37,843 [Worker-32: Launching Executing test in C__Users_Sumit_Desktop_New folder_Janatri] INFO  o.eclipse.m2e.core.internal.Bundles - 	Entry: C:\Users\Sumit\.p2\pool\plugins\org.apache.commons.commons-codec_1.16.0.jar
2025-09-06 22:36:37,843 [Worker-32: Launching Executing test in C__Users_Sumit_Desktop_New folder_Janatri] INFO  o.eclipse.m2e.core.internal.Bundles - getClasspathEntries(Bundle=com.google.guava.failureaccess_1.0.3 [19])
2025-09-06 22:36:37,845 [Worker-32: Launching Executing test in C__Users_Sumit_Desktop_New folder_Janatri] INFO  o.eclipse.m2e.core.internal.Bundles - 	Entry: C:\Users\Sumit\.p2\pool\plugins\com.google.guava.failureaccess_1.0.3.jar
2025-09-06 22:36:37,877 [Worker-32: Launching Executing test in C__Users_Sumit_Desktop_New folder_Janatri] INFO  o.e.m.i.launch.MavenLaunchDelegate - Run build in "C:\Users\Sumit\Desktop\New folder\Janatri":
2025-09-06 22:36:37,882 [Worker-32: Launching Executing test in C__Users_Sumit_Desktop_New folder_Janatri] INFO  o.e.m.i.launch.MavenLaunchDelegate -  mvn  -B -Dstyle.color=always test
2025-09-07 05:11:03,779 [Worker-2: Loading available Gradle versions] INFO  o.e.b.c.i.u.g.PublishedGradleVersions - Gradle version information cache is out-of-date. Trying to update.
2025-09-07 05:20:44,995 [Worker-4: Launching LoginTest] WARN  o.a.m.s.f.DefaultMavenResourcesFiltering - Using platform encoding (UTF-8 actually) to copy filtered resources, i.e. build is platform dependent!
2025-09-07 05:20:45,064 [Worker-4: Launching LoginTest] INFO  o.a.m.s.f.DefaultMavenResourcesFiltering - Copying 0 resource from src\main\resources to target\classes
2025-09-07 05:20:45,076 [Worker-4: Launching LoginTest] WARN  o.a.m.s.f.DefaultMavenResourcesFiltering - Using platform encoding (UTF-8 actually) to copy filtered resources, i.e. build is platform dependent!
2025-09-07 05:20:45,081 [Worker-4: Launching LoginTest] INFO  o.a.m.s.f.DefaultMavenResourcesFiltering - Copying 0 resource from src\test\resources to target\test-classes
2025-09-07 05:21:56,093 [Worker-15: Building] INFO  o.e.m.c.i.l.LifecycleMappingFactory - Using org.eclipse.m2e.jdt.JarLifecycleMapping lifecycle mapping for MavenProject: com.janatri:Janatri:0.0.1-SNAPSHOT @ C:\Users\Sumit\Desktop\New folder\Janatri\pom.xml.
2025-09-07 05:21:58,092 [Worker-15: Building] INFO  o.e.m.c.i.e.AbstractTransferListenerAdapter - Downloading https://repo.maven.apache.org/maven2/org/junit/jupiter/junit-jupiter/5.10.0/junit-jupiter-5.10.0.pom
2025-09-07 05:21:58,139 [Worker-15: Building] INFO  o.e.m.c.i.e.AbstractTransferListenerAdapter - Downloaded https://repo.maven.apache.org/maven2/org/junit/jupiter/junit-jupiter/5.10.0/junit-jupiter-5.10.0.pom
2025-09-07 05:21:58,179 [Worker-15: Building] INFO  o.e.m.c.i.e.AbstractTransferListenerAdapter - Downloading https://repo.maven.apache.org/maven2/org/junit/jupiter/junit-jupiter-api/5.10.0/junit-jupiter-api-5.10.0.pom
2025-09-07 05:21:58,193 [Worker-15: Building] INFO  o.e.m.c.i.e.AbstractTransferListenerAdapter - Downloaded https://repo.maven.apache.org/maven2/org/junit/jupiter/junit-jupiter-api/5.10.0/junit-jupiter-api-5.10.0.pom
2025-09-07 05:21:58,231 [Worker-15: Building] INFO  o.e.m.c.i.e.AbstractTransferListenerAdapter - Downloading https://repo.maven.apache.org/maven2/org/junit/platform/junit-platform-commons/1.10.0/junit-platform-commons-1.10.0.pom
2025-09-07 05:21:58,245 [Worker-15: Building] INFO  o.e.m.c.i.e.AbstractTransferListenerAdapter - Downloaded https://repo.maven.apache.org/maven2/org/junit/platform/junit-platform-commons/1.10.0/junit-platform-commons-1.10.0.pom
2025-09-07 05:21:58,297 [Worker-15: Building] INFO  o.e.m.c.i.e.AbstractTransferListenerAdapter - Downloading https://repo.maven.apache.org/maven2/org/junit/jupiter/junit-jupiter-params/5.10.0/junit-jupiter-params-5.10.0.pom
2025-09-07 05:21:58,309 [Worker-15: Building] INFO  o.e.m.c.i.e.AbstractTransferListenerAdapter - Downloaded https://repo.maven.apache.org/maven2/org/junit/jupiter/junit-jupiter-params/5.10.0/junit-jupiter-params-5.10.0.pom
2025-09-07 05:21:58,364 [Worker-15: Building] INFO  o.e.m.c.i.e.AbstractTransferListenerAdapter - Downloading https://repo.maven.apache.org/maven2/org/junit/jupiter/junit-jupiter-engine/5.10.0/junit-jupiter-engine-5.10.0.pom
2025-09-07 05:21:58,374 [Worker-15: Building] INFO  o.e.m.c.i.e.AbstractTransferListenerAdapter - Downloaded https://repo.maven.apache.org/maven2/org/junit/jupiter/junit-jupiter-engine/5.10.0/junit-jupiter-engine-5.10.0.pom
2025-09-07 05:21:58,411 [Worker-15: Building] INFO  o.e.m.c.i.e.AbstractTransferListenerAdapter - Downloading https://repo.maven.apache.org/maven2/org/junit/platform/junit-platform-engine/1.10.0/junit-platform-engine-1.10.0.pom
2025-09-07 05:21:58,419 [Worker-15: Building] INFO  o.e.m.c.i.e.AbstractTransferListenerAdapter - Downloaded https://repo.maven.apache.org/maven2/org/junit/platform/junit-platform-engine/1.10.0/junit-platform-engine-1.10.0.pom
2025-09-07 05:21:58,751 [Worker-15: Building] INFO  o.e.m.c.i.e.AbstractTransferListenerAdapter - Downloading https://repo.maven.apache.org/maven2/org/junit/jupiter/junit-jupiter/5.10.0/junit-jupiter-5.10.0.jar
2025-09-07 05:21:58,763 [Worker-15: Building] INFO  o.e.m.c.i.e.AbstractTransferListenerAdapter - Downloaded https://repo.maven.apache.org/maven2/org/junit/jupiter/junit-jupiter/5.10.0/junit-jupiter-5.10.0.jar
2025-09-07 05:21:58,847 [BasicRepositoryConnector-repo.maven.apache.org-0-1] INFO  o.e.m.c.i.e.AbstractTransferListenerAdapter - Downloading https://repo.maven.apache.org/maven2/org/junit/platform/junit-platform-commons/1.10.0/junit-platform-commons-1.10.0.jar
2025-09-07 05:21:58,915 [BasicRepositoryConnector-repo.maven.apache.org-0-1] INFO  o.e.m.c.i.e.AbstractTransferListenerAdapter - Downloaded https://repo.maven.apache.org/maven2/org/junit/platform/junit-platform-commons/1.10.0/junit-platform-commons-1.10.0.jar
2025-09-07 05:21:58,918 [BasicRepositoryConnector-repo.maven.apache.org-0-3] INFO  o.e.m.c.i.e.AbstractTransferListenerAdapter - Downloading https://repo.maven.apache.org/maven2/org/junit/jupiter/junit-jupiter-engine/5.10.0/junit-jupiter-engine-5.10.0.jar
2025-09-07 05:21:58,918 [BasicRepositoryConnector-repo.maven.apache.org-0-2] INFO  o.e.m.c.i.e.AbstractTransferListenerAdapter - Downloading https://repo.maven.apache.org/maven2/org/junit/jupiter/junit-jupiter-params/5.10.0/junit-jupiter-params-5.10.0.jar
2025-09-07 05:21:58,930 [BasicRepositoryConnector-repo.maven.apache.org-0-4] INFO  o.e.m.c.i.e.AbstractTransferListenerAdapter - Downloading https://repo.maven.apache.org/maven2/org/junit/platform/junit-platform-engine/1.10.0/junit-platform-engine-1.10.0.jar
2025-09-07 05:21:58,947 [BasicRepositoryConnector-repo.maven.apache.org-0-0] INFO  o.e.m.c.i.e.AbstractTransferListenerAdapter - Downloading https://repo.maven.apache.org/maven2/org/junit/jupiter/junit-jupiter-api/5.10.0/junit-jupiter-api-5.10.0.jar
2025-09-07 05:21:59,081 [BasicRepositoryConnector-repo.maven.apache.org-0-3] INFO  o.e.m.c.i.e.AbstractTransferListenerAdapter - Downloaded https://repo.maven.apache.org/maven2/org/junit/jupiter/junit-jupiter-engine/5.10.0/junit-jupiter-engine-5.10.0.jar
2025-09-07 05:21:59,086 [BasicRepositoryConnector-repo.maven.apache.org-0-4] INFO  o.e.m.c.i.e.AbstractTransferListenerAdapter - Downloaded https://repo.maven.apache.org/maven2/org/junit/platform/junit-platform-engine/1.10.0/junit-platform-engine-1.10.0.jar
2025-09-07 05:21:59,102 [BasicRepositoryConnector-repo.maven.apache.org-0-0] INFO  o.e.m.c.i.e.AbstractTransferListenerAdapter - Downloaded https://repo.maven.apache.org/maven2/org/junit/jupiter/junit-jupiter-api/5.10.0/junit-jupiter-api-5.10.0.jar
2025-09-07 05:21:59,180 [BasicRepositoryConnector-repo.maven.apache.org-0-2] INFO  o.e.m.c.i.e.AbstractTransferListenerAdapter - Downloaded https://repo.maven.apache.org/maven2/org/junit/jupiter/junit-jupiter-params/5.10.0/junit-jupiter-params-5.10.0.jar
2025-09-07 05:22:00,269 [Worker-15: Building] WARN  o.a.m.s.f.DefaultMavenResourcesFiltering - Using platform encoding (UTF-8 actually) to copy filtered resources, i.e. build is platform dependent!
2025-09-07 05:22:00,277 [Worker-15: Building] INFO  o.a.m.s.f.DefaultMavenResourcesFiltering - Copying 0 resource from src\main\resources to target\classes
2025-09-07 05:22:00,307 [Worker-15: Building] WARN  o.a.m.s.f.DefaultMavenResourcesFiltering - Using platform encoding (UTF-8 actually) to copy filtered resources, i.e. build is platform dependent!
2025-09-07 05:22:00,311 [Worker-15: Building] INFO  o.a.m.s.f.DefaultMavenResourcesFiltering - Copying 0 resource from src\test\resources to target\test-classes
2025-09-07 05:22:00,967 [Worker-4: Download sources and javadoc] INFO  o.e.m.c.i.e.AbstractTransferListenerAdapter - Downloading https://repo.maven.apache.org/maven2/org/junit/jupiter/junit-jupiter/5.10.0/junit-jupiter-5.10.0-sources.jar
2025-09-07 05:22:00,990 [Worker-4: Download sources and javadoc] INFO  o.e.m.c.i.e.AbstractTransferListenerAdapter - Downloaded https://repo.maven.apache.org/maven2/org/junit/jupiter/junit-jupiter/5.10.0/junit-jupiter-5.10.0-sources.jar
2025-09-07 05:22:00,999 [Worker-4: Download sources and javadoc] INFO  o.e.m.j.internal.DownloadSourcesJob - Downloaded sources for org.junit.jupiter:junit-jupiter:5.10.0
2025-09-07 05:22:01,092 [Worker-4: Download sources and javadoc] INFO  o.e.m.c.i.e.AbstractTransferListenerAdapter - Downloading https://repo.maven.apache.org/maven2/org/junit/jupiter/junit-jupiter-api/5.10.0/junit-jupiter-api-5.10.0-sources.jar
2025-09-07 05:22:01,204 [Worker-4: Download sources and javadoc] INFO  o.e.m.c.i.e.AbstractTransferListenerAdapter - Downloaded https://repo.maven.apache.org/maven2/org/junit/jupiter/junit-jupiter-api/5.10.0/junit-jupiter-api-5.10.0-sources.jar
2025-09-07 05:22:01,212 [Worker-4: Download sources and javadoc] INFO  o.e.m.j.internal.DownloadSourcesJob - Downloaded sources for org.junit.jupiter:junit-jupiter-api:5.10.0
2025-09-07 05:22:01,374 [Worker-4: Download sources and javadoc] INFO  o.e.m.c.i.e.AbstractTransferListenerAdapter - Downloading https://repo.maven.apache.org/maven2/org/junit/platform/junit-platform-commons/1.10.0/junit-platform-commons-1.10.0-sources.jar
2025-09-07 05:22:01,420 [Worker-4: Download sources and javadoc] INFO  o.e.m.c.i.e.AbstractTransferListenerAdapter - Downloaded https://repo.maven.apache.org/maven2/org/junit/platform/junit-platform-commons/1.10.0/junit-platform-commons-1.10.0-sources.jar
2025-09-07 05:22:01,428 [Worker-4: Download sources and javadoc] INFO  o.e.m.j.internal.DownloadSourcesJob - Downloaded sources for org.junit.platform:junit-platform-commons:1.10.0
2025-09-07 05:22:01,514 [Worker-4: Download sources and javadoc] INFO  o.e.m.c.i.e.AbstractTransferListenerAdapter - Downloading https://repo.maven.apache.org/maven2/org/junit/jupiter/junit-jupiter-params/5.10.0/junit-jupiter-params-5.10.0-sources.jar
2025-09-07 05:22:01,553 [Worker-4: Download sources and javadoc] INFO  o.e.m.c.i.e.AbstractTransferListenerAdapter - Downloaded https://repo.maven.apache.org/maven2/org/junit/jupiter/junit-jupiter-params/5.10.0/junit-jupiter-params-5.10.0-sources.jar
2025-09-07 05:22:01,560 [Worker-4: Download sources and javadoc] INFO  o.e.m.j.internal.DownloadSourcesJob - Downloaded sources for org.junit.jupiter:junit-jupiter-params:5.10.0
2025-09-07 05:22:01,654 [Worker-4: Download sources and javadoc] INFO  o.e.m.c.i.e.AbstractTransferListenerAdapter - Downloading https://repo.maven.apache.org/maven2/org/junit/jupiter/junit-jupiter-engine/5.10.0/junit-jupiter-engine-5.10.0-sources.jar
2025-09-07 05:22:01,707 [Worker-4: Download sources and javadoc] INFO  o.e.m.c.i.e.AbstractTransferListenerAdapter - Downloaded https://repo.maven.apache.org/maven2/org/junit/jupiter/junit-jupiter-engine/5.10.0/junit-jupiter-engine-5.10.0-sources.jar
2025-09-07 05:22:01,716 [Worker-4: Download sources and javadoc] INFO  o.e.m.j.internal.DownloadSourcesJob - Downloaded sources for org.junit.jupiter:junit-jupiter-engine:5.10.0
2025-09-07 05:22:01,837 [Worker-4: Download sources and javadoc] INFO  o.e.m.c.i.e.AbstractTransferListenerAdapter - Downloading https://repo.maven.apache.org/maven2/org/junit/platform/junit-platform-engine/1.10.0/junit-platform-engine-1.10.0-sources.jar
2025-09-07 05:22:01,936 [Worker-4: Download sources and javadoc] INFO  o.e.m.c.i.e.AbstractTransferListenerAdapter - Downloaded https://repo.maven.apache.org/maven2/org/junit/platform/junit-platform-engine/1.10.0/junit-platform-engine-1.10.0-sources.jar
2025-09-07 05:22:01,955 [Worker-4: Download sources and javadoc] INFO  o.e.m.j.internal.DownloadSourcesJob - Downloaded sources for org.junit.platform:junit-platform-engine:1.10.0
2025-09-07 05:22:03,522 [Worker-4: Building] WARN  o.a.m.s.f.DefaultMavenResourcesFiltering - Using platform encoding (UTF-8 actually) to copy filtered resources, i.e. build is platform dependent!
2025-09-07 05:22:03,524 [Worker-4: Building] INFO  o.a.m.s.f.DefaultMavenResourcesFiltering - Copying 0 resource from src\main\resources to target\classes
2025-09-07 05:22:03,532 [Worker-4: Building] WARN  o.a.m.s.f.DefaultMavenResourcesFiltering - Using platform encoding (UTF-8 actually) to copy filtered resources, i.e. build is platform dependent!
2025-09-07 05:22:03,534 [Worker-4: Building] INFO  o.a.m.s.f.DefaultMavenResourcesFiltering - Copying 0 resource from src\test\resources to target\test-classes
2025-09-07 05:22:37,054 [Worker-16: Updating Maven Project] INFO  o.e.m.c.i.p.ProjectConfigurationManager - Update started
2025-09-07 05:22:37,738 [Worker-16: Updating Maven Project] INFO  o.e.m.c.i.l.LifecycleMappingFactory - Using org.eclipse.m2e.jdt.JarLifecycleMapping lifecycle mapping for MavenProject: com.janatri:Janatri:0.0.1-SNAPSHOT @ C:\Users\Sumit\Desktop\New folder\Janatri\pom.xml.
2025-09-07 05:22:39,611 [Worker-16: Updating Maven Project] INFO  o.e.m.j.i.AbstractJavaProjectConfigurator - Adding source folder /Janatri/src/main/java
2025-09-07 05:22:39,616 [Worker-16: Updating Maven Project] INFO  o.e.m.j.i.AbstractJavaProjectConfigurator - Adding resource folder /Janatri/src/main/resources
2025-09-07 05:22:39,618 [Worker-16: Updating Maven Project] INFO  o.e.m.j.i.AbstractJavaProjectConfigurator - Adding source folder /Janatri/src/test/java
2025-09-07 05:22:39,620 [Worker-16: Updating Maven Project] INFO  o.e.m.j.i.AbstractJavaProjectConfigurator - Adding resource folder /Janatri/src/test/resources
2025-09-07 05:22:40,057 [Worker-16: Updating Maven Project] INFO  o.e.m.jdt.internal.UnitTestSupport - Reset launch configuration name: Janatri
2025-09-07 05:22:40,059 [Worker-16: Updating Maven Project] INFO  o.e.m.jdt.internal.UnitTestSupport - Updating Janatri from maven configuration
2025-09-07 05:22:40,968 [Worker-16: Updating Maven Project] INFO  o.e.m.jdt.internal.UnitTestSupport - Reset launch configuration name: LoginTest
2025-09-07 05:22:40,969 [Worker-16: Updating Maven Project] INFO  o.e.m.jdt.internal.UnitTestSupport - Updating LoginTest from maven configuration
2025-09-07 05:22:41,695 [Worker-16: Updating Maven Project] INFO  o.e.m.jdt.internal.UnitTestSupport - Reset launch configuration name: LoginTest.testI
2025-09-07 05:22:41,695 [Worker-16: Updating Maven Project] INFO  o.e.m.jdt.internal.UnitTestSupport - Updating LoginTest.testI from maven configuration
2025-09-07 05:22:41,837 [Worker-16: Updating Maven Project] INFO  o.e.m.c.i.p.ProjectConfigurationManager - Update completed for 1 poms: local refresh takes 0.00 sec, refresh facades takes 2.00 sec, update config takes 2.00 sec 
2025-09-07 05:22:42,136 [Worker-16: Building] WARN  o.a.m.s.f.DefaultMavenResourcesFiltering - Using platform encoding (UTF-8 actually) to copy filtered resources, i.e. build is platform dependent!
2025-09-07 05:22:42,139 [Worker-16: Building] INFO  o.a.m.s.f.DefaultMavenResourcesFiltering - Copying 0 resource from src\main\resources to target\classes
2025-09-07 05:22:42,148 [Worker-16: Building] WARN  o.a.m.s.f.DefaultMavenResourcesFiltering - Using platform encoding (UTF-8 actually) to copy filtered resources, i.e. build is platform dependent!
2025-09-07 05:22:42,150 [Worker-16: Building] INFO  o.a.m.s.f.DefaultMavenResourcesFiltering - Copying 0 resource from src\test\resources to target\test-classes
2025-09-07 05:23:18,638 [Worker-11: Launching Executing test in C__Users_Sumit_Desktop_New folder_Janatri] INFO  o.eclipse.m2e.core.internal.Bundles - getClasspathEntries(Bundle=org.eclipse.m2e.maven.runtime_3.9.900.20250220-2013 [639])
2025-09-07 05:23:18,643 [Worker-11: Launching Executing test in C__Users_Sumit_Desktop_New folder_Janatri] INFO  o.eclipse.m2e.core.internal.Bundles - 	Entry: C:\Users\Sumit\.p2\pool\plugins\org.eclipse.m2e.maven.runtime_3.9.900.20250220-2013
2025-09-07 05:23:18,645 [Worker-11: Launching Executing test in C__Users_Sumit_Desktop_New folder_Janatri] INFO  o.eclipse.m2e.core.internal.Bundles - 	Entry: C:\Users\Sumit\.p2\pool\plugins\org.eclipse.m2e.maven.runtime_3.9.900.20250220-2013\jars\aopalliance-1.0.jar
2025-09-07 05:23:18,646 [Worker-11: Launching Executing test in C__Users_Sumit_Desktop_New folder_Janatri] INFO  o.eclipse.m2e.core.internal.Bundles - 	Entry: C:\Users\Sumit\.p2\pool\plugins\org.eclipse.m2e.maven.runtime_3.9.900.20250220-2013\jars\guice-5.1.0.jar
2025-09-07 05:23:18,646 [Worker-11: Launching Executing test in C__Users_Sumit_Desktop_New folder_Janatri] INFO  o.eclipse.m2e.core.internal.Bundles - 	Entry: C:\Users\Sumit\.p2\pool\plugins\org.eclipse.m2e.maven.runtime_3.9.900.20250220-2013\jars\httpclient-4.5.14.jar
2025-09-07 05:23:18,647 [Worker-11: Launching Executing test in C__Users_Sumit_Desktop_New folder_Janatri] INFO  o.eclipse.m2e.core.internal.Bundles - 	Entry: C:\Users\Sumit\.p2\pool\plugins\org.eclipse.m2e.maven.runtime_3.9.900.20250220-2013\jars\httpcore-4.4.16.jar
2025-09-07 05:23:18,648 [Worker-11: Launching Executing test in C__Users_Sumit_Desktop_New folder_Janatri] INFO  o.eclipse.m2e.core.internal.Bundles - 	Entry: C:\Users\Sumit\.p2\pool\plugins\org.eclipse.m2e.maven.runtime_3.9.900.20250220-2013\jars\jansi-2.4.1.jar
2025-09-07 05:23:18,648 [Worker-11: Launching Executing test in C__Users_Sumit_Desktop_New folder_Janatri] INFO  o.eclipse.m2e.core.internal.Bundles - 	Entry: C:\Users\Sumit\.p2\pool\plugins\org.eclipse.m2e.maven.runtime_3.9.900.20250220-2013\jars\jcl-over-slf4j-1.7.36.jar
2025-09-07 05:23:18,648 [Worker-11: Launching Executing test in C__Users_Sumit_Desktop_New folder_Janatri] INFO  o.eclipse.m2e.core.internal.Bundles - 	Entry: C:\Users\Sumit\.p2\pool\plugins\org.eclipse.m2e.maven.runtime_3.9.900.20250220-2013\jars\maven-artifact-3.9.9.jar
2025-09-07 05:23:18,649 [Worker-11: Launching Executing test in C__Users_Sumit_Desktop_New folder_Janatri] INFO  o.eclipse.m2e.core.internal.Bundles - 	Entry: C:\Users\Sumit\.p2\pool\plugins\org.eclipse.m2e.maven.runtime_3.9.900.20250220-2013\jars\maven-builder-support-3.9.9.jar
2025-09-07 05:23:18,649 [Worker-11: Launching Executing test in C__Users_Sumit_Desktop_New folder_Janatri] INFO  o.eclipse.m2e.core.internal.Bundles - 	Entry: C:\Users\Sumit\.p2\pool\plugins\org.eclipse.m2e.maven.runtime_3.9.900.20250220-2013\jars\maven-compat-3.9.9.jar
2025-09-07 05:23:18,649 [Worker-11: Launching Executing test in C__Users_Sumit_Desktop_New folder_Janatri] INFO  o.eclipse.m2e.core.internal.Bundles - 	Entry: C:\Users\Sumit\.p2\pool\plugins\org.eclipse.m2e.maven.runtime_3.9.900.20250220-2013\jars\maven-core-3.9.9.jar
2025-09-07 05:23:18,650 [Worker-11: Launching Executing test in C__Users_Sumit_Desktop_New folder_Janatri] INFO  o.eclipse.m2e.core.internal.Bundles - 	Entry: C:\Users\Sumit\.p2\pool\plugins\org.eclipse.m2e.maven.runtime_3.9.900.20250220-2013\jars\maven-embedder-3.9.9.jar
2025-09-07 05:23:18,650 [Worker-11: Launching Executing test in C__Users_Sumit_Desktop_New folder_Janatri] INFO  o.eclipse.m2e.core.internal.Bundles - 	Entry: C:\Users\Sumit\.p2\pool\plugins\org.eclipse.m2e.maven.runtime_3.9.900.20250220-2013\jars\maven-model-3.9.9.jar
2025-09-07 05:23:18,651 [Worker-11: Launching Executing test in C__Users_Sumit_Desktop_New folder_Janatri] INFO  o.eclipse.m2e.core.internal.Bundles - 	Entry: C:\Users\Sumit\.p2\pool\plugins\org.eclipse.m2e.maven.runtime_3.9.900.20250220-2013\jars\maven-model-builder-3.9.9.jar
2025-09-07 05:23:18,651 [Worker-11: Launching Executing test in C__Users_Sumit_Desktop_New folder_Janatri] INFO  o.eclipse.m2e.core.internal.Bundles - 	Entry: C:\Users\Sumit\.p2\pool\plugins\org.eclipse.m2e.maven.runtime_3.9.900.20250220-2013\jars\maven-plugin-api-3.9.9.jar
2025-09-07 05:23:18,652 [Worker-11: Launching Executing test in C__Users_Sumit_Desktop_New folder_Janatri] INFO  o.eclipse.m2e.core.internal.Bundles - 	Entry: C:\Users\Sumit\.p2\pool\plugins\org.eclipse.m2e.maven.runtime_3.9.900.20250220-2013\jars\maven-repository-metadata-3.9.9.jar
2025-09-07 05:23:18,652 [Worker-11: Launching Executing test in C__Users_Sumit_Desktop_New folder_Janatri] INFO  o.eclipse.m2e.core.internal.Bundles - 	Entry: C:\Users\Sumit\.p2\pool\plugins\org.eclipse.m2e.maven.runtime_3.9.900.20250220-2013\jars\maven-resolver-api-1.9.22.jar
2025-09-07 05:23:18,653 [Worker-11: Launching Executing test in C__Users_Sumit_Desktop_New folder_Janatri] INFO  o.eclipse.m2e.core.internal.Bundles - 	Entry: C:\Users\Sumit\.p2\pool\plugins\org.eclipse.m2e.maven.runtime_3.9.900.20250220-2013\jars\maven-resolver-connector-basic-1.9.22.jar
2025-09-07 05:23:18,653 [Worker-11: Launching Executing test in C__Users_Sumit_Desktop_New folder_Janatri] INFO  o.eclipse.m2e.core.internal.Bundles - 	Entry: C:\Users\Sumit\.p2\pool\plugins\org.eclipse.m2e.maven.runtime_3.9.900.20250220-2013\jars\maven-resolver-impl-1.9.22.jar
2025-09-07 05:23:18,653 [Worker-11: Launching Executing test in C__Users_Sumit_Desktop_New folder_Janatri] INFO  o.eclipse.m2e.core.internal.Bundles - 	Entry: C:\Users\Sumit\.p2\pool\plugins\org.eclipse.m2e.maven.runtime_3.9.900.20250220-2013\jars\maven-resolver-named-locks-1.9.22.jar
2025-09-07 05:23:18,654 [Worker-11: Launching Executing test in C__Users_Sumit_Desktop_New folder_Janatri] INFO  o.eclipse.m2e.core.internal.Bundles - 	Entry: C:\Users\Sumit\.p2\pool\plugins\org.eclipse.m2e.maven.runtime_3.9.900.20250220-2013\jars\maven-resolver-provider-3.9.9.jar
2025-09-07 05:23:18,654 [Worker-11: Launching Executing test in C__Users_Sumit_Desktop_New folder_Janatri] INFO  o.eclipse.m2e.core.internal.Bundles - 	Entry: C:\Users\Sumit\.p2\pool\plugins\org.eclipse.m2e.maven.runtime_3.9.900.20250220-2013\jars\maven-resolver-spi-1.9.22.jar
2025-09-07 05:23:18,654 [Worker-11: Launching Executing test in C__Users_Sumit_Desktop_New folder_Janatri] INFO  o.eclipse.m2e.core.internal.Bundles - 	Entry: C:\Users\Sumit\.p2\pool\plugins\org.eclipse.m2e.maven.runtime_3.9.900.20250220-2013\jars\maven-resolver-transport-file-1.9.22.jar
2025-09-07 05:23:18,655 [Worker-11: Launching Executing test in C__Users_Sumit_Desktop_New folder_Janatri] INFO  o.eclipse.m2e.core.internal.Bundles - 	Entry: C:\Users\Sumit\.p2\pool\plugins\org.eclipse.m2e.maven.runtime_3.9.900.20250220-2013\jars\maven-resolver-transport-http-1.9.22.jar
2025-09-07 05:23:18,655 [Worker-11: Launching Executing test in C__Users_Sumit_Desktop_New folder_Janatri] INFO  o.eclipse.m2e.core.internal.Bundles - 	Entry: C:\Users\Sumit\.p2\pool\plugins\org.eclipse.m2e.maven.runtime_3.9.900.20250220-2013\jars\maven-resolver-transport-wagon-1.9.22.jar
2025-09-07 05:23:18,656 [Worker-11: Launching Executing test in C__Users_Sumit_Desktop_New folder_Janatri] INFO  o.eclipse.m2e.core.internal.Bundles - 	Entry: C:\Users\Sumit\.p2\pool\plugins\org.eclipse.m2e.maven.runtime_3.9.900.20250220-2013\jars\maven-resolver-util-1.9.22.jar
2025-09-07 05:23:18,656 [Worker-11: Launching Executing test in C__Users_Sumit_Desktop_New folder_Janatri] INFO  o.eclipse.m2e.core.internal.Bundles - 	Entry: C:\Users\Sumit\.p2\pool\plugins\org.eclipse.m2e.maven.runtime_3.9.900.20250220-2013\jars\maven-settings-3.9.9.jar
2025-09-07 05:23:18,656 [Worker-11: Launching Executing test in C__Users_Sumit_Desktop_New folder_Janatri] INFO  o.eclipse.m2e.core.internal.Bundles - 	Entry: C:\Users\Sumit\.p2\pool\plugins\org.eclipse.m2e.maven.runtime_3.9.900.20250220-2013\jars\maven-settings-builder-3.9.9.jar
2025-09-07 05:23:18,657 [Worker-11: Launching Executing test in C__Users_Sumit_Desktop_New folder_Janatri] INFO  o.eclipse.m2e.core.internal.Bundles - 	Entry: C:\Users\Sumit\.p2\pool\plugins\org.eclipse.m2e.maven.runtime_3.9.900.20250220-2013\jars\maven-shared-utils-3.4.2.jar
2025-09-07 05:23:18,657 [Worker-11: Launching Executing test in C__Users_Sumit_Desktop_New folder_Janatri] INFO  o.eclipse.m2e.core.internal.Bundles - 	Entry: C:\Users\Sumit\.p2\pool\plugins\org.eclipse.m2e.maven.runtime_3.9.900.20250220-2013\jars\org.eclipse.sisu.inject-0.9.0.M3.jar
2025-09-07 05:23:18,658 [Worker-11: Launching Executing test in C__Users_Sumit_Desktop_New folder_Janatri] INFO  o.eclipse.m2e.core.internal.Bundles - 	Entry: C:\Users\Sumit\.p2\pool\plugins\org.eclipse.m2e.maven.runtime_3.9.900.20250220-2013\jars\org.eclipse.sisu.plexus-0.9.0.M3.jar
2025-09-07 05:23:18,658 [Worker-11: Launching Executing test in C__Users_Sumit_Desktop_New folder_Janatri] INFO  o.eclipse.m2e.core.internal.Bundles - 	Entry: C:\Users\Sumit\.p2\pool\plugins\org.eclipse.m2e.maven.runtime_3.9.900.20250220-2013\jars\plexus-build-api-0.0.7.jar
2025-09-07 05:23:18,658 [Worker-11: Launching Executing test in C__Users_Sumit_Desktop_New folder_Janatri] INFO  o.eclipse.m2e.core.internal.Bundles - 	Entry: C:\Users\Sumit\.p2\pool\plugins\org.eclipse.m2e.maven.runtime_3.9.900.20250220-2013\jars\plexus-build-api-1.2.0.jar
2025-09-07 05:23:18,659 [Worker-11: Launching Executing test in C__Users_Sumit_Desktop_New folder_Janatri] INFO  o.eclipse.m2e.core.internal.Bundles - 	Entry: C:\Users\Sumit\.p2\pool\plugins\org.eclipse.m2e.maven.runtime_3.9.900.20250220-2013\jars\plexus-cipher-2.0.jar
2025-09-07 05:23:18,659 [Worker-11: Launching Executing test in C__Users_Sumit_Desktop_New folder_Janatri] INFO  o.eclipse.m2e.core.internal.Bundles - 	Entry: C:\Users\Sumit\.p2\pool\plugins\org.eclipse.m2e.maven.runtime_3.9.900.20250220-2013\jars\plexus-classworlds-2.8.0.jar
2025-09-07 05:23:18,662 [Worker-11: Launching Executing test in C__Users_Sumit_Desktop_New folder_Janatri] INFO  o.eclipse.m2e.core.internal.Bundles - 	Entry: C:\Users\Sumit\.p2\pool\plugins\org.eclipse.m2e.maven.runtime_3.9.900.20250220-2013\jars\plexus-component-annotations-2.1.0.jar
2025-09-07 05:23:18,662 [Worker-11: Launching Executing test in C__Users_Sumit_Desktop_New folder_Janatri] INFO  o.eclipse.m2e.core.internal.Bundles - 	Entry: C:\Users\Sumit\.p2\pool\plugins\org.eclipse.m2e.maven.runtime_3.9.900.20250220-2013\jars\plexus-interpolation-1.27.jar
2025-09-07 05:23:18,663 [Worker-11: Launching Executing test in C__Users_Sumit_Desktop_New folder_Janatri] INFO  o.eclipse.m2e.core.internal.Bundles - 	Entry: C:\Users\Sumit\.p2\pool\plugins\org.eclipse.m2e.maven.runtime_3.9.900.20250220-2013\jars\plexus-sec-dispatcher-2.0.jar
2025-09-07 05:23:18,663 [Worker-11: Launching Executing test in C__Users_Sumit_Desktop_New folder_Janatri] INFO  o.eclipse.m2e.core.internal.Bundles - 	Entry: C:\Users\Sumit\.p2\pool\plugins\org.eclipse.m2e.maven.runtime_3.9.900.20250220-2013\jars\plexus-utils-3.5.1.jar
2025-09-07 05:23:18,664 [Worker-11: Launching Executing test in C__Users_Sumit_Desktop_New folder_Janatri] INFO  o.eclipse.m2e.core.internal.Bundles - 	Entry: C:\Users\Sumit\.p2\pool\plugins\org.eclipse.m2e.maven.runtime_3.9.900.20250220-2013\jars\plexus-xml-3.0.1.jar
2025-09-07 05:23:18,665 [Worker-11: Launching Executing test in C__Users_Sumit_Desktop_New folder_Janatri] INFO  o.eclipse.m2e.core.internal.Bundles - 	Entry: C:\Users\Sumit\.p2\pool\plugins\org.eclipse.m2e.maven.runtime_3.9.900.20250220-2013\jars\wagon-file-3.5.3.jar
2025-09-07 05:23:18,665 [Worker-11: Launching Executing test in C__Users_Sumit_Desktop_New folder_Janatri] INFO  o.eclipse.m2e.core.internal.Bundles - 	Entry: C:\Users\Sumit\.p2\pool\plugins\org.eclipse.m2e.maven.runtime_3.9.900.20250220-2013\jars\wagon-http-3.5.3.jar
2025-09-07 05:23:18,665 [Worker-11: Launching Executing test in C__Users_Sumit_Desktop_New folder_Janatri] INFO  o.eclipse.m2e.core.internal.Bundles - 	Entry: C:\Users\Sumit\.p2\pool\plugins\org.eclipse.m2e.maven.runtime_3.9.900.20250220-2013\jars\wagon-http-shared-3.5.3.jar
2025-09-07 05:23:18,665 [Worker-11: Launching Executing test in C__Users_Sumit_Desktop_New folder_Janatri] INFO  o.eclipse.m2e.core.internal.Bundles - 	Entry: C:\Users\Sumit\.p2\pool\plugins\org.eclipse.m2e.maven.runtime_3.9.900.20250220-2013\jars\wagon-provider-api-3.5.3.jar
2025-09-07 05:23:18,669 [Worker-11: Launching Executing test in C__Users_Sumit_Desktop_New folder_Janatri] INFO  o.eclipse.m2e.core.internal.Bundles - getClasspathEntries(Bundle=com.google.guava_33.4.8.jre [18])
2025-09-07 05:23:18,670 [Worker-11: Launching Executing test in C__Users_Sumit_Desktop_New folder_Janatri] INFO  o.eclipse.m2e.core.internal.Bundles - 	Entry: C:\Users\Sumit\.p2\pool\plugins\com.google.guava_33.4.8.jre.jar
2025-09-07 05:23:18,670 [Worker-11: Launching Executing test in C__Users_Sumit_Desktop_New folder_Janatri] INFO  o.eclipse.m2e.core.internal.Bundles - getClasspathEntries(Bundle=slf4j.api_2.0.17 [1004])
2025-09-07 05:23:18,671 [Worker-11: Launching Executing test in C__Users_Sumit_Desktop_New folder_Janatri] INFO  o.eclipse.m2e.core.internal.Bundles - 	Entry: C:\Users\Sumit\.p2\pool\plugins\slf4j.api_2.0.17.jar
2025-09-07 05:23:18,671 [Worker-11: Launching Executing test in C__Users_Sumit_Desktop_New folder_Janatri] INFO  o.eclipse.m2e.core.internal.Bundles - getClasspathEntries(Bundle=jakarta.inject.jakarta.inject-api_1.0.5 [35])
2025-09-07 05:23:18,673 [Worker-11: Launching Executing test in C__Users_Sumit_Desktop_New folder_Janatri] INFO  o.eclipse.m2e.core.internal.Bundles - 	Entry: C:\Users\Sumit\.p2\pool\plugins\jakarta.inject.jakarta.inject-api_1.0.5.jar
2025-09-07 05:23:18,673 [Worker-11: Launching Executing test in C__Users_Sumit_Desktop_New folder_Janatri] INFO  o.eclipse.m2e.core.internal.Bundles - getClasspathEntries(Bundle=javax.annotation_1.3.5.v20200909-1856 [45])
2025-09-07 05:23:18,674 [Worker-11: Launching Executing test in C__Users_Sumit_Desktop_New folder_Janatri] INFO  o.eclipse.m2e.core.internal.Bundles - 	Entry: C:\Users\Sumit\.p2\pool\plugins\javax.annotation_1.3.5.v20200909-1856.jar
2025-09-07 05:23:18,675 [Worker-11: Launching Executing test in C__Users_Sumit_Desktop_New folder_Janatri] INFO  o.eclipse.m2e.core.internal.Bundles - getClasspathEntries(Bundle=org.apache.commons.cli_1.9.0 [76])
2025-09-07 05:23:18,679 [Worker-11: Launching Executing test in C__Users_Sumit_Desktop_New folder_Janatri] INFO  o.eclipse.m2e.core.internal.Bundles - 	Entry: C:\Users\Sumit\.p2\pool\plugins\org.apache.commons.cli_1.9.0.jar
2025-09-07 05:23:18,680 [Worker-11: Launching Executing test in C__Users_Sumit_Desktop_New folder_Janatri] INFO  o.eclipse.m2e.core.internal.Bundles - getClasspathEntries(Bundle=org.apache.commons.commons-codec_1.16.0 [78])
2025-09-07 05:23:18,682 [Worker-11: Launching Executing test in C__Users_Sumit_Desktop_New folder_Janatri] INFO  o.eclipse.m2e.core.internal.Bundles - 	Entry: C:\Users\Sumit\.p2\pool\plugins\org.apache.commons.commons-codec_1.16.0.jar
2025-09-07 05:23:18,682 [Worker-11: Launching Executing test in C__Users_Sumit_Desktop_New folder_Janatri] INFO  o.eclipse.m2e.core.internal.Bundles - getClasspathEntries(Bundle=com.google.guava.failureaccess_1.0.3 [19])
2025-09-07 05:23:18,683 [Worker-11: Launching Executing test in C__Users_Sumit_Desktop_New folder_Janatri] INFO  o.eclipse.m2e.core.internal.Bundles - 	Entry: C:\Users\Sumit\.p2\pool\plugins\com.google.guava.failureaccess_1.0.3.jar
2025-09-07 05:23:18,688 [Worker-11: Launching Executing test in C__Users_Sumit_Desktop_New folder_Janatri] INFO  o.e.m.i.launch.MavenLaunchDelegate - Run build in "C:\Users\Sumit\Desktop\New folder\Janatri":
2025-09-07 05:23:18,701 [Worker-11: Launching Executing test in C__Users_Sumit_Desktop_New folder_Janatri] INFO  o.e.m.i.launch.MavenLaunchDelegate -  mvn  -B -Dstyle.color=always test
2025-09-07 05:24:20,371 [main] INFO  o.e.m2e.actions.ExecutePomAction - Creating new launch configuration
2025-09-07 05:25:56,129 [Start Help Server] INFO  org.eclipse.jetty.server.Server - jetty-12.0.21; built: 2025-05-09T00:32:00.688Z; git: 1c4719601e31b05b7d68910d2edd980259f1f53c; jvm 21.0.8+9-LTS
2025-09-07 05:25:56,288 [Start Help Server] INFO  o.e.j.server.handler.ContextHandler - Started oeje8n.ContextHandler$CoreContextHandler@3289d060{/help,/help,b=null,a=AVAILABLE,h=oeje8n.ContextHandler$CoreContextHandler$CoreToNestedHandler@241e56de{STARTED}}
2025-09-07 05:25:56,293 [Start Help Server] INFO  o.e.j.s.DefaultSessionIdManager - Session workerName=node0
2025-09-07 05:25:56,351 [Start Help Server] INFO  o.e.jetty.server.AbstractConnector - Started ServerConnector@9506c9a{HTTP/1.1, (http/1.1)}{127.0.0.1:50276}
2025-09-07 05:25:56,407 [Start Help Server] INFO  org.eclipse.jetty.server.Server - Started oejs.Server@2e57c358{STARTING}[12.0.21,sto=0] @940821ms
2025-09-07 05:26:30,238 [Worker-15: Building] WARN  o.a.m.s.f.DefaultMavenResourcesFiltering - Using platform encoding (UTF-8 actually) to copy filtered resources, i.e. build is platform dependent!
2025-09-07 05:26:30,253 [Worker-15: Building] INFO  o.a.m.s.f.DefaultMavenResourcesFiltering - Copying 0 resource from src\main\resources to target\classes
2025-09-07 05:26:30,258 [Worker-15: Building] WARN  o.a.m.s.f.DefaultMavenResourcesFiltering - Using platform encoding (UTF-8 actually) to copy filtered resources, i.e. build is platform dependent!
2025-09-07 05:26:30,263 [Worker-15: Building] INFO  o.a.m.s.f.DefaultMavenResourcesFiltering - Copying 0 resource from src\test\resources to target\test-classes
2025-09-07 05:26:44,747 [Worker-15: Launching Executing test in C__Users_Sumit_Desktop_New folder_Janatri] INFO  o.eclipse.m2e.core.internal.Bundles - getClasspathEntries(Bundle=org.eclipse.m2e.maven.runtime_3.9.900.20250220-2013 [639])
2025-09-07 05:26:44,750 [Worker-15: Launching Executing test in C__Users_Sumit_Desktop_New folder_Janatri] INFO  o.eclipse.m2e.core.internal.Bundles - 	Entry: C:\Users\Sumit\.p2\pool\plugins\org.eclipse.m2e.maven.runtime_3.9.900.20250220-2013
2025-09-07 05:26:44,751 [Worker-15: Launching Executing test in C__Users_Sumit_Desktop_New folder_Janatri] INFO  o.eclipse.m2e.core.internal.Bundles - 	Entry: C:\Users\Sumit\.p2\pool\plugins\org.eclipse.m2e.maven.runtime_3.9.900.20250220-2013\jars\aopalliance-1.0.jar
2025-09-07 05:26:44,752 [Worker-15: Launching Executing test in C__Users_Sumit_Desktop_New folder_Janatri] INFO  o.eclipse.m2e.core.internal.Bundles - 	Entry: C:\Users\Sumit\.p2\pool\plugins\org.eclipse.m2e.maven.runtime_3.9.900.20250220-2013\jars\guice-5.1.0.jar
2025-09-07 05:26:44,752 [Worker-15: Launching Executing test in C__Users_Sumit_Desktop_New folder_Janatri] INFO  o.eclipse.m2e.core.internal.Bundles - 	Entry: C:\Users\Sumit\.p2\pool\plugins\org.eclipse.m2e.maven.runtime_3.9.900.20250220-2013\jars\httpclient-4.5.14.jar
2025-09-07 05:26:44,753 [Worker-15: Launching Executing test in C__Users_Sumit_Desktop_New folder_Janatri] INFO  o.eclipse.m2e.core.internal.Bundles - 	Entry: C:\Users\Sumit\.p2\pool\plugins\org.eclipse.m2e.maven.runtime_3.9.900.20250220-2013\jars\httpcore-4.4.16.jar
2025-09-07 05:26:44,753 [Worker-15: Launching Executing test in C__Users_Sumit_Desktop_New folder_Janatri] INFO  o.eclipse.m2e.core.internal.Bundles - 	Entry: C:\Users\Sumit\.p2\pool\plugins\org.eclipse.m2e.maven.runtime_3.9.900.20250220-2013\jars\jansi-2.4.1.jar
2025-09-07 05:26:44,754 [Worker-15: Launching Executing test in C__Users_Sumit_Desktop_New folder_Janatri] INFO  o.eclipse.m2e.core.internal.Bundles - 	Entry: C:\Users\Sumit\.p2\pool\plugins\org.eclipse.m2e.maven.runtime_3.9.900.20250220-2013\jars\jcl-over-slf4j-1.7.36.jar
2025-09-07 05:26:44,754 [Worker-15: Launching Executing test in C__Users_Sumit_Desktop_New folder_Janatri] INFO  o.eclipse.m2e.core.internal.Bundles - 	Entry: C:\Users\Sumit\.p2\pool\plugins\org.eclipse.m2e.maven.runtime_3.9.900.20250220-2013\jars\maven-artifact-3.9.9.jar
2025-09-07 05:26:44,755 [Worker-15: Launching Executing test in C__Users_Sumit_Desktop_New folder_Janatri] INFO  o.eclipse.m2e.core.internal.Bundles - 	Entry: C:\Users\Sumit\.p2\pool\plugins\org.eclipse.m2e.maven.runtime_3.9.900.20250220-2013\jars\maven-builder-support-3.9.9.jar
2025-09-07 05:26:44,755 [Worker-15: Launching Executing test in C__Users_Sumit_Desktop_New folder_Janatri] INFO  o.eclipse.m2e.core.internal.Bundles - 	Entry: C:\Users\Sumit\.p2\pool\plugins\org.eclipse.m2e.maven.runtime_3.9.900.20250220-2013\jars\maven-compat-3.9.9.jar
2025-09-07 05:26:44,755 [Worker-15: Launching Executing test in C__Users_Sumit_Desktop_New folder_Janatri] INFO  o.eclipse.m2e.core.internal.Bundles - 	Entry: C:\Users\Sumit\.p2\pool\plugins\org.eclipse.m2e.maven.runtime_3.9.900.20250220-2013\jars\maven-core-3.9.9.jar
2025-09-07 05:26:44,756 [Worker-15: Launching Executing test in C__Users_Sumit_Desktop_New folder_Janatri] INFO  o.eclipse.m2e.core.internal.Bundles - 	Entry: C:\Users\Sumit\.p2\pool\plugins\org.eclipse.m2e.maven.runtime_3.9.900.20250220-2013\jars\maven-embedder-3.9.9.jar
2025-09-07 05:26:44,756 [Worker-15: Launching Executing test in C__Users_Sumit_Desktop_New folder_Janatri] INFO  o.eclipse.m2e.core.internal.Bundles - 	Entry: C:\Users\Sumit\.p2\pool\plugins\org.eclipse.m2e.maven.runtime_3.9.900.20250220-2013\jars\maven-model-3.9.9.jar
2025-09-07 05:26:44,757 [Worker-15: Launching Executing test in C__Users_Sumit_Desktop_New folder_Janatri] INFO  o.eclipse.m2e.core.internal.Bundles - 	Entry: C:\Users\Sumit\.p2\pool\plugins\org.eclipse.m2e.maven.runtime_3.9.900.20250220-2013\jars\maven-model-builder-3.9.9.jar
2025-09-07 05:26:44,757 [Worker-15: Launching Executing test in C__Users_Sumit_Desktop_New folder_Janatri] INFO  o.eclipse.m2e.core.internal.Bundles - 	Entry: C:\Users\Sumit\.p2\pool\plugins\org.eclipse.m2e.maven.runtime_3.9.900.20250220-2013\jars\maven-plugin-api-3.9.9.jar
2025-09-07 05:26:44,757 [Worker-15: Launching Executing test in C__Users_Sumit_Desktop_New folder_Janatri] INFO  o.eclipse.m2e.core.internal.Bundles - 	Entry: C:\Users\Sumit\.p2\pool\plugins\org.eclipse.m2e.maven.runtime_3.9.900.20250220-2013\jars\maven-repository-metadata-3.9.9.jar
2025-09-07 05:26:44,758 [Worker-15: Launching Executing test in C__Users_Sumit_Desktop_New folder_Janatri] INFO  o.eclipse.m2e.core.internal.Bundles - 	Entry: C:\Users\Sumit\.p2\pool\plugins\org.eclipse.m2e.maven.runtime_3.9.900.20250220-2013\jars\maven-resolver-api-1.9.22.jar
2025-09-07 05:26:44,758 [Worker-15: Launching Executing test in C__Users_Sumit_Desktop_New folder_Janatri] INFO  o.eclipse.m2e.core.internal.Bundles - 	Entry: C:\Users\Sumit\.p2\pool\plugins\org.eclipse.m2e.maven.runtime_3.9.900.20250220-2013\jars\maven-resolver-connector-basic-1.9.22.jar
2025-09-07 05:26:44,758 [Worker-15: Launching Executing test in C__Users_Sumit_Desktop_New folder_Janatri] INFO  o.eclipse.m2e.core.internal.Bundles - 	Entry: C:\Users\Sumit\.p2\pool\plugins\org.eclipse.m2e.maven.runtime_3.9.900.20250220-2013\jars\maven-resolver-impl-1.9.22.jar
2025-09-07 05:26:44,759 [Worker-15: Launching Executing test in C__Users_Sumit_Desktop_New folder_Janatri] INFO  o.eclipse.m2e.core.internal.Bundles - 	Entry: C:\Users\Sumit\.p2\pool\plugins\org.eclipse.m2e.maven.runtime_3.9.900.20250220-2013\jars\maven-resolver-named-locks-1.9.22.jar
2025-09-07 05:26:44,760 [Worker-15: Launching Executing test in C__Users_Sumit_Desktop_New folder_Janatri] INFO  o.eclipse.m2e.core.internal.Bundles - 	Entry: C:\Users\Sumit\.p2\pool\plugins\org.eclipse.m2e.maven.runtime_3.9.900.20250220-2013\jars\maven-resolver-provider-3.9.9.jar
2025-09-07 05:26:44,762 [Worker-15: Launching Executing test in C__Users_Sumit_Desktop_New folder_Janatri] INFO  o.eclipse.m2e.core.internal.Bundles - 	Entry: C:\Users\Sumit\.p2\pool\plugins\org.eclipse.m2e.maven.runtime_3.9.900.20250220-2013\jars\maven-resolver-spi-1.9.22.jar
2025-09-07 05:26:44,763 [Worker-15: Launching Executing test in C__Users_Sumit_Desktop_New folder_Janatri] INFO  o.eclipse.m2e.core.internal.Bundles - 	Entry: C:\Users\Sumit\.p2\pool\plugins\org.eclipse.m2e.maven.runtime_3.9.900.20250220-2013\jars\maven-resolver-transport-file-1.9.22.jar
2025-09-07 05:26:44,764 [Worker-15: Launching Executing test in C__Users_Sumit_Desktop_New folder_Janatri] INFO  o.eclipse.m2e.core.internal.Bundles - 	Entry: C:\Users\Sumit\.p2\pool\plugins\org.eclipse.m2e.maven.runtime_3.9.900.20250220-2013\jars\maven-resolver-transport-http-1.9.22.jar
2025-09-07 05:26:44,764 [Worker-15: Launching Executing test in C__Users_Sumit_Desktop_New folder_Janatri] INFO  o.eclipse.m2e.core.internal.Bundles - 	Entry: C:\Users\Sumit\.p2\pool\plugins\org.eclipse.m2e.maven.runtime_3.9.900.20250220-2013\jars\maven-resolver-transport-wagon-1.9.22.jar
2025-09-07 05:26:44,765 [Worker-15: Launching Executing test in C__Users_Sumit_Desktop_New folder_Janatri] INFO  o.eclipse.m2e.core.internal.Bundles - 	Entry: C:\Users\Sumit\.p2\pool\plugins\org.eclipse.m2e.maven.runtime_3.9.900.20250220-2013\jars\maven-resolver-util-1.9.22.jar
2025-09-07 05:26:44,765 [Worker-15: Launching Executing test in C__Users_Sumit_Desktop_New folder_Janatri] INFO  o.eclipse.m2e.core.internal.Bundles - 	Entry: C:\Users\Sumit\.p2\pool\plugins\org.eclipse.m2e.maven.runtime_3.9.900.20250220-2013\jars\maven-settings-3.9.9.jar
2025-09-07 05:26:44,765 [Worker-15: Launching Executing test in C__Users_Sumit_Desktop_New folder_Janatri] INFO  o.eclipse.m2e.core.internal.Bundles - 	Entry: C:\Users\Sumit\.p2\pool\plugins\org.eclipse.m2e.maven.runtime_3.9.900.20250220-2013\jars\maven-settings-builder-3.9.9.jar
2025-09-07 05:26:44,765 [Worker-15: Launching Executing test in C__Users_Sumit_Desktop_New folder_Janatri] INFO  o.eclipse.m2e.core.internal.Bundles - 	Entry: C:\Users\Sumit\.p2\pool\plugins\org.eclipse.m2e.maven.runtime_3.9.900.20250220-2013\jars\maven-shared-utils-3.4.2.jar
2025-09-07 05:26:44,766 [Worker-15: Launching Executing test in C__Users_Sumit_Desktop_New folder_Janatri] INFO  o.eclipse.m2e.core.internal.Bundles - 	Entry: C:\Users\Sumit\.p2\pool\plugins\org.eclipse.m2e.maven.runtime_3.9.900.20250220-2013\jars\org.eclipse.sisu.inject-0.9.0.M3.jar
2025-09-07 05:26:44,766 [Worker-15: Launching Executing test in C__Users_Sumit_Desktop_New folder_Janatri] INFO  o.eclipse.m2e.core.internal.Bundles - 	Entry: C:\Users\Sumit\.p2\pool\plugins\org.eclipse.m2e.maven.runtime_3.9.900.20250220-2013\jars\org.eclipse.sisu.plexus-0.9.0.M3.jar
2025-09-07 05:26:44,766 [Worker-15: Launching Executing test in C__Users_Sumit_Desktop_New folder_Janatri] INFO  o.eclipse.m2e.core.internal.Bundles - 	Entry: C:\Users\Sumit\.p2\pool\plugins\org.eclipse.m2e.maven.runtime_3.9.900.20250220-2013\jars\plexus-build-api-0.0.7.jar
2025-09-07 05:26:44,766 [Worker-15: Launching Executing test in C__Users_Sumit_Desktop_New folder_Janatri] INFO  o.eclipse.m2e.core.internal.Bundles - 	Entry: C:\Users\Sumit\.p2\pool\plugins\org.eclipse.m2e.maven.runtime_3.9.900.20250220-2013\jars\plexus-build-api-1.2.0.jar
2025-09-07 05:26:44,767 [Worker-15: Launching Executing test in C__Users_Sumit_Desktop_New folder_Janatri] INFO  o.eclipse.m2e.core.internal.Bundles - 	Entry: C:\Users\Sumit\.p2\pool\plugins\org.eclipse.m2e.maven.runtime_3.9.900.20250220-2013\jars\plexus-cipher-2.0.jar
2025-09-07 05:26:44,767 [Worker-15: Launching Executing test in C__Users_Sumit_Desktop_New folder_Janatri] INFO  o.eclipse.m2e.core.internal.Bundles - 	Entry: C:\Users\Sumit\.p2\pool\plugins\org.eclipse.m2e.maven.runtime_3.9.900.20250220-2013\jars\plexus-classworlds-2.8.0.jar
2025-09-07 05:26:44,767 [Worker-15: Launching Executing test in C__Users_Sumit_Desktop_New folder_Janatri] INFO  o.eclipse.m2e.core.internal.Bundles - 	Entry: C:\Users\Sumit\.p2\pool\plugins\org.eclipse.m2e.maven.runtime_3.9.900.20250220-2013\jars\plexus-component-annotations-2.1.0.jar
2025-09-07 05:26:44,767 [Worker-15: Launching Executing test in C__Users_Sumit_Desktop_New folder_Janatri] INFO  o.eclipse.m2e.core.internal.Bundles - 	Entry: C:\Users\Sumit\.p2\pool\plugins\org.eclipse.m2e.maven.runtime_3.9.900.20250220-2013\jars\plexus-interpolation-1.27.jar
2025-09-07 05:26:44,768 [Worker-15: Launching Executing test in C__Users_Sumit_Desktop_New folder_Janatri] INFO  o.eclipse.m2e.core.internal.Bundles - 	Entry: C:\Users\Sumit\.p2\pool\plugins\org.eclipse.m2e.maven.runtime_3.9.900.20250220-2013\jars\plexus-sec-dispatcher-2.0.jar
2025-09-07 05:26:44,768 [Worker-15: Launching Executing test in C__Users_Sumit_Desktop_New folder_Janatri] INFO  o.eclipse.m2e.core.internal.Bundles - 	Entry: C:\Users\Sumit\.p2\pool\plugins\org.eclipse.m2e.maven.runtime_3.9.900.20250220-2013\jars\plexus-utils-3.5.1.jar
2025-09-07 05:26:44,768 [Worker-15: Launching Executing test in C__Users_Sumit_Desktop_New folder_Janatri] INFO  o.eclipse.m2e.core.internal.Bundles - 	Entry: C:\Users\Sumit\.p2\pool\plugins\org.eclipse.m2e.maven.runtime_3.9.900.20250220-2013\jars\plexus-xml-3.0.1.jar
2025-09-07 05:26:44,769 [Worker-15: Launching Executing test in C__Users_Sumit_Desktop_New folder_Janatri] INFO  o.eclipse.m2e.core.internal.Bundles - 	Entry: C:\Users\Sumit\.p2\pool\plugins\org.eclipse.m2e.maven.runtime_3.9.900.20250220-2013\jars\wagon-file-3.5.3.jar
2025-09-07 05:26:44,769 [Worker-15: Launching Executing test in C__Users_Sumit_Desktop_New folder_Janatri] INFO  o.eclipse.m2e.core.internal.Bundles - 	Entry: C:\Users\Sumit\.p2\pool\plugins\org.eclipse.m2e.maven.runtime_3.9.900.20250220-2013\jars\wagon-http-3.5.3.jar
2025-09-07 05:26:44,769 [Worker-15: Launching Executing test in C__Users_Sumit_Desktop_New folder_Janatri] INFO  o.eclipse.m2e.core.internal.Bundles - 	Entry: C:\Users\Sumit\.p2\pool\plugins\org.eclipse.m2e.maven.runtime_3.9.900.20250220-2013\jars\wagon-http-shared-3.5.3.jar
2025-09-07 05:26:44,769 [Worker-15: Launching Executing test in C__Users_Sumit_Desktop_New folder_Janatri] INFO  o.eclipse.m2e.core.internal.Bundles - 	Entry: C:\Users\Sumit\.p2\pool\plugins\org.eclipse.m2e.maven.runtime_3.9.900.20250220-2013\jars\wagon-provider-api-3.5.3.jar
2025-09-07 05:26:44,770 [Worker-15: Launching Executing test in C__Users_Sumit_Desktop_New folder_Janatri] INFO  o.eclipse.m2e.core.internal.Bundles - getClasspathEntries(Bundle=com.google.guava_33.4.8.jre [18])
2025-09-07 05:26:44,771 [Worker-15: Launching Executing test in C__Users_Sumit_Desktop_New folder_Janatri] INFO  o.eclipse.m2e.core.internal.Bundles - 	Entry: C:\Users\Sumit\.p2\pool\plugins\com.google.guava_33.4.8.jre.jar
2025-09-07 05:26:44,771 [Worker-15: Launching Executing test in C__Users_Sumit_Desktop_New folder_Janatri] INFO  o.eclipse.m2e.core.internal.Bundles - getClasspathEntries(Bundle=slf4j.api_2.0.17 [1004])
2025-09-07 05:26:44,772 [Worker-15: Launching Executing test in C__Users_Sumit_Desktop_New folder_Janatri] INFO  o.eclipse.m2e.core.internal.Bundles - 	Entry: C:\Users\Sumit\.p2\pool\plugins\slf4j.api_2.0.17.jar
2025-09-07 05:26:44,773 [Worker-15: Launching Executing test in C__Users_Sumit_Desktop_New folder_Janatri] INFO  o.eclipse.m2e.core.internal.Bundles - getClasspathEntries(Bundle=jakarta.inject.jakarta.inject-api_1.0.5 [35])
2025-09-07 05:26:44,774 [Worker-15: Launching Executing test in C__Users_Sumit_Desktop_New folder_Janatri] INFO  o.eclipse.m2e.core.internal.Bundles - 	Entry: C:\Users\Sumit\.p2\pool\plugins\jakarta.inject.jakarta.inject-api_1.0.5.jar
2025-09-07 05:26:44,774 [Worker-15: Launching Executing test in C__Users_Sumit_Desktop_New folder_Janatri] INFO  o.eclipse.m2e.core.internal.Bundles - getClasspathEntries(Bundle=javax.annotation_1.3.5.v20200909-1856 [45])
2025-09-07 05:26:44,775 [Worker-15: Launching Executing test in C__Users_Sumit_Desktop_New folder_Janatri] INFO  o.eclipse.m2e.core.internal.Bundles - 	Entry: C:\Users\Sumit\.p2\pool\plugins\javax.annotation_1.3.5.v20200909-1856.jar
2025-09-07 05:26:44,775 [Worker-15: Launching Executing test in C__Users_Sumit_Desktop_New folder_Janatri] INFO  o.eclipse.m2e.core.internal.Bundles - getClasspathEntries(Bundle=org.apache.commons.cli_1.9.0 [76])
2025-09-07 05:26:44,777 [Worker-15: Launching Executing test in C__Users_Sumit_Desktop_New folder_Janatri] INFO  o.eclipse.m2e.core.internal.Bundles - 	Entry: C:\Users\Sumit\.p2\pool\plugins\org.apache.commons.cli_1.9.0.jar
2025-09-07 05:26:44,778 [Worker-15: Launching Executing test in C__Users_Sumit_Desktop_New folder_Janatri] INFO  o.eclipse.m2e.core.internal.Bundles - getClasspathEntries(Bundle=org.apache.commons.commons-codec_1.16.0 [78])
2025-09-07 05:26:44,781 [Worker-15: Launching Executing test in C__Users_Sumit_Desktop_New folder_Janatri] INFO  o.eclipse.m2e.core.internal.Bundles - 	Entry: C:\Users\Sumit\.p2\pool\plugins\org.apache.commons.commons-codec_1.16.0.jar
2025-09-07 05:26:44,781 [Worker-15: Launching Executing test in C__Users_Sumit_Desktop_New folder_Janatri] INFO  o.eclipse.m2e.core.internal.Bundles - getClasspathEntries(Bundle=com.google.guava.failureaccess_1.0.3 [19])
2025-09-07 05:26:44,782 [Worker-15: Launching Executing test in C__Users_Sumit_Desktop_New folder_Janatri] INFO  o.eclipse.m2e.core.internal.Bundles - 	Entry: C:\Users\Sumit\.p2\pool\plugins\com.google.guava.failureaccess_1.0.3.jar
2025-09-07 05:26:44,786 [Worker-15: Launching Executing test in C__Users_Sumit_Desktop_New folder_Janatri] INFO  o.e.m.i.launch.MavenLaunchDelegate - Run build in "C:\Users\Sumit\Desktop\New folder\Janatri":
2025-09-07 05:26:44,786 [Worker-15: Launching Executing test in C__Users_Sumit_Desktop_New folder_Janatri] INFO  o.e.m.i.launch.MavenLaunchDelegate -  mvn  -B -Dstyle.color=always test
2025-09-07 05:27:57,673 [Worker-14: Building] WARN  o.a.m.s.f.DefaultMavenResourcesFiltering - Using platform encoding (UTF-8 actually) to copy filtered resources, i.e. build is platform dependent!
2025-09-07 05:27:57,675 [Worker-14: Building] INFO  o.a.m.s.f.DefaultMavenResourcesFiltering - Copying 0 resource from src\main\resources to target\classes
2025-09-07 05:27:57,683 [Worker-14: Building] WARN  o.a.m.s.f.DefaultMavenResourcesFiltering - Using platform encoding (UTF-8 actually) to copy filtered resources, i.e. build is platform dependent!
2025-09-07 05:27:57,685 [Worker-14: Building] INFO  o.a.m.s.f.DefaultMavenResourcesFiltering - Copying 0 resource from src\test\resources to target\test-classes
2025-09-07 05:28:08,425 [Worker-11: Launching Executing test in C__Users_Sumit_Desktop_New folder_Janatri] INFO  o.eclipse.m2e.core.internal.Bundles - getClasspathEntries(Bundle=org.eclipse.m2e.maven.runtime_3.9.900.20250220-2013 [639])
2025-09-07 05:28:08,428 [Worker-11: Launching Executing test in C__Users_Sumit_Desktop_New folder_Janatri] INFO  o.eclipse.m2e.core.internal.Bundles - 	Entry: C:\Users\Sumit\.p2\pool\plugins\org.eclipse.m2e.maven.runtime_3.9.900.20250220-2013
2025-09-07 05:28:08,429 [Worker-11: Launching Executing test in C__Users_Sumit_Desktop_New folder_Janatri] INFO  o.eclipse.m2e.core.internal.Bundles - 	Entry: C:\Users\Sumit\.p2\pool\plugins\org.eclipse.m2e.maven.runtime_3.9.900.20250220-2013\jars\aopalliance-1.0.jar
2025-09-07 05:28:08,430 [Worker-11: Launching Executing test in C__Users_Sumit_Desktop_New folder_Janatri] INFO  o.eclipse.m2e.core.internal.Bundles - 	Entry: C:\Users\Sumit\.p2\pool\plugins\org.eclipse.m2e.maven.runtime_3.9.900.20250220-2013\jars\guice-5.1.0.jar
2025-09-07 05:28:08,431 [Worker-11: Launching Executing test in C__Users_Sumit_Desktop_New folder_Janatri] INFO  o.eclipse.m2e.core.internal.Bundles - 	Entry: C:\Users\Sumit\.p2\pool\plugins\org.eclipse.m2e.maven.runtime_3.9.900.20250220-2013\jars\httpclient-4.5.14.jar
2025-09-07 05:28:08,432 [Worker-11: Launching Executing test in C__Users_Sumit_Desktop_New folder_Janatri] INFO  o.eclipse.m2e.core.internal.Bundles - 	Entry: C:\Users\Sumit\.p2\pool\plugins\org.eclipse.m2e.maven.runtime_3.9.900.20250220-2013\jars\httpcore-4.4.16.jar
2025-09-07 05:28:08,432 [Worker-11: Launching Executing test in C__Users_Sumit_Desktop_New folder_Janatri] INFO  o.eclipse.m2e.core.internal.Bundles - 	Entry: C:\Users\Sumit\.p2\pool\plugins\org.eclipse.m2e.maven.runtime_3.9.900.20250220-2013\jars\jansi-2.4.1.jar
2025-09-07 05:28:08,433 [Worker-11: Launching Executing test in C__Users_Sumit_Desktop_New folder_Janatri] INFO  o.eclipse.m2e.core.internal.Bundles - 	Entry: C:\Users\Sumit\.p2\pool\plugins\org.eclipse.m2e.maven.runtime_3.9.900.20250220-2013\jars\jcl-over-slf4j-1.7.36.jar
2025-09-07 05:28:08,433 [Worker-11: Launching Executing test in C__Users_Sumit_Desktop_New folder_Janatri] INFO  o.eclipse.m2e.core.internal.Bundles - 	Entry: C:\Users\Sumit\.p2\pool\plugins\org.eclipse.m2e.maven.runtime_3.9.900.20250220-2013\jars\maven-artifact-3.9.9.jar
2025-09-07 05:28:08,434 [Worker-11: Launching Executing test in C__Users_Sumit_Desktop_New folder_Janatri] INFO  o.eclipse.m2e.core.internal.Bundles - 	Entry: C:\Users\Sumit\.p2\pool\plugins\org.eclipse.m2e.maven.runtime_3.9.900.20250220-2013\jars\maven-builder-support-3.9.9.jar
2025-09-07 05:28:08,434 [Worker-11: Launching Executing test in C__Users_Sumit_Desktop_New folder_Janatri] INFO  o.eclipse.m2e.core.internal.Bundles - 	Entry: C:\Users\Sumit\.p2\pool\plugins\org.eclipse.m2e.maven.runtime_3.9.900.20250220-2013\jars\maven-compat-3.9.9.jar
2025-09-07 05:28:08,435 [Worker-11: Launching Executing test in C__Users_Sumit_Desktop_New folder_Janatri] INFO  o.eclipse.m2e.core.internal.Bundles - 	Entry: C:\Users\Sumit\.p2\pool\plugins\org.eclipse.m2e.maven.runtime_3.9.900.20250220-2013\jars\maven-core-3.9.9.jar
2025-09-07 05:28:08,435 [Worker-11: Launching Executing test in C__Users_Sumit_Desktop_New folder_Janatri] INFO  o.eclipse.m2e.core.internal.Bundles - 	Entry: C:\Users\Sumit\.p2\pool\plugins\org.eclipse.m2e.maven.runtime_3.9.900.20250220-2013\jars\maven-embedder-3.9.9.jar
2025-09-07 05:28:08,435 [Worker-11: Launching Executing test in C__Users_Sumit_Desktop_New folder_Janatri] INFO  o.eclipse.m2e.core.internal.Bundles - 	Entry: C:\Users\Sumit\.p2\pool\plugins\org.eclipse.m2e.maven.runtime_3.9.900.20250220-2013\jars\maven-model-3.9.9.jar
2025-09-07 05:28:08,436 [Worker-11: Launching Executing test in C__Users_Sumit_Desktop_New folder_Janatri] INFO  o.eclipse.m2e.core.internal.Bundles - 	Entry: C:\Users\Sumit\.p2\pool\plugins\org.eclipse.m2e.maven.runtime_3.9.900.20250220-2013\jars\maven-model-builder-3.9.9.jar
2025-09-07 05:28:08,436 [Worker-11: Launching Executing test in C__Users_Sumit_Desktop_New folder_Janatri] INFO  o.eclipse.m2e.core.internal.Bundles - 	Entry: C:\Users\Sumit\.p2\pool\plugins\org.eclipse.m2e.maven.runtime_3.9.900.20250220-2013\jars\maven-plugin-api-3.9.9.jar
2025-09-07 05:28:08,436 [Worker-11: Launching Executing test in C__Users_Sumit_Desktop_New folder_Janatri] INFO  o.eclipse.m2e.core.internal.Bundles - 	Entry: C:\Users\Sumit\.p2\pool\plugins\org.eclipse.m2e.maven.runtime_3.9.900.20250220-2013\jars\maven-repository-metadata-3.9.9.jar
2025-09-07 05:28:08,437 [Worker-11: Launching Executing test in C__Users_Sumit_Desktop_New folder_Janatri] INFO  o.eclipse.m2e.core.internal.Bundles - 	Entry: C:\Users\Sumit\.p2\pool\plugins\org.eclipse.m2e.maven.runtime_3.9.900.20250220-2013\jars\maven-resolver-api-1.9.22.jar
2025-09-07 05:28:08,437 [Worker-11: Launching Executing test in C__Users_Sumit_Desktop_New folder_Janatri] INFO  o.eclipse.m2e.core.internal.Bundles - 	Entry: C:\Users\Sumit\.p2\pool\plugins\org.eclipse.m2e.maven.runtime_3.9.900.20250220-2013\jars\maven-resolver-connector-basic-1.9.22.jar
2025-09-07 05:28:08,437 [Worker-11: Launching Executing test in C__Users_Sumit_Desktop_New folder_Janatri] INFO  o.eclipse.m2e.core.internal.Bundles - 	Entry: C:\Users\Sumit\.p2\pool\plugins\org.eclipse.m2e.maven.runtime_3.9.900.20250220-2013\jars\maven-resolver-impl-1.9.22.jar
2025-09-07 05:28:08,438 [Worker-11: Launching Executing test in C__Users_Sumit_Desktop_New folder_Janatri] INFO  o.eclipse.m2e.core.internal.Bundles - 	Entry: C:\Users\Sumit\.p2\pool\plugins\org.eclipse.m2e.maven.runtime_3.9.900.20250220-2013\jars\maven-resolver-named-locks-1.9.22.jar
2025-09-07 05:28:08,438 [Worker-11: Launching Executing test in C__Users_Sumit_Desktop_New folder_Janatri] INFO  o.eclipse.m2e.core.internal.Bundles - 	Entry: C:\Users\Sumit\.p2\pool\plugins\org.eclipse.m2e.maven.runtime_3.9.900.20250220-2013\jars\maven-resolver-provider-3.9.9.jar
2025-09-07 05:28:08,438 [Worker-11: Launching Executing test in C__Users_Sumit_Desktop_New folder_Janatri] INFO  o.eclipse.m2e.core.internal.Bundles - 	Entry: C:\Users\Sumit\.p2\pool\plugins\org.eclipse.m2e.maven.runtime_3.9.900.20250220-2013\jars\maven-resolver-spi-1.9.22.jar
2025-09-07 05:28:08,439 [Worker-11: Launching Executing test in C__Users_Sumit_Desktop_New folder_Janatri] INFO  o.eclipse.m2e.core.internal.Bundles - 	Entry: C:\Users\Sumit\.p2\pool\plugins\org.eclipse.m2e.maven.runtime_3.9.900.20250220-2013\jars\maven-resolver-transport-file-1.9.22.jar
2025-09-07 05:28:08,439 [Worker-11: Launching Executing test in C__Users_Sumit_Desktop_New folder_Janatri] INFO  o.eclipse.m2e.core.internal.Bundles - 	Entry: C:\Users\Sumit\.p2\pool\plugins\org.eclipse.m2e.maven.runtime_3.9.900.20250220-2013\jars\maven-resolver-transport-http-1.9.22.jar
2025-09-07 05:28:08,439 [Worker-11: Launching Executing test in C__Users_Sumit_Desktop_New folder_Janatri] INFO  o.eclipse.m2e.core.internal.Bundles - 	Entry: C:\Users\Sumit\.p2\pool\plugins\org.eclipse.m2e.maven.runtime_3.9.900.20250220-2013\jars\maven-resolver-transport-wagon-1.9.22.jar
2025-09-07 05:28:08,440 [Worker-11: Launching Executing test in C__Users_Sumit_Desktop_New folder_Janatri] INFO  o.eclipse.m2e.core.internal.Bundles - 	Entry: C:\Users\Sumit\.p2\pool\plugins\org.eclipse.m2e.maven.runtime_3.9.900.20250220-2013\jars\maven-resolver-util-1.9.22.jar
2025-09-07 05:28:08,440 [Worker-11: Launching Executing test in C__Users_Sumit_Desktop_New folder_Janatri] INFO  o.eclipse.m2e.core.internal.Bundles - 	Entry: C:\Users\Sumit\.p2\pool\plugins\org.eclipse.m2e.maven.runtime_3.9.900.20250220-2013\jars\maven-settings-3.9.9.jar
2025-09-07 05:28:08,440 [Worker-11: Launching Executing test in C__Users_Sumit_Desktop_New folder_Janatri] INFO  o.eclipse.m2e.core.internal.Bundles - 	Entry: C:\Users\Sumit\.p2\pool\plugins\org.eclipse.m2e.maven.runtime_3.9.900.20250220-2013\jars\maven-settings-builder-3.9.9.jar
2025-09-07 05:28:08,440 [Worker-11: Launching Executing test in C__Users_Sumit_Desktop_New folder_Janatri] INFO  o.eclipse.m2e.core.internal.Bundles - 	Entry: C:\Users\Sumit\.p2\pool\plugins\org.eclipse.m2e.maven.runtime_3.9.900.20250220-2013\jars\maven-shared-utils-3.4.2.jar
2025-09-07 05:28:08,441 [Worker-11: Launching Executing test in C__Users_Sumit_Desktop_New folder_Janatri] INFO  o.eclipse.m2e.core.internal.Bundles - 	Entry: C:\Users\Sumit\.p2\pool\plugins\org.eclipse.m2e.maven.runtime_3.9.900.20250220-2013\jars\org.eclipse.sisu.inject-0.9.0.M3.jar
2025-09-07 05:28:08,441 [Worker-11: Launching Executing test in C__Users_Sumit_Desktop_New folder_Janatri] INFO  o.eclipse.m2e.core.internal.Bundles - 	Entry: C:\Users\Sumit\.p2\pool\plugins\org.eclipse.m2e.maven.runtime_3.9.900.20250220-2013\jars\org.eclipse.sisu.plexus-0.9.0.M3.jar
2025-09-07 05:28:08,441 [Worker-11: Launching Executing test in C__Users_Sumit_Desktop_New folder_Janatri] INFO  o.eclipse.m2e.core.internal.Bundles - 	Entry: C:\Users\Sumit\.p2\pool\plugins\org.eclipse.m2e.maven.runtime_3.9.900.20250220-2013\jars\plexus-build-api-0.0.7.jar
2025-09-07 05:28:08,441 [Worker-11: Launching Executing test in C__Users_Sumit_Desktop_New folder_Janatri] INFO  o.eclipse.m2e.core.internal.Bundles - 	Entry: C:\Users\Sumit\.p2\pool\plugins\org.eclipse.m2e.maven.runtime_3.9.900.20250220-2013\jars\plexus-build-api-1.2.0.jar
2025-09-07 05:28:08,442 [Worker-11: Launching Executing test in C__Users_Sumit_Desktop_New folder_Janatri] INFO  o.eclipse.m2e.core.internal.Bundles - 	Entry: C:\Users\Sumit\.p2\pool\plugins\org.eclipse.m2e.maven.runtime_3.9.900.20250220-2013\jars\plexus-cipher-2.0.jar
2025-09-07 05:28:08,442 [Worker-11: Launching Executing test in C__Users_Sumit_Desktop_New folder_Janatri] INFO  o.eclipse.m2e.core.internal.Bundles - 	Entry: C:\Users\Sumit\.p2\pool\plugins\org.eclipse.m2e.maven.runtime_3.9.900.20250220-2013\jars\plexus-classworlds-2.8.0.jar
2025-09-07 05:28:08,443 [Worker-11: Launching Executing test in C__Users_Sumit_Desktop_New folder_Janatri] INFO  o.eclipse.m2e.core.internal.Bundles - 	Entry: C:\Users\Sumit\.p2\pool\plugins\org.eclipse.m2e.maven.runtime_3.9.900.20250220-2013\jars\plexus-component-annotations-2.1.0.jar
2025-09-07 05:28:08,443 [Worker-11: Launching Executing test in C__Users_Sumit_Desktop_New folder_Janatri] INFO  o.eclipse.m2e.core.internal.Bundles - 	Entry: C:\Users\Sumit\.p2\pool\plugins\org.eclipse.m2e.maven.runtime_3.9.900.20250220-2013\jars\plexus-interpolation-1.27.jar
2025-09-07 05:28:08,444 [Worker-11: Launching Executing test in C__Users_Sumit_Desktop_New folder_Janatri] INFO  o.eclipse.m2e.core.internal.Bundles - 	Entry: C:\Users\Sumit\.p2\pool\plugins\org.eclipse.m2e.maven.runtime_3.9.900.20250220-2013\jars\plexus-sec-dispatcher-2.0.jar
2025-09-07 05:28:08,446 [Worker-11: Launching Executing test in C__Users_Sumit_Desktop_New folder_Janatri] INFO  o.eclipse.m2e.core.internal.Bundles - 	Entry: C:\Users\Sumit\.p2\pool\plugins\org.eclipse.m2e.maven.runtime_3.9.900.20250220-2013\jars\plexus-utils-3.5.1.jar
2025-09-07 05:28:08,446 [Worker-11: Launching Executing test in C__Users_Sumit_Desktop_New folder_Janatri] INFO  o.eclipse.m2e.core.internal.Bundles - 	Entry: C:\Users\Sumit\.p2\pool\plugins\org.eclipse.m2e.maven.runtime_3.9.900.20250220-2013\jars\plexus-xml-3.0.1.jar
2025-09-07 05:28:08,447 [Worker-11: Launching Executing test in C__Users_Sumit_Desktop_New folder_Janatri] INFO  o.eclipse.m2e.core.internal.Bundles - 	Entry: C:\Users\Sumit\.p2\pool\plugins\org.eclipse.m2e.maven.runtime_3.9.900.20250220-2013\jars\wagon-file-3.5.3.jar
2025-09-07 05:28:08,447 [Worker-11: Launching Executing test in C__Users_Sumit_Desktop_New folder_Janatri] INFO  o.eclipse.m2e.core.internal.Bundles - 	Entry: C:\Users\Sumit\.p2\pool\plugins\org.eclipse.m2e.maven.runtime_3.9.900.20250220-2013\jars\wagon-http-3.5.3.jar
2025-09-07 05:28:08,447 [Worker-11: Launching Executing test in C__Users_Sumit_Desktop_New folder_Janatri] INFO  o.eclipse.m2e.core.internal.Bundles - 	Entry: C:\Users\Sumit\.p2\pool\plugins\org.eclipse.m2e.maven.runtime_3.9.900.20250220-2013\jars\wagon-http-shared-3.5.3.jar
2025-09-07 05:28:08,448 [Worker-11: Launching Executing test in C__Users_Sumit_Desktop_New folder_Janatri] INFO  o.eclipse.m2e.core.internal.Bundles - 	Entry: C:\Users\Sumit\.p2\pool\plugins\org.eclipse.m2e.maven.runtime_3.9.900.20250220-2013\jars\wagon-provider-api-3.5.3.jar
2025-09-07 05:28:08,448 [Worker-11: Launching Executing test in C__Users_Sumit_Desktop_New folder_Janatri] INFO  o.eclipse.m2e.core.internal.Bundles - getClasspathEntries(Bundle=com.google.guava_33.4.8.jre [18])
2025-09-07 05:28:08,449 [Worker-11: Launching Executing test in C__Users_Sumit_Desktop_New folder_Janatri] INFO  o.eclipse.m2e.core.internal.Bundles - 	Entry: C:\Users\Sumit\.p2\pool\plugins\com.google.guava_33.4.8.jre.jar
2025-09-07 05:28:08,449 [Worker-11: Launching Executing test in C__Users_Sumit_Desktop_New folder_Janatri] INFO  o.eclipse.m2e.core.internal.Bundles - getClasspathEntries(Bundle=slf4j.api_2.0.17 [1004])
2025-09-07 05:28:08,450 [Worker-11: Launching Executing test in C__Users_Sumit_Desktop_New folder_Janatri] INFO  o.eclipse.m2e.core.internal.Bundles - 	Entry: C:\Users\Sumit\.p2\pool\plugins\slf4j.api_2.0.17.jar
2025-09-07 05:28:08,450 [Worker-11: Launching Executing test in C__Users_Sumit_Desktop_New folder_Janatri] INFO  o.eclipse.m2e.core.internal.Bundles - getClasspathEntries(Bundle=jakarta.inject.jakarta.inject-api_1.0.5 [35])
2025-09-07 05:28:08,450 [Worker-11: Launching Executing test in C__Users_Sumit_Desktop_New folder_Janatri] INFO  o.eclipse.m2e.core.internal.Bundles - 	Entry: C:\Users\Sumit\.p2\pool\plugins\jakarta.inject.jakarta.inject-api_1.0.5.jar
2025-09-07 05:28:08,450 [Worker-11: Launching Executing test in C__Users_Sumit_Desktop_New folder_Janatri] INFO  o.eclipse.m2e.core.internal.Bundles - getClasspathEntries(Bundle=javax.annotation_1.3.5.v20200909-1856 [45])
2025-09-07 05:28:08,451 [Worker-11: Launching Executing test in C__Users_Sumit_Desktop_New folder_Janatri] INFO  o.eclipse.m2e.core.internal.Bundles - 	Entry: C:\Users\Sumit\.p2\pool\plugins\javax.annotation_1.3.5.v20200909-1856.jar
2025-09-07 05:28:08,451 [Worker-11: Launching Executing test in C__Users_Sumit_Desktop_New folder_Janatri] INFO  o.eclipse.m2e.core.internal.Bundles - getClasspathEntries(Bundle=org.apache.commons.cli_1.9.0 [76])
2025-09-07 05:28:08,452 [Worker-11: Launching Executing test in C__Users_Sumit_Desktop_New folder_Janatri] INFO  o.eclipse.m2e.core.internal.Bundles - 	Entry: C:\Users\Sumit\.p2\pool\plugins\org.apache.commons.cli_1.9.0.jar
2025-09-07 05:28:08,452 [Worker-11: Launching Executing test in C__Users_Sumit_Desktop_New folder_Janatri] INFO  o.eclipse.m2e.core.internal.Bundles - getClasspathEntries(Bundle=org.apache.commons.commons-codec_1.16.0 [78])
2025-09-07 05:28:08,453 [Worker-11: Launching Executing test in C__Users_Sumit_Desktop_New folder_Janatri] INFO  o.eclipse.m2e.core.internal.Bundles - 	Entry: C:\Users\Sumit\.p2\pool\plugins\org.apache.commons.commons-codec_1.16.0.jar
2025-09-07 05:28:08,453 [Worker-11: Launching Executing test in C__Users_Sumit_Desktop_New folder_Janatri] INFO  o.eclipse.m2e.core.internal.Bundles - getClasspathEntries(Bundle=com.google.guava.failureaccess_1.0.3 [19])
2025-09-07 05:28:08,454 [Worker-11: Launching Executing test in C__Users_Sumit_Desktop_New folder_Janatri] INFO  o.eclipse.m2e.core.internal.Bundles - 	Entry: C:\Users\Sumit\.p2\pool\plugins\com.google.guava.failureaccess_1.0.3.jar
2025-09-07 05:28:08,456 [Worker-11: Launching Executing test in C__Users_Sumit_Desktop_New folder_Janatri] INFO  o.e.m.i.launch.MavenLaunchDelegate - Run build in "C:\Users\Sumit\Desktop\New folder\Janatri":
2025-09-07 05:28:08,457 [Worker-11: Launching Executing test in C__Users_Sumit_Desktop_New folder_Janatri] INFO  o.e.m.i.launch.MavenLaunchDelegate -  mvn  -B -Dstyle.color=always test
2025-09-07 05:28:58,275 [Worker-15: Building] INFO  o.e.m.c.i.l.LifecycleMappingFactory - Using org.eclipse.m2e.jdt.JarLifecycleMapping lifecycle mapping for MavenProject: com.janatri:Janatri:0.0.1-SNAPSHOT @ C:\Users\Sumit\Desktop\New folder\Janatri\pom.xml.
2025-09-07 05:28:59,524 [Worker-15: Building] WARN  o.a.m.s.f.DefaultMavenResourcesFiltering - Using platform encoding (UTF-8 actually) to copy filtered resources, i.e. build is platform dependent!
2025-09-07 05:28:59,529 [Worker-15: Building] INFO  o.a.m.s.f.DefaultMavenResourcesFiltering - Copying 0 resource from src\main\resources to target\classes
2025-09-07 05:28:59,534 [Worker-15: Building] WARN  o.a.m.s.f.DefaultMavenResourcesFiltering - Using platform encoding (UTF-8 actually) to copy filtered resources, i.e. build is platform dependent!
2025-09-07 05:28:59,536 [Worker-15: Building] INFO  o.a.m.s.f.DefaultMavenResourcesFiltering - Copying 0 resource from src\test\resources to target\test-classes
2025-09-07 05:29:01,490 [Worker-4: Building] WARN  o.a.m.s.f.DefaultMavenResourcesFiltering - Using platform encoding (UTF-8 actually) to copy filtered resources, i.e. build is platform dependent!
2025-09-07 05:29:01,496 [Worker-4: Building] INFO  o.a.m.s.f.DefaultMavenResourcesFiltering - Copying 0 resource from src\main\resources to target\classes
2025-09-07 05:29:01,502 [Worker-4: Building] WARN  o.a.m.s.f.DefaultMavenResourcesFiltering - Using platform encoding (UTF-8 actually) to copy filtered resources, i.e. build is platform dependent!
2025-09-07 05:29:01,504 [Worker-4: Building] INFO  o.a.m.s.f.DefaultMavenResourcesFiltering - Copying 0 resource from src\test\resources to target\test-classes
2025-09-07 05:29:21,447 [Worker-19: Building] WARN  o.a.m.s.f.DefaultMavenResourcesFiltering - Using platform encoding (UTF-8 actually) to copy filtered resources, i.e. build is platform dependent!
2025-09-07 05:29:21,450 [Worker-19: Building] INFO  o.a.m.s.f.DefaultMavenResourcesFiltering - Copying 0 resource from src\main\resources to target\classes
2025-09-07 05:29:21,455 [Worker-19: Building] WARN  o.a.m.s.f.DefaultMavenResourcesFiltering - Using platform encoding (UTF-8 actually) to copy filtered resources, i.e. build is platform dependent!
2025-09-07 05:29:21,457 [Worker-19: Building] INFO  o.a.m.s.f.DefaultMavenResourcesFiltering - Copying 0 resource from src\test\resources to target\test-classes
2025-09-07 05:29:30,323 [Worker-11: Launching Executing test in C__Users_Sumit_Desktop_New folder_Janatri] INFO  o.eclipse.m2e.core.internal.Bundles - getClasspathEntries(Bundle=org.eclipse.m2e.maven.runtime_3.9.900.20250220-2013 [639])
2025-09-07 05:29:30,325 [Worker-11: Launching Executing test in C__Users_Sumit_Desktop_New folder_Janatri] INFO  o.eclipse.m2e.core.internal.Bundles - 	Entry: C:\Users\Sumit\.p2\pool\plugins\org.eclipse.m2e.maven.runtime_3.9.900.20250220-2013
2025-09-07 05:29:30,325 [Worker-11: Launching Executing test in C__Users_Sumit_Desktop_New folder_Janatri] INFO  o.eclipse.m2e.core.internal.Bundles - 	Entry: C:\Users\Sumit\.p2\pool\plugins\org.eclipse.m2e.maven.runtime_3.9.900.20250220-2013\jars\aopalliance-1.0.jar
2025-09-07 05:29:30,325 [Worker-11: Launching Executing test in C__Users_Sumit_Desktop_New folder_Janatri] INFO  o.eclipse.m2e.core.internal.Bundles - 	Entry: C:\Users\Sumit\.p2\pool\plugins\org.eclipse.m2e.maven.runtime_3.9.900.20250220-2013\jars\guice-5.1.0.jar
2025-09-07 05:29:30,327 [Worker-11: Launching Executing test in C__Users_Sumit_Desktop_New folder_Janatri] INFO  o.eclipse.m2e.core.internal.Bundles - 	Entry: C:\Users\Sumit\.p2\pool\plugins\org.eclipse.m2e.maven.runtime_3.9.900.20250220-2013\jars\httpclient-4.5.14.jar
2025-09-07 05:29:30,329 [Worker-11: Launching Executing test in C__Users_Sumit_Desktop_New folder_Janatri] INFO  o.eclipse.m2e.core.internal.Bundles - 	Entry: C:\Users\Sumit\.p2\pool\plugins\org.eclipse.m2e.maven.runtime_3.9.900.20250220-2013\jars\httpcore-4.4.16.jar
2025-09-07 05:29:30,330 [Worker-11: Launching Executing test in C__Users_Sumit_Desktop_New folder_Janatri] INFO  o.eclipse.m2e.core.internal.Bundles - 	Entry: C:\Users\Sumit\.p2\pool\plugins\org.eclipse.m2e.maven.runtime_3.9.900.20250220-2013\jars\jansi-2.4.1.jar
2025-09-07 05:29:30,331 [Worker-11: Launching Executing test in C__Users_Sumit_Desktop_New folder_Janatri] INFO  o.eclipse.m2e.core.internal.Bundles - 	Entry: C:\Users\Sumit\.p2\pool\plugins\org.eclipse.m2e.maven.runtime_3.9.900.20250220-2013\jars\jcl-over-slf4j-1.7.36.jar
2025-09-07 05:29:30,332 [Worker-11: Launching Executing test in C__Users_Sumit_Desktop_New folder_Janatri] INFO  o.eclipse.m2e.core.internal.Bundles - 	Entry: C:\Users\Sumit\.p2\pool\plugins\org.eclipse.m2e.maven.runtime_3.9.900.20250220-2013\jars\maven-artifact-3.9.9.jar
2025-09-07 05:29:30,333 [Worker-11: Launching Executing test in C__Users_Sumit_Desktop_New folder_Janatri] INFO  o.eclipse.m2e.core.internal.Bundles - 	Entry: C:\Users\Sumit\.p2\pool\plugins\org.eclipse.m2e.maven.runtime_3.9.900.20250220-2013\jars\maven-builder-support-3.9.9.jar
2025-09-07 05:29:30,333 [Worker-11: Launching Executing test in C__Users_Sumit_Desktop_New folder_Janatri] INFO  o.eclipse.m2e.core.internal.Bundles - 	Entry: C:\Users\Sumit\.p2\pool\plugins\org.eclipse.m2e.maven.runtime_3.9.900.20250220-2013\jars\maven-compat-3.9.9.jar
2025-09-07 05:29:30,334 [Worker-11: Launching Executing test in C__Users_Sumit_Desktop_New folder_Janatri] INFO  o.eclipse.m2e.core.internal.Bundles - 	Entry: C:\Users\Sumit\.p2\pool\plugins\org.eclipse.m2e.maven.runtime_3.9.900.20250220-2013\jars\maven-core-3.9.9.jar
2025-09-07 05:29:30,334 [Worker-11: Launching Executing test in C__Users_Sumit_Desktop_New folder_Janatri] INFO  o.eclipse.m2e.core.internal.Bundles - 	Entry: C:\Users\Sumit\.p2\pool\plugins\org.eclipse.m2e.maven.runtime_3.9.900.20250220-2013\jars\maven-embedder-3.9.9.jar
2025-09-07 05:29:30,335 [Worker-11: Launching Executing test in C__Users_Sumit_Desktop_New folder_Janatri] INFO  o.eclipse.m2e.core.internal.Bundles - 	Entry: C:\Users\Sumit\.p2\pool\plugins\org.eclipse.m2e.maven.runtime_3.9.900.20250220-2013\jars\maven-model-3.9.9.jar
2025-09-07 05:29:30,335 [Worker-11: Launching Executing test in C__Users_Sumit_Desktop_New folder_Janatri] INFO  o.eclipse.m2e.core.internal.Bundles - 	Entry: C:\Users\Sumit\.p2\pool\plugins\org.eclipse.m2e.maven.runtime_3.9.900.20250220-2013\jars\maven-model-builder-3.9.9.jar
2025-09-07 05:29:30,336 [Worker-11: Launching Executing test in C__Users_Sumit_Desktop_New folder_Janatri] INFO  o.eclipse.m2e.core.internal.Bundles - 	Entry: C:\Users\Sumit\.p2\pool\plugins\org.eclipse.m2e.maven.runtime_3.9.900.20250220-2013\jars\maven-plugin-api-3.9.9.jar
2025-09-07 05:29:30,337 [Worker-11: Launching Executing test in C__Users_Sumit_Desktop_New folder_Janatri] INFO  o.eclipse.m2e.core.internal.Bundles - 	Entry: C:\Users\Sumit\.p2\pool\plugins\org.eclipse.m2e.maven.runtime_3.9.900.20250220-2013\jars\maven-repository-metadata-3.9.9.jar
2025-09-07 05:29:30,337 [Worker-11: Launching Executing test in C__Users_Sumit_Desktop_New folder_Janatri] INFO  o.eclipse.m2e.core.internal.Bundles - 	Entry: C:\Users\Sumit\.p2\pool\plugins\org.eclipse.m2e.maven.runtime_3.9.900.20250220-2013\jars\maven-resolver-api-1.9.22.jar
2025-09-07 05:29:30,337 [Worker-11: Launching Executing test in C__Users_Sumit_Desktop_New folder_Janatri] INFO  o.eclipse.m2e.core.internal.Bundles - 	Entry: C:\Users\Sumit\.p2\pool\plugins\org.eclipse.m2e.maven.runtime_3.9.900.20250220-2013\jars\maven-resolver-connector-basic-1.9.22.jar
2025-09-07 05:29:30,338 [Worker-11: Launching Executing test in C__Users_Sumit_Desktop_New folder_Janatri] INFO  o.eclipse.m2e.core.internal.Bundles - 	Entry: C:\Users\Sumit\.p2\pool\plugins\org.eclipse.m2e.maven.runtime_3.9.900.20250220-2013\jars\maven-resolver-impl-1.9.22.jar
2025-09-07 05:29:30,338 [Worker-11: Launching Executing test in C__Users_Sumit_Desktop_New folder_Janatri] INFO  o.eclipse.m2e.core.internal.Bundles - 	Entry: C:\Users\Sumit\.p2\pool\plugins\org.eclipse.m2e.maven.runtime_3.9.900.20250220-2013\jars\maven-resolver-named-locks-1.9.22.jar
2025-09-07 05:29:30,338 [Worker-11: Launching Executing test in C__Users_Sumit_Desktop_New folder_Janatri] INFO  o.eclipse.m2e.core.internal.Bundles - 	Entry: C:\Users\Sumit\.p2\pool\plugins\org.eclipse.m2e.maven.runtime_3.9.900.20250220-2013\jars\maven-resolver-provider-3.9.9.jar
2025-09-07 05:29:30,339 [Worker-11: Launching Executing test in C__Users_Sumit_Desktop_New folder_Janatri] INFO  o.eclipse.m2e.core.internal.Bundles - 	Entry: C:\Users\Sumit\.p2\pool\plugins\org.eclipse.m2e.maven.runtime_3.9.900.20250220-2013\jars\maven-resolver-spi-1.9.22.jar
2025-09-07 05:29:30,339 [Worker-11: Launching Executing test in C__Users_Sumit_Desktop_New folder_Janatri] INFO  o.eclipse.m2e.core.internal.Bundles - 	Entry: C:\Users\Sumit\.p2\pool\plugins\org.eclipse.m2e.maven.runtime_3.9.900.20250220-2013\jars\maven-resolver-transport-file-1.9.22.jar
2025-09-07 05:29:30,339 [Worker-11: Launching Executing test in C__Users_Sumit_Desktop_New folder_Janatri] INFO  o.eclipse.m2e.core.internal.Bundles - 	Entry: C:\Users\Sumit\.p2\pool\plugins\org.eclipse.m2e.maven.runtime_3.9.900.20250220-2013\jars\maven-resolver-transport-http-1.9.22.jar
2025-09-07 05:29:30,339 [Worker-11: Launching Executing test in C__Users_Sumit_Desktop_New folder_Janatri] INFO  o.eclipse.m2e.core.internal.Bundles - 	Entry: C:\Users\Sumit\.p2\pool\plugins\org.eclipse.m2e.maven.runtime_3.9.900.20250220-2013\jars\maven-resolver-transport-wagon-1.9.22.jar
2025-09-07 05:29:30,340 [Worker-11: Launching Executing test in C__Users_Sumit_Desktop_New folder_Janatri] INFO  o.eclipse.m2e.core.internal.Bundles - 	Entry: C:\Users\Sumit\.p2\pool\plugins\org.eclipse.m2e.maven.runtime_3.9.900.20250220-2013\jars\maven-resolver-util-1.9.22.jar
2025-09-07 05:29:30,340 [Worker-11: Launching Executing test in C__Users_Sumit_Desktop_New folder_Janatri] INFO  o.eclipse.m2e.core.internal.Bundles - 	Entry: C:\Users\Sumit\.p2\pool\plugins\org.eclipse.m2e.maven.runtime_3.9.900.20250220-2013\jars\maven-settings-3.9.9.jar
2025-09-07 05:29:30,340 [Worker-11: Launching Executing test in C__Users_Sumit_Desktop_New folder_Janatri] INFO  o.eclipse.m2e.core.internal.Bundles - 	Entry: C:\Users\Sumit\.p2\pool\plugins\org.eclipse.m2e.maven.runtime_3.9.900.20250220-2013\jars\maven-settings-builder-3.9.9.jar
2025-09-07 05:29:30,340 [Worker-11: Launching Executing test in C__Users_Sumit_Desktop_New folder_Janatri] INFO  o.eclipse.m2e.core.internal.Bundles - 	Entry: C:\Users\Sumit\.p2\pool\plugins\org.eclipse.m2e.maven.runtime_3.9.900.20250220-2013\jars\maven-shared-utils-3.4.2.jar
2025-09-07 05:29:30,341 [Worker-11: Launching Executing test in C__Users_Sumit_Desktop_New folder_Janatri] INFO  o.eclipse.m2e.core.internal.Bundles - 	Entry: C:\Users\Sumit\.p2\pool\plugins\org.eclipse.m2e.maven.runtime_3.9.900.20250220-2013\jars\org.eclipse.sisu.inject-0.9.0.M3.jar
2025-09-07 05:29:30,341 [Worker-11: Launching Executing test in C__Users_Sumit_Desktop_New folder_Janatri] INFO  o.eclipse.m2e.core.internal.Bundles - 	Entry: C:\Users\Sumit\.p2\pool\plugins\org.eclipse.m2e.maven.runtime_3.9.900.20250220-2013\jars\org.eclipse.sisu.plexus-0.9.0.M3.jar
2025-09-07 05:29:30,341 [Worker-11: Launching Executing test in C__Users_Sumit_Desktop_New folder_Janatri] INFO  o.eclipse.m2e.core.internal.Bundles - 	Entry: C:\Users\Sumit\.p2\pool\plugins\org.eclipse.m2e.maven.runtime_3.9.900.20250220-2013\jars\plexus-build-api-0.0.7.jar
2025-09-07 05:29:30,341 [Worker-11: Launching Executing test in C__Users_Sumit_Desktop_New folder_Janatri] INFO  o.eclipse.m2e.core.internal.Bundles - 	Entry: C:\Users\Sumit\.p2\pool\plugins\org.eclipse.m2e.maven.runtime_3.9.900.20250220-2013\jars\plexus-build-api-1.2.0.jar
2025-09-07 05:29:30,342 [Worker-11: Launching Executing test in C__Users_Sumit_Desktop_New folder_Janatri] INFO  o.eclipse.m2e.core.internal.Bundles - 	Entry: C:\Users\Sumit\.p2\pool\plugins\org.eclipse.m2e.maven.runtime_3.9.900.20250220-2013\jars\plexus-cipher-2.0.jar
2025-09-07 05:29:30,342 [Worker-11: Launching Executing test in C__Users_Sumit_Desktop_New folder_Janatri] INFO  o.eclipse.m2e.core.internal.Bundles - 	Entry: C:\Users\Sumit\.p2\pool\plugins\org.eclipse.m2e.maven.runtime_3.9.900.20250220-2013\jars\plexus-classworlds-2.8.0.jar
2025-09-07 05:29:30,343 [Worker-11: Launching Executing test in C__Users_Sumit_Desktop_New folder_Janatri] INFO  o.eclipse.m2e.core.internal.Bundles - 	Entry: C:\Users\Sumit\.p2\pool\plugins\org.eclipse.m2e.maven.runtime_3.9.900.20250220-2013\jars\plexus-component-annotations-2.1.0.jar
2025-09-07 05:29:30,346 [Worker-11: Launching Executing test in C__Users_Sumit_Desktop_New folder_Janatri] INFO  o.eclipse.m2e.core.internal.Bundles - 	Entry: C:\Users\Sumit\.p2\pool\plugins\org.eclipse.m2e.maven.runtime_3.9.900.20250220-2013\jars\plexus-interpolation-1.27.jar
2025-09-07 05:29:30,347 [Worker-11: Launching Executing test in C__Users_Sumit_Desktop_New folder_Janatri] INFO  o.eclipse.m2e.core.internal.Bundles - 	Entry: C:\Users\Sumit\.p2\pool\plugins\org.eclipse.m2e.maven.runtime_3.9.900.20250220-2013\jars\plexus-sec-dispatcher-2.0.jar
2025-09-07 05:29:30,347 [Worker-11: Launching Executing test in C__Users_Sumit_Desktop_New folder_Janatri] INFO  o.eclipse.m2e.core.internal.Bundles - 	Entry: C:\Users\Sumit\.p2\pool\plugins\org.eclipse.m2e.maven.runtime_3.9.900.20250220-2013\jars\plexus-utils-3.5.1.jar
2025-09-07 05:29:30,348 [Worker-11: Launching Executing test in C__Users_Sumit_Desktop_New folder_Janatri] INFO  o.eclipse.m2e.core.internal.Bundles - 	Entry: C:\Users\Sumit\.p2\pool\plugins\org.eclipse.m2e.maven.runtime_3.9.900.20250220-2013\jars\plexus-xml-3.0.1.jar
2025-09-07 05:29:30,348 [Worker-11: Launching Executing test in C__Users_Sumit_Desktop_New folder_Janatri] INFO  o.eclipse.m2e.core.internal.Bundles - 	Entry: C:\Users\Sumit\.p2\pool\plugins\org.eclipse.m2e.maven.runtime_3.9.900.20250220-2013\jars\wagon-file-3.5.3.jar
2025-09-07 05:29:30,349 [Worker-11: Launching Executing test in C__Users_Sumit_Desktop_New folder_Janatri] INFO  o.eclipse.m2e.core.internal.Bundles - 	Entry: C:\Users\Sumit\.p2\pool\plugins\org.eclipse.m2e.maven.runtime_3.9.900.20250220-2013\jars\wagon-http-3.5.3.jar
2025-09-07 05:29:30,349 [Worker-11: Launching Executing test in C__Users_Sumit_Desktop_New folder_Janatri] INFO  o.eclipse.m2e.core.internal.Bundles - 	Entry: C:\Users\Sumit\.p2\pool\plugins\org.eclipse.m2e.maven.runtime_3.9.900.20250220-2013\jars\wagon-http-shared-3.5.3.jar
2025-09-07 05:29:30,349 [Worker-11: Launching Executing test in C__Users_Sumit_Desktop_New folder_Janatri] INFO  o.eclipse.m2e.core.internal.Bundles - 	Entry: C:\Users\Sumit\.p2\pool\plugins\org.eclipse.m2e.maven.runtime_3.9.900.20250220-2013\jars\wagon-provider-api-3.5.3.jar
2025-09-07 05:29:30,350 [Worker-11: Launching Executing test in C__Users_Sumit_Desktop_New folder_Janatri] INFO  o.eclipse.m2e.core.internal.Bundles - getClasspathEntries(Bundle=com.google.guava_33.4.8.jre [18])
2025-09-07 05:29:30,351 [Worker-11: Launching Executing test in C__Users_Sumit_Desktop_New folder_Janatri] INFO  o.eclipse.m2e.core.internal.Bundles - 	Entry: C:\Users\Sumit\.p2\pool\plugins\com.google.guava_33.4.8.jre.jar
2025-09-07 05:29:30,351 [Worker-11: Launching Executing test in C__Users_Sumit_Desktop_New folder_Janatri] INFO  o.eclipse.m2e.core.internal.Bundles - getClasspathEntries(Bundle=slf4j.api_2.0.17 [1004])
2025-09-07 05:29:30,352 [Worker-11: Launching Executing test in C__Users_Sumit_Desktop_New folder_Janatri] INFO  o.eclipse.m2e.core.internal.Bundles - 	Entry: C:\Users\Sumit\.p2\pool\plugins\slf4j.api_2.0.17.jar
2025-09-07 05:29:30,352 [Worker-11: Launching Executing test in C__Users_Sumit_Desktop_New folder_Janatri] INFO  o.eclipse.m2e.core.internal.Bundles - getClasspathEntries(Bundle=jakarta.inject.jakarta.inject-api_1.0.5 [35])
2025-09-07 05:29:30,353 [Worker-11: Launching Executing test in C__Users_Sumit_Desktop_New folder_Janatri] INFO  o.eclipse.m2e.core.internal.Bundles - 	Entry: C:\Users\Sumit\.p2\pool\plugins\jakarta.inject.jakarta.inject-api_1.0.5.jar
2025-09-07 05:29:30,353 [Worker-11: Launching Executing test in C__Users_Sumit_Desktop_New folder_Janatri] INFO  o.eclipse.m2e.core.internal.Bundles - getClasspathEntries(Bundle=javax.annotation_1.3.5.v20200909-1856 [45])
2025-09-07 05:29:30,354 [Worker-11: Launching Executing test in C__Users_Sumit_Desktop_New folder_Janatri] INFO  o.eclipse.m2e.core.internal.Bundles - 	Entry: C:\Users\Sumit\.p2\pool\plugins\javax.annotation_1.3.5.v20200909-1856.jar
2025-09-07 05:29:30,354 [Worker-11: Launching Executing test in C__Users_Sumit_Desktop_New folder_Janatri] INFO  o.eclipse.m2e.core.internal.Bundles - getClasspathEntries(Bundle=org.apache.commons.cli_1.9.0 [76])
2025-09-07 05:29:30,354 [Worker-11: Launching Executing test in C__Users_Sumit_Desktop_New folder_Janatri] INFO  o.eclipse.m2e.core.internal.Bundles - 	Entry: C:\Users\Sumit\.p2\pool\plugins\org.apache.commons.cli_1.9.0.jar
2025-09-07 05:29:30,355 [Worker-11: Launching Executing test in C__Users_Sumit_Desktop_New folder_Janatri] INFO  o.eclipse.m2e.core.internal.Bundles - getClasspathEntries(Bundle=org.apache.commons.commons-codec_1.16.0 [78])
2025-09-07 05:29:30,356 [Worker-11: Launching Executing test in C__Users_Sumit_Desktop_New folder_Janatri] INFO  o.eclipse.m2e.core.internal.Bundles - 	Entry: C:\Users\Sumit\.p2\pool\plugins\org.apache.commons.commons-codec_1.16.0.jar
2025-09-07 05:29:30,356 [Worker-11: Launching Executing test in C__Users_Sumit_Desktop_New folder_Janatri] INFO  o.eclipse.m2e.core.internal.Bundles - getClasspathEntries(Bundle=com.google.guava.failureaccess_1.0.3 [19])
2025-09-07 05:29:30,357 [Worker-11: Launching Executing test in C__Users_Sumit_Desktop_New folder_Janatri] INFO  o.eclipse.m2e.core.internal.Bundles - 	Entry: C:\Users\Sumit\.p2\pool\plugins\com.google.guava.failureaccess_1.0.3.jar
2025-09-07 05:29:30,360 [Worker-11: Launching Executing test in C__Users_Sumit_Desktop_New folder_Janatri] INFO  o.e.m.i.launch.MavenLaunchDelegate - Run build in "C:\Users\Sumit\Desktop\New folder\Janatri":
2025-09-07 05:29:30,362 [Worker-11: Launching Executing test in C__Users_Sumit_Desktop_New folder_Janatri] INFO  o.e.m.i.launch.MavenLaunchDelegate -  mvn  -B -Dstyle.color=always test
2025-09-07 05:30:50,802 [Worker-14: Building] WARN  o.a.m.s.f.DefaultMavenResourcesFiltering - Using platform encoding (UTF-8 actually) to copy filtered resources, i.e. build is platform dependent!
2025-09-07 05:30:50,805 [Worker-14: Building] INFO  o.a.m.s.f.DefaultMavenResourcesFiltering - Copying 0 resource from src\main\resources to target\classes
2025-09-07 05:30:50,809 [Worker-14: Building] WARN  o.a.m.s.f.DefaultMavenResourcesFiltering - Using platform encoding (UTF-8 actually) to copy filtered resources, i.e. build is platform dependent!
2025-09-07 05:30:50,812 [Worker-14: Building] INFO  o.a.m.s.f.DefaultMavenResourcesFiltering - Copying 0 resource from src\test\resources to target\test-classes
2025-09-07 05:30:58,631 [Worker-16: Building] WARN  o.a.m.s.f.DefaultMavenResourcesFiltering - Using platform encoding (UTF-8 actually) to copy filtered resources, i.e. build is platform dependent!
2025-09-07 05:30:58,633 [Worker-16: Building] INFO  o.a.m.s.f.DefaultMavenResourcesFiltering - Copying 0 resource from src\main\resources to target\classes
2025-09-07 05:30:58,637 [Worker-16: Building] WARN  o.a.m.s.f.DefaultMavenResourcesFiltering - Using platform encoding (UTF-8 actually) to copy filtered resources, i.e. build is platform dependent!
2025-09-07 05:30:58,639 [Worker-16: Building] INFO  o.a.m.s.f.DefaultMavenResourcesFiltering - Copying 0 resource from src\test\resources to target\test-classes
2025-09-07 05:31:05,784 [Worker-11: Launching Executing test in C__Users_Sumit_Desktop_New folder_Janatri] INFO  o.eclipse.m2e.core.internal.Bundles - getClasspathEntries(Bundle=org.eclipse.m2e.maven.runtime_3.9.900.20250220-2013 [639])
2025-09-07 05:31:05,786 [Worker-11: Launching Executing test in C__Users_Sumit_Desktop_New folder_Janatri] INFO  o.eclipse.m2e.core.internal.Bundles - 	Entry: C:\Users\Sumit\.p2\pool\plugins\org.eclipse.m2e.maven.runtime_3.9.900.20250220-2013
2025-09-07 05:31:05,786 [Worker-11: Launching Executing test in C__Users_Sumit_Desktop_New folder_Janatri] INFO  o.eclipse.m2e.core.internal.Bundles - 	Entry: C:\Users\Sumit\.p2\pool\plugins\org.eclipse.m2e.maven.runtime_3.9.900.20250220-2013\jars\aopalliance-1.0.jar
2025-09-07 05:31:05,787 [Worker-11: Launching Executing test in C__Users_Sumit_Desktop_New folder_Janatri] INFO  o.eclipse.m2e.core.internal.Bundles - 	Entry: C:\Users\Sumit\.p2\pool\plugins\org.eclipse.m2e.maven.runtime_3.9.900.20250220-2013\jars\guice-5.1.0.jar
2025-09-07 05:31:05,787 [Worker-11: Launching Executing test in C__Users_Sumit_Desktop_New folder_Janatri] INFO  o.eclipse.m2e.core.internal.Bundles - 	Entry: C:\Users\Sumit\.p2\pool\plugins\org.eclipse.m2e.maven.runtime_3.9.900.20250220-2013\jars\httpclient-4.5.14.jar
2025-09-07 05:31:05,788 [Worker-11: Launching Executing test in C__Users_Sumit_Desktop_New folder_Janatri] INFO  o.eclipse.m2e.core.internal.Bundles - 	Entry: C:\Users\Sumit\.p2\pool\plugins\org.eclipse.m2e.maven.runtime_3.9.900.20250220-2013\jars\httpcore-4.4.16.jar
2025-09-07 05:31:05,788 [Worker-11: Launching Executing test in C__Users_Sumit_Desktop_New folder_Janatri] INFO  o.eclipse.m2e.core.internal.Bundles - 	Entry: C:\Users\Sumit\.p2\pool\plugins\org.eclipse.m2e.maven.runtime_3.9.900.20250220-2013\jars\jansi-2.4.1.jar
2025-09-07 05:31:05,789 [Worker-11: Launching Executing test in C__Users_Sumit_Desktop_New folder_Janatri] INFO  o.eclipse.m2e.core.internal.Bundles - 	Entry: C:\Users\Sumit\.p2\pool\plugins\org.eclipse.m2e.maven.runtime_3.9.900.20250220-2013\jars\jcl-over-slf4j-1.7.36.jar
2025-09-07 05:31:05,789 [Worker-11: Launching Executing test in C__Users_Sumit_Desktop_New folder_Janatri] INFO  o.eclipse.m2e.core.internal.Bundles - 	Entry: C:\Users\Sumit\.p2\pool\plugins\org.eclipse.m2e.maven.runtime_3.9.900.20250220-2013\jars\maven-artifact-3.9.9.jar
2025-09-07 05:31:05,790 [Worker-11: Launching Executing test in C__Users_Sumit_Desktop_New folder_Janatri] INFO  o.eclipse.m2e.core.internal.Bundles - 	Entry: C:\Users\Sumit\.p2\pool\plugins\org.eclipse.m2e.maven.runtime_3.9.900.20250220-2013\jars\maven-builder-support-3.9.9.jar
2025-09-07 05:31:05,790 [Worker-11: Launching Executing test in C__Users_Sumit_Desktop_New folder_Janatri] INFO  o.eclipse.m2e.core.internal.Bundles - 	Entry: C:\Users\Sumit\.p2\pool\plugins\org.eclipse.m2e.maven.runtime_3.9.900.20250220-2013\jars\maven-compat-3.9.9.jar
2025-09-07 05:31:05,790 [Worker-11: Launching Executing test in C__Users_Sumit_Desktop_New folder_Janatri] INFO  o.eclipse.m2e.core.internal.Bundles - 	Entry: C:\Users\Sumit\.p2\pool\plugins\org.eclipse.m2e.maven.runtime_3.9.900.20250220-2013\jars\maven-core-3.9.9.jar
2025-09-07 05:31:05,791 [Worker-11: Launching Executing test in C__Users_Sumit_Desktop_New folder_Janatri] INFO  o.eclipse.m2e.core.internal.Bundles - 	Entry: C:\Users\Sumit\.p2\pool\plugins\org.eclipse.m2e.maven.runtime_3.9.900.20250220-2013\jars\maven-embedder-3.9.9.jar
2025-09-07 05:31:05,792 [Worker-11: Launching Executing test in C__Users_Sumit_Desktop_New folder_Janatri] INFO  o.eclipse.m2e.core.internal.Bundles - 	Entry: C:\Users\Sumit\.p2\pool\plugins\org.eclipse.m2e.maven.runtime_3.9.900.20250220-2013\jars\maven-model-3.9.9.jar
2025-09-07 05:31:05,794 [Worker-11: Launching Executing test in C__Users_Sumit_Desktop_New folder_Janatri] INFO  o.eclipse.m2e.core.internal.Bundles - 	Entry: C:\Users\Sumit\.p2\pool\plugins\org.eclipse.m2e.maven.runtime_3.9.900.20250220-2013\jars\maven-model-builder-3.9.9.jar
2025-09-07 05:31:05,795 [Worker-11: Launching Executing test in C__Users_Sumit_Desktop_New folder_Janatri] INFO  o.eclipse.m2e.core.internal.Bundles - 	Entry: C:\Users\Sumit\.p2\pool\plugins\org.eclipse.m2e.maven.runtime_3.9.900.20250220-2013\jars\maven-plugin-api-3.9.9.jar
2025-09-07 05:31:05,796 [Worker-11: Launching Executing test in C__Users_Sumit_Desktop_New folder_Janatri] INFO  o.eclipse.m2e.core.internal.Bundles - 	Entry: C:\Users\Sumit\.p2\pool\plugins\org.eclipse.m2e.maven.runtime_3.9.900.20250220-2013\jars\maven-repository-metadata-3.9.9.jar
2025-09-07 05:31:05,796 [Worker-11: Launching Executing test in C__Users_Sumit_Desktop_New folder_Janatri] INFO  o.eclipse.m2e.core.internal.Bundles - 	Entry: C:\Users\Sumit\.p2\pool\plugins\org.eclipse.m2e.maven.runtime_3.9.900.20250220-2013\jars\maven-resolver-api-1.9.22.jar
2025-09-07 05:31:05,797 [Worker-11: Launching Executing test in C__Users_Sumit_Desktop_New folder_Janatri] INFO  o.eclipse.m2e.core.internal.Bundles - 	Entry: C:\Users\Sumit\.p2\pool\plugins\org.eclipse.m2e.maven.runtime_3.9.900.20250220-2013\jars\maven-resolver-connector-basic-1.9.22.jar
2025-09-07 05:31:05,797 [Worker-11: Launching Executing test in C__Users_Sumit_Desktop_New folder_Janatri] INFO  o.eclipse.m2e.core.internal.Bundles - 	Entry: C:\Users\Sumit\.p2\pool\plugins\org.eclipse.m2e.maven.runtime_3.9.900.20250220-2013\jars\maven-resolver-impl-1.9.22.jar
2025-09-07 05:31:05,798 [Worker-11: Launching Executing test in C__Users_Sumit_Desktop_New folder_Janatri] INFO  o.eclipse.m2e.core.internal.Bundles - 	Entry: C:\Users\Sumit\.p2\pool\plugins\org.eclipse.m2e.maven.runtime_3.9.900.20250220-2013\jars\maven-resolver-named-locks-1.9.22.jar
2025-09-07 05:31:05,799 [Worker-11: Launching Executing test in C__Users_Sumit_Desktop_New folder_Janatri] INFO  o.eclipse.m2e.core.internal.Bundles - 	Entry: C:\Users\Sumit\.p2\pool\plugins\org.eclipse.m2e.maven.runtime_3.9.900.20250220-2013\jars\maven-resolver-provider-3.9.9.jar
2025-09-07 05:31:05,799 [Worker-11: Launching Executing test in C__Users_Sumit_Desktop_New folder_Janatri] INFO  o.eclipse.m2e.core.internal.Bundles - 	Entry: C:\Users\Sumit\.p2\pool\plugins\org.eclipse.m2e.maven.runtime_3.9.900.20250220-2013\jars\maven-resolver-spi-1.9.22.jar
2025-09-07 05:31:05,799 [Worker-11: Launching Executing test in C__Users_Sumit_Desktop_New folder_Janatri] INFO  o.eclipse.m2e.core.internal.Bundles - 	Entry: C:\Users\Sumit\.p2\pool\plugins\org.eclipse.m2e.maven.runtime_3.9.900.20250220-2013\jars\maven-resolver-transport-file-1.9.22.jar
2025-09-07 05:31:05,800 [Worker-11: Launching Executing test in C__Users_Sumit_Desktop_New folder_Janatri] INFO  o.eclipse.m2e.core.internal.Bundles - 	Entry: C:\Users\Sumit\.p2\pool\plugins\org.eclipse.m2e.maven.runtime_3.9.900.20250220-2013\jars\maven-resolver-transport-http-1.9.22.jar
2025-09-07 05:31:05,800 [Worker-11: Launching Executing test in C__Users_Sumit_Desktop_New folder_Janatri] INFO  o.eclipse.m2e.core.internal.Bundles - 	Entry: C:\Users\Sumit\.p2\pool\plugins\org.eclipse.m2e.maven.runtime_3.9.900.20250220-2013\jars\maven-resolver-transport-wagon-1.9.22.jar
2025-09-07 05:31:05,800 [Worker-11: Launching Executing test in C__Users_Sumit_Desktop_New folder_Janatri] INFO  o.eclipse.m2e.core.internal.Bundles - 	Entry: C:\Users\Sumit\.p2\pool\plugins\org.eclipse.m2e.maven.runtime_3.9.900.20250220-2013\jars\maven-resolver-util-1.9.22.jar
2025-09-07 05:31:05,801 [Worker-11: Launching Executing test in C__Users_Sumit_Desktop_New folder_Janatri] INFO  o.eclipse.m2e.core.internal.Bundles - 	Entry: C:\Users\Sumit\.p2\pool\plugins\org.eclipse.m2e.maven.runtime_3.9.900.20250220-2013\jars\maven-settings-3.9.9.jar
2025-09-07 05:31:05,801 [Worker-11: Launching Executing test in C__Users_Sumit_Desktop_New folder_Janatri] INFO  o.eclipse.m2e.core.internal.Bundles - 	Entry: C:\Users\Sumit\.p2\pool\plugins\org.eclipse.m2e.maven.runtime_3.9.900.20250220-2013\jars\maven-settings-builder-3.9.9.jar
2025-09-07 05:31:05,801 [Worker-11: Launching Executing test in C__Users_Sumit_Desktop_New folder_Janatri] INFO  o.eclipse.m2e.core.internal.Bundles - 	Entry: C:\Users\Sumit\.p2\pool\plugins\org.eclipse.m2e.maven.runtime_3.9.900.20250220-2013\jars\maven-shared-utils-3.4.2.jar
2025-09-07 05:31:05,802 [Worker-11: Launching Executing test in C__Users_Sumit_Desktop_New folder_Janatri] INFO  o.eclipse.m2e.core.internal.Bundles - 	Entry: C:\Users\Sumit\.p2\pool\plugins\org.eclipse.m2e.maven.runtime_3.9.900.20250220-2013\jars\org.eclipse.sisu.inject-0.9.0.M3.jar
2025-09-07 05:31:05,802 [Worker-11: Launching Executing test in C__Users_Sumit_Desktop_New folder_Janatri] INFO  o.eclipse.m2e.core.internal.Bundles - 	Entry: C:\Users\Sumit\.p2\pool\plugins\org.eclipse.m2e.maven.runtime_3.9.900.20250220-2013\jars\org.eclipse.sisu.plexus-0.9.0.M3.jar
2025-09-07 05:31:05,803 [Worker-11: Launching Executing test in C__Users_Sumit_Desktop_New folder_Janatri] INFO  o.eclipse.m2e.core.internal.Bundles - 	Entry: C:\Users\Sumit\.p2\pool\plugins\org.eclipse.m2e.maven.runtime_3.9.900.20250220-2013\jars\plexus-build-api-0.0.7.jar
2025-09-07 05:31:05,804 [Worker-11: Launching Executing test in C__Users_Sumit_Desktop_New folder_Janatri] INFO  o.eclipse.m2e.core.internal.Bundles - 	Entry: C:\Users\Sumit\.p2\pool\plugins\org.eclipse.m2e.maven.runtime_3.9.900.20250220-2013\jars\plexus-build-api-1.2.0.jar
2025-09-07 05:31:05,804 [Worker-11: Launching Executing test in C__Users_Sumit_Desktop_New folder_Janatri] INFO  o.eclipse.m2e.core.internal.Bundles - 	Entry: C:\Users\Sumit\.p2\pool\plugins\org.eclipse.m2e.maven.runtime_3.9.900.20250220-2013\jars\plexus-cipher-2.0.jar
2025-09-07 05:31:05,804 [Worker-11: Launching Executing test in C__Users_Sumit_Desktop_New folder_Janatri] INFO  o.eclipse.m2e.core.internal.Bundles - 	Entry: C:\Users\Sumit\.p2\pool\plugins\org.eclipse.m2e.maven.runtime_3.9.900.20250220-2013\jars\plexus-classworlds-2.8.0.jar
2025-09-07 05:31:05,805 [Worker-11: Launching Executing test in C__Users_Sumit_Desktop_New folder_Janatri] INFO  o.eclipse.m2e.core.internal.Bundles - 	Entry: C:\Users\Sumit\.p2\pool\plugins\org.eclipse.m2e.maven.runtime_3.9.900.20250220-2013\jars\plexus-component-annotations-2.1.0.jar
2025-09-07 05:31:05,806 [Worker-11: Launching Executing test in C__Users_Sumit_Desktop_New folder_Janatri] INFO  o.eclipse.m2e.core.internal.Bundles - 	Entry: C:\Users\Sumit\.p2\pool\plugins\org.eclipse.m2e.maven.runtime_3.9.900.20250220-2013\jars\plexus-interpolation-1.27.jar
2025-09-07 05:31:05,806 [Worker-11: Launching Executing test in C__Users_Sumit_Desktop_New folder_Janatri] INFO  o.eclipse.m2e.core.internal.Bundles - 	Entry: C:\Users\Sumit\.p2\pool\plugins\org.eclipse.m2e.maven.runtime_3.9.900.20250220-2013\jars\plexus-sec-dispatcher-2.0.jar
2025-09-07 05:31:05,807 [Worker-11: Launching Executing test in C__Users_Sumit_Desktop_New folder_Janatri] INFO  o.eclipse.m2e.core.internal.Bundles - 	Entry: C:\Users\Sumit\.p2\pool\plugins\org.eclipse.m2e.maven.runtime_3.9.900.20250220-2013\jars\plexus-utils-3.5.1.jar
2025-09-07 05:31:05,807 [Worker-11: Launching Executing test in C__Users_Sumit_Desktop_New folder_Janatri] INFO  o.eclipse.m2e.core.internal.Bundles - 	Entry: C:\Users\Sumit\.p2\pool\plugins\org.eclipse.m2e.maven.runtime_3.9.900.20250220-2013\jars\plexus-xml-3.0.1.jar
2025-09-07 05:31:05,808 [Worker-11: Launching Executing test in C__Users_Sumit_Desktop_New folder_Janatri] INFO  o.eclipse.m2e.core.internal.Bundles - 	Entry: C:\Users\Sumit\.p2\pool\plugins\org.eclipse.m2e.maven.runtime_3.9.900.20250220-2013\jars\wagon-file-3.5.3.jar
2025-09-07 05:31:05,808 [Worker-11: Launching Executing test in C__Users_Sumit_Desktop_New folder_Janatri] INFO  o.eclipse.m2e.core.internal.Bundles - 	Entry: C:\Users\Sumit\.p2\pool\plugins\org.eclipse.m2e.maven.runtime_3.9.900.20250220-2013\jars\wagon-http-3.5.3.jar
2025-09-07 05:31:05,809 [Worker-11: Launching Executing test in C__Users_Sumit_Desktop_New folder_Janatri] INFO  o.eclipse.m2e.core.internal.Bundles - 	Entry: C:\Users\Sumit\.p2\pool\plugins\org.eclipse.m2e.maven.runtime_3.9.900.20250220-2013\jars\wagon-http-shared-3.5.3.jar
2025-09-07 05:31:05,810 [Worker-11: Launching Executing test in C__Users_Sumit_Desktop_New folder_Janatri] INFO  o.eclipse.m2e.core.internal.Bundles - 	Entry: C:\Users\Sumit\.p2\pool\plugins\org.eclipse.m2e.maven.runtime_3.9.900.20250220-2013\jars\wagon-provider-api-3.5.3.jar
2025-09-07 05:31:05,812 [Worker-11: Launching Executing test in C__Users_Sumit_Desktop_New folder_Janatri] INFO  o.eclipse.m2e.core.internal.Bundles - getClasspathEntries(Bundle=com.google.guava_33.4.8.jre [18])
2025-09-07 05:31:05,812 [Worker-11: Launching Executing test in C__Users_Sumit_Desktop_New folder_Janatri] INFO  o.eclipse.m2e.core.internal.Bundles - 	Entry: C:\Users\Sumit\.p2\pool\plugins\com.google.guava_33.4.8.jre.jar
2025-09-07 05:31:05,812 [Worker-11: Launching Executing test in C__Users_Sumit_Desktop_New folder_Janatri] INFO  o.eclipse.m2e.core.internal.Bundles - getClasspathEntries(Bundle=slf4j.api_2.0.17 [1004])
2025-09-07 05:31:05,813 [Worker-11: Launching Executing test in C__Users_Sumit_Desktop_New folder_Janatri] INFO  o.eclipse.m2e.core.internal.Bundles - 	Entry: C:\Users\Sumit\.p2\pool\plugins\slf4j.api_2.0.17.jar
2025-09-07 05:31:05,813 [Worker-11: Launching Executing test in C__Users_Sumit_Desktop_New folder_Janatri] INFO  o.eclipse.m2e.core.internal.Bundles - getClasspathEntries(Bundle=jakarta.inject.jakarta.inject-api_1.0.5 [35])
2025-09-07 05:31:05,814 [Worker-11: Launching Executing test in C__Users_Sumit_Desktop_New folder_Janatri] INFO  o.eclipse.m2e.core.internal.Bundles - 	Entry: C:\Users\Sumit\.p2\pool\plugins\jakarta.inject.jakarta.inject-api_1.0.5.jar
2025-09-07 05:31:05,814 [Worker-11: Launching Executing test in C__Users_Sumit_Desktop_New folder_Janatri] INFO  o.eclipse.m2e.core.internal.Bundles - getClasspathEntries(Bundle=javax.annotation_1.3.5.v20200909-1856 [45])
2025-09-07 05:31:05,815 [Worker-11: Launching Executing test in C__Users_Sumit_Desktop_New folder_Janatri] INFO  o.eclipse.m2e.core.internal.Bundles - 	Entry: C:\Users\Sumit\.p2\pool\plugins\javax.annotation_1.3.5.v20200909-1856.jar
2025-09-07 05:31:05,815 [Worker-11: Launching Executing test in C__Users_Sumit_Desktop_New folder_Janatri] INFO  o.eclipse.m2e.core.internal.Bundles - getClasspathEntries(Bundle=org.apache.commons.cli_1.9.0 [76])
2025-09-07 05:31:05,816 [Worker-11: Launching Executing test in C__Users_Sumit_Desktop_New folder_Janatri] INFO  o.eclipse.m2e.core.internal.Bundles - 	Entry: C:\Users\Sumit\.p2\pool\plugins\org.apache.commons.cli_1.9.0.jar
2025-09-07 05:31:05,816 [Worker-11: Launching Executing test in C__Users_Sumit_Desktop_New folder_Janatri] INFO  o.eclipse.m2e.core.internal.Bundles - getClasspathEntries(Bundle=org.apache.commons.commons-codec_1.16.0 [78])
2025-09-07 05:31:05,817 [Worker-11: Launching Executing test in C__Users_Sumit_Desktop_New folder_Janatri] INFO  o.eclipse.m2e.core.internal.Bundles - 	Entry: C:\Users\Sumit\.p2\pool\plugins\org.apache.commons.commons-codec_1.16.0.jar
2025-09-07 05:31:05,817 [Worker-11: Launching Executing test in C__Users_Sumit_Desktop_New folder_Janatri] INFO  o.eclipse.m2e.core.internal.Bundles - getClasspathEntries(Bundle=com.google.guava.failureaccess_1.0.3 [19])
2025-09-07 05:31:05,818 [Worker-11: Launching Executing test in C__Users_Sumit_Desktop_New folder_Janatri] INFO  o.eclipse.m2e.core.internal.Bundles - 	Entry: C:\Users\Sumit\.p2\pool\plugins\com.google.guava.failureaccess_1.0.3.jar
2025-09-07 05:31:05,820 [Worker-11: Launching Executing test in C__Users_Sumit_Desktop_New folder_Janatri] INFO  o.e.m.i.launch.MavenLaunchDelegate - Run build in "C:\Users\Sumit\Desktop\New folder\Janatri":
2025-09-07 05:31:05,820 [Worker-11: Launching Executing test in C__Users_Sumit_Desktop_New folder_Janatri] INFO  o.e.m.i.launch.MavenLaunchDelegate -  mvn  -B -Dstyle.color=always test
2025-09-07 05:34:32,919 [Worker-21: Building] WARN  o.a.m.s.f.DefaultMavenResourcesFiltering - Using platform encoding (UTF-8 actually) to copy filtered resources, i.e. build is platform dependent!
2025-09-07 05:34:32,923 [Worker-21: Building] INFO  o.a.m.s.f.DefaultMavenResourcesFiltering - Copying 0 resource from src\main\resources to target\classes
2025-09-07 05:34:32,932 [Worker-21: Building] WARN  o.a.m.s.f.DefaultMavenResourcesFiltering - Using platform encoding (UTF-8 actually) to copy filtered resources, i.e. build is platform dependent!
2025-09-07 05:34:32,934 [Worker-21: Building] INFO  o.a.m.s.f.DefaultMavenResourcesFiltering - Copying 0 resource from src\test\resources to target\test-classes
2025-09-07 05:35:23,314 [Worker-20: Building] WARN  o.a.m.s.f.DefaultMavenResourcesFiltering - Using platform encoding (UTF-8 actually) to copy filtered resources, i.e. build is platform dependent!
2025-09-07 05:35:23,317 [Worker-20: Building] INFO  o.a.m.s.f.DefaultMavenResourcesFiltering - Copying 0 resource from src\main\resources to target\classes
2025-09-07 05:35:23,322 [Worker-20: Building] WARN  o.a.m.s.f.DefaultMavenResourcesFiltering - Using platform encoding (UTF-8 actually) to copy filtered resources, i.e. build is platform dependent!
2025-09-07 05:35:23,324 [Worker-20: Building] INFO  o.a.m.s.f.DefaultMavenResourcesFiltering - Copying 0 resource from src\test\resources to target\test-classes
2025-09-07 05:44:28,403 [Worker-23: Building] WARN  o.a.m.s.f.DefaultMavenResourcesFiltering - Using platform encoding (UTF-8 actually) to copy filtered resources, i.e. build is platform dependent!
2025-09-07 05:44:28,469 [Worker-23: Building] INFO  o.a.m.s.f.DefaultMavenResourcesFiltering - Copying 0 resource from src\main\resources to target\classes
2025-09-07 05:44:28,475 [Worker-23: Building] WARN  o.a.m.s.f.DefaultMavenResourcesFiltering - Using platform encoding (UTF-8 actually) to copy filtered resources, i.e. build is platform dependent!
2025-09-07 05:44:28,478 [Worker-23: Building] INFO  o.a.m.s.f.DefaultMavenResourcesFiltering - Copying 0 resource from src\test\resources to target\test-classes
2025-09-07 05:45:03,000 [Worker-23: Building] WARN  o.a.m.s.f.DefaultMavenResourcesFiltering - Using platform encoding (UTF-8 actually) to copy filtered resources, i.e. build is platform dependent!
2025-09-07 05:45:03,006 [Worker-23: Building] INFO  o.a.m.s.f.DefaultMavenResourcesFiltering - Copying 0 resource from src\main\resources to target\classes
2025-09-07 05:45:03,099 [Worker-23: Building] WARN  o.a.m.s.f.DefaultMavenResourcesFiltering - Using platform encoding (UTF-8 actually) to copy filtered resources, i.e. build is platform dependent!
2025-09-07 05:45:03,122 [Worker-23: Building] INFO  o.a.m.s.f.DefaultMavenResourcesFiltering - Copying 0 resource from src\test\resources to target\test-classes
2025-09-07 05:45:08,637 [Worker-24: Building] WARN  o.a.m.s.f.DefaultMavenResourcesFiltering - Using platform encoding (UTF-8 actually) to copy filtered resources, i.e. build is platform dependent!
2025-09-07 05:45:08,657 [Worker-24: Building] INFO  o.a.m.s.f.DefaultMavenResourcesFiltering - Copying 0 resource from src\main\resources to target\classes
2025-09-07 05:45:08,859 [Worker-24: Building] WARN  o.a.m.s.f.DefaultMavenResourcesFiltering - Using platform encoding (UTF-8 actually) to copy filtered resources, i.e. build is platform dependent!
2025-09-07 05:45:08,860 [Worker-24: Building] INFO  o.a.m.s.f.DefaultMavenResourcesFiltering - Copying 0 resource from src\test\resources to target\test-classes
2025-09-07 05:45:20,008 [Worker-23: Launching Executing test in C__Users_Sumit_Desktop_New folder_Janatri] INFO  o.eclipse.m2e.core.internal.Bundles - getClasspathEntries(Bundle=org.eclipse.m2e.maven.runtime_3.9.900.20250220-2013 [639])
2025-09-07 05:45:20,016 [Worker-23: Launching Executing test in C__Users_Sumit_Desktop_New folder_Janatri] INFO  o.eclipse.m2e.core.internal.Bundles - 	Entry: C:\Users\Sumit\.p2\pool\plugins\org.eclipse.m2e.maven.runtime_3.9.900.20250220-2013
2025-09-07 05:45:20,018 [Worker-23: Launching Executing test in C__Users_Sumit_Desktop_New folder_Janatri] INFO  o.eclipse.m2e.core.internal.Bundles - 	Entry: C:\Users\Sumit\.p2\pool\plugins\org.eclipse.m2e.maven.runtime_3.9.900.20250220-2013\jars\aopalliance-1.0.jar
2025-09-07 05:45:20,019 [Worker-23: Launching Executing test in C__Users_Sumit_Desktop_New folder_Janatri] INFO  o.eclipse.m2e.core.internal.Bundles - 	Entry: C:\Users\Sumit\.p2\pool\plugins\org.eclipse.m2e.maven.runtime_3.9.900.20250220-2013\jars\guice-5.1.0.jar
2025-09-07 05:45:20,020 [Worker-23: Launching Executing test in C__Users_Sumit_Desktop_New folder_Janatri] INFO  o.eclipse.m2e.core.internal.Bundles - 	Entry: C:\Users\Sumit\.p2\pool\plugins\org.eclipse.m2e.maven.runtime_3.9.900.20250220-2013\jars\httpclient-4.5.14.jar
2025-09-07 05:45:20,020 [Worker-23: Launching Executing test in C__Users_Sumit_Desktop_New folder_Janatri] INFO  o.eclipse.m2e.core.internal.Bundles - 	Entry: C:\Users\Sumit\.p2\pool\plugins\org.eclipse.m2e.maven.runtime_3.9.900.20250220-2013\jars\httpcore-4.4.16.jar
2025-09-07 05:45:20,021 [Worker-23: Launching Executing test in C__Users_Sumit_Desktop_New folder_Janatri] INFO  o.eclipse.m2e.core.internal.Bundles - 	Entry: C:\Users\Sumit\.p2\pool\plugins\org.eclipse.m2e.maven.runtime_3.9.900.20250220-2013\jars\jansi-2.4.1.jar
2025-09-07 05:45:20,022 [Worker-23: Launching Executing test in C__Users_Sumit_Desktop_New folder_Janatri] INFO  o.eclipse.m2e.core.internal.Bundles - 	Entry: C:\Users\Sumit\.p2\pool\plugins\org.eclipse.m2e.maven.runtime_3.9.900.20250220-2013\jars\jcl-over-slf4j-1.7.36.jar
2025-09-07 05:45:20,023 [Worker-23: Launching Executing test in C__Users_Sumit_Desktop_New folder_Janatri] INFO  o.eclipse.m2e.core.internal.Bundles - 	Entry: C:\Users\Sumit\.p2\pool\plugins\org.eclipse.m2e.maven.runtime_3.9.900.20250220-2013\jars\maven-artifact-3.9.9.jar
2025-09-07 05:45:20,024 [Worker-23: Launching Executing test in C__Users_Sumit_Desktop_New folder_Janatri] INFO  o.eclipse.m2e.core.internal.Bundles - 	Entry: C:\Users\Sumit\.p2\pool\plugins\org.eclipse.m2e.maven.runtime_3.9.900.20250220-2013\jars\maven-builder-support-3.9.9.jar
2025-09-07 05:45:20,025 [Worker-23: Launching Executing test in C__Users_Sumit_Desktop_New folder_Janatri] INFO  o.eclipse.m2e.core.internal.Bundles - 	Entry: C:\Users\Sumit\.p2\pool\plugins\org.eclipse.m2e.maven.runtime_3.9.900.20250220-2013\jars\maven-compat-3.9.9.jar
2025-09-07 05:45:20,026 [Worker-23: Launching Executing test in C__Users_Sumit_Desktop_New folder_Janatri] INFO  o.eclipse.m2e.core.internal.Bundles - 	Entry: C:\Users\Sumit\.p2\pool\plugins\org.eclipse.m2e.maven.runtime_3.9.900.20250220-2013\jars\maven-core-3.9.9.jar
2025-09-07 05:45:20,026 [Worker-23: Launching Executing test in C__Users_Sumit_Desktop_New folder_Janatri] INFO  o.eclipse.m2e.core.internal.Bundles - 	Entry: C:\Users\Sumit\.p2\pool\plugins\org.eclipse.m2e.maven.runtime_3.9.900.20250220-2013\jars\maven-embedder-3.9.9.jar
2025-09-07 05:45:20,027 [Worker-23: Launching Executing test in C__Users_Sumit_Desktop_New folder_Janatri] INFO  o.eclipse.m2e.core.internal.Bundles - 	Entry: C:\Users\Sumit\.p2\pool\plugins\org.eclipse.m2e.maven.runtime_3.9.900.20250220-2013\jars\maven-model-3.9.9.jar
2025-09-07 05:45:20,027 [Worker-23: Launching Executing test in C__Users_Sumit_Desktop_New folder_Janatri] INFO  o.eclipse.m2e.core.internal.Bundles - 	Entry: C:\Users\Sumit\.p2\pool\plugins\org.eclipse.m2e.maven.runtime_3.9.900.20250220-2013\jars\maven-model-builder-3.9.9.jar
2025-09-07 05:45:20,029 [Worker-23: Launching Executing test in C__Users_Sumit_Desktop_New folder_Janatri] INFO  o.eclipse.m2e.core.internal.Bundles - 	Entry: C:\Users\Sumit\.p2\pool\plugins\org.eclipse.m2e.maven.runtime_3.9.900.20250220-2013\jars\maven-plugin-api-3.9.9.jar
2025-09-07 05:45:20,032 [Worker-23: Launching Executing test in C__Users_Sumit_Desktop_New folder_Janatri] INFO  o.eclipse.m2e.core.internal.Bundles - 	Entry: C:\Users\Sumit\.p2\pool\plugins\org.eclipse.m2e.maven.runtime_3.9.900.20250220-2013\jars\maven-repository-metadata-3.9.9.jar
2025-09-07 05:45:20,033 [Worker-23: Launching Executing test in C__Users_Sumit_Desktop_New folder_Janatri] INFO  o.eclipse.m2e.core.internal.Bundles - 	Entry: C:\Users\Sumit\.p2\pool\plugins\org.eclipse.m2e.maven.runtime_3.9.900.20250220-2013\jars\maven-resolver-api-1.9.22.jar
2025-09-07 05:45:20,034 [Worker-23: Launching Executing test in C__Users_Sumit_Desktop_New folder_Janatri] INFO  o.eclipse.m2e.core.internal.Bundles - 	Entry: C:\Users\Sumit\.p2\pool\plugins\org.eclipse.m2e.maven.runtime_3.9.900.20250220-2013\jars\maven-resolver-connector-basic-1.9.22.jar
2025-09-07 05:45:20,035 [Worker-23: Launching Executing test in C__Users_Sumit_Desktop_New folder_Janatri] INFO  o.eclipse.m2e.core.internal.Bundles - 	Entry: C:\Users\Sumit\.p2\pool\plugins\org.eclipse.m2e.maven.runtime_3.9.900.20250220-2013\jars\maven-resolver-impl-1.9.22.jar
2025-09-07 05:45:20,036 [Worker-23: Launching Executing test in C__Users_Sumit_Desktop_New folder_Janatri] INFO  o.eclipse.m2e.core.internal.Bundles - 	Entry: C:\Users\Sumit\.p2\pool\plugins\org.eclipse.m2e.maven.runtime_3.9.900.20250220-2013\jars\maven-resolver-named-locks-1.9.22.jar
2025-09-07 05:45:20,037 [Worker-23: Launching Executing test in C__Users_Sumit_Desktop_New folder_Janatri] INFO  o.eclipse.m2e.core.internal.Bundles - 	Entry: C:\Users\Sumit\.p2\pool\plugins\org.eclipse.m2e.maven.runtime_3.9.900.20250220-2013\jars\maven-resolver-provider-3.9.9.jar
2025-09-07 05:45:20,039 [Worker-23: Launching Executing test in C__Users_Sumit_Desktop_New folder_Janatri] INFO  o.eclipse.m2e.core.internal.Bundles - 	Entry: C:\Users\Sumit\.p2\pool\plugins\org.eclipse.m2e.maven.runtime_3.9.900.20250220-2013\jars\maven-resolver-spi-1.9.22.jar
2025-09-07 05:45:20,040 [Worker-23: Launching Executing test in C__Users_Sumit_Desktop_New folder_Janatri] INFO  o.eclipse.m2e.core.internal.Bundles - 	Entry: C:\Users\Sumit\.p2\pool\plugins\org.eclipse.m2e.maven.runtime_3.9.900.20250220-2013\jars\maven-resolver-transport-file-1.9.22.jar
2025-09-07 05:45:20,041 [Worker-23: Launching Executing test in C__Users_Sumit_Desktop_New folder_Janatri] INFO  o.eclipse.m2e.core.internal.Bundles - 	Entry: C:\Users\Sumit\.p2\pool\plugins\org.eclipse.m2e.maven.runtime_3.9.900.20250220-2013\jars\maven-resolver-transport-http-1.9.22.jar
2025-09-07 05:45:20,042 [Worker-23: Launching Executing test in C__Users_Sumit_Desktop_New folder_Janatri] INFO  o.eclipse.m2e.core.internal.Bundles - 	Entry: C:\Users\Sumit\.p2\pool\plugins\org.eclipse.m2e.maven.runtime_3.9.900.20250220-2013\jars\maven-resolver-transport-wagon-1.9.22.jar
2025-09-07 05:45:20,043 [Worker-23: Launching Executing test in C__Users_Sumit_Desktop_New folder_Janatri] INFO  o.eclipse.m2e.core.internal.Bundles - 	Entry: C:\Users\Sumit\.p2\pool\plugins\org.eclipse.m2e.maven.runtime_3.9.900.20250220-2013\jars\maven-resolver-util-1.9.22.jar
2025-09-07 05:45:20,044 [Worker-23: Launching Executing test in C__Users_Sumit_Desktop_New folder_Janatri] INFO  o.eclipse.m2e.core.internal.Bundles - 	Entry: C:\Users\Sumit\.p2\pool\plugins\org.eclipse.m2e.maven.runtime_3.9.900.20250220-2013\jars\maven-settings-3.9.9.jar
2025-09-07 05:45:20,046 [Worker-23: Launching Executing test in C__Users_Sumit_Desktop_New folder_Janatri] INFO  o.eclipse.m2e.core.internal.Bundles - 	Entry: C:\Users\Sumit\.p2\pool\plugins\org.eclipse.m2e.maven.runtime_3.9.900.20250220-2013\jars\maven-settings-builder-3.9.9.jar
2025-09-07 05:45:20,049 [Worker-23: Launching Executing test in C__Users_Sumit_Desktop_New folder_Janatri] INFO  o.eclipse.m2e.core.internal.Bundles - 	Entry: C:\Users\Sumit\.p2\pool\plugins\org.eclipse.m2e.maven.runtime_3.9.900.20250220-2013\jars\maven-shared-utils-3.4.2.jar
2025-09-07 05:45:20,051 [Worker-23: Launching Executing test in C__Users_Sumit_Desktop_New folder_Janatri] INFO  o.eclipse.m2e.core.internal.Bundles - 	Entry: C:\Users\Sumit\.p2\pool\plugins\org.eclipse.m2e.maven.runtime_3.9.900.20250220-2013\jars\org.eclipse.sisu.inject-0.9.0.M3.jar
2025-09-07 05:45:20,053 [Worker-23: Launching Executing test in C__Users_Sumit_Desktop_New folder_Janatri] INFO  o.eclipse.m2e.core.internal.Bundles - 	Entry: C:\Users\Sumit\.p2\pool\plugins\org.eclipse.m2e.maven.runtime_3.9.900.20250220-2013\jars\org.eclipse.sisu.plexus-0.9.0.M3.jar
2025-09-07 05:45:20,054 [Worker-23: Launching Executing test in C__Users_Sumit_Desktop_New folder_Janatri] INFO  o.eclipse.m2e.core.internal.Bundles - 	Entry: C:\Users\Sumit\.p2\pool\plugins\org.eclipse.m2e.maven.runtime_3.9.900.20250220-2013\jars\plexus-build-api-0.0.7.jar
2025-09-07 05:45:20,055 [Worker-23: Launching Executing test in C__Users_Sumit_Desktop_New folder_Janatri] INFO  o.eclipse.m2e.core.internal.Bundles - 	Entry: C:\Users\Sumit\.p2\pool\plugins\org.eclipse.m2e.maven.runtime_3.9.900.20250220-2013\jars\plexus-build-api-1.2.0.jar
2025-09-07 05:45:20,055 [Worker-23: Launching Executing test in C__Users_Sumit_Desktop_New folder_Janatri] INFO  o.eclipse.m2e.core.internal.Bundles - 	Entry: C:\Users\Sumit\.p2\pool\plugins\org.eclipse.m2e.maven.runtime_3.9.900.20250220-2013\jars\plexus-cipher-2.0.jar
2025-09-07 05:45:20,056 [Worker-23: Launching Executing test in C__Users_Sumit_Desktop_New folder_Janatri] INFO  o.eclipse.m2e.core.internal.Bundles - 	Entry: C:\Users\Sumit\.p2\pool\plugins\org.eclipse.m2e.maven.runtime_3.9.900.20250220-2013\jars\plexus-classworlds-2.8.0.jar
2025-09-07 05:45:20,057 [Worker-23: Launching Executing test in C__Users_Sumit_Desktop_New folder_Janatri] INFO  o.eclipse.m2e.core.internal.Bundles - 	Entry: C:\Users\Sumit\.p2\pool\plugins\org.eclipse.m2e.maven.runtime_3.9.900.20250220-2013\jars\plexus-component-annotations-2.1.0.jar
2025-09-07 05:45:20,059 [Worker-23: Launching Executing test in C__Users_Sumit_Desktop_New folder_Janatri] INFO  o.eclipse.m2e.core.internal.Bundles - 	Entry: C:\Users\Sumit\.p2\pool\plugins\org.eclipse.m2e.maven.runtime_3.9.900.20250220-2013\jars\plexus-interpolation-1.27.jar
2025-09-07 05:45:20,061 [Worker-23: Launching Executing test in C__Users_Sumit_Desktop_New folder_Janatri] INFO  o.eclipse.m2e.core.internal.Bundles - 	Entry: C:\Users\Sumit\.p2\pool\plugins\org.eclipse.m2e.maven.runtime_3.9.900.20250220-2013\jars\plexus-sec-dispatcher-2.0.jar
2025-09-07 05:45:20,065 [Worker-23: Launching Executing test in C__Users_Sumit_Desktop_New folder_Janatri] INFO  o.eclipse.m2e.core.internal.Bundles - 	Entry: C:\Users\Sumit\.p2\pool\plugins\org.eclipse.m2e.maven.runtime_3.9.900.20250220-2013\jars\plexus-utils-3.5.1.jar
2025-09-07 05:45:20,066 [Worker-23: Launching Executing test in C__Users_Sumit_Desktop_New folder_Janatri] INFO  o.eclipse.m2e.core.internal.Bundles - 	Entry: C:\Users\Sumit\.p2\pool\plugins\org.eclipse.m2e.maven.runtime_3.9.900.20250220-2013\jars\plexus-xml-3.0.1.jar
2025-09-07 05:45:20,067 [Worker-23: Launching Executing test in C__Users_Sumit_Desktop_New folder_Janatri] INFO  o.eclipse.m2e.core.internal.Bundles - 	Entry: C:\Users\Sumit\.p2\pool\plugins\org.eclipse.m2e.maven.runtime_3.9.900.20250220-2013\jars\wagon-file-3.5.3.jar
2025-09-07 05:45:20,067 [Worker-23: Launching Executing test in C__Users_Sumit_Desktop_New folder_Janatri] INFO  o.eclipse.m2e.core.internal.Bundles - 	Entry: C:\Users\Sumit\.p2\pool\plugins\org.eclipse.m2e.maven.runtime_3.9.900.20250220-2013\jars\wagon-http-3.5.3.jar
2025-09-07 05:45:20,068 [Worker-23: Launching Executing test in C__Users_Sumit_Desktop_New folder_Janatri] INFO  o.eclipse.m2e.core.internal.Bundles - 	Entry: C:\Users\Sumit\.p2\pool\plugins\org.eclipse.m2e.maven.runtime_3.9.900.20250220-2013\jars\wagon-http-shared-3.5.3.jar
2025-09-07 05:45:20,070 [Worker-23: Launching Executing test in C__Users_Sumit_Desktop_New folder_Janatri] INFO  o.eclipse.m2e.core.internal.Bundles - 	Entry: C:\Users\Sumit\.p2\pool\plugins\org.eclipse.m2e.maven.runtime_3.9.900.20250220-2013\jars\wagon-provider-api-3.5.3.jar
2025-09-07 05:45:20,071 [Worker-23: Launching Executing test in C__Users_Sumit_Desktop_New folder_Janatri] INFO  o.eclipse.m2e.core.internal.Bundles - getClasspathEntries(Bundle=com.google.guava_33.4.8.jre [18])
2025-09-07 05:45:20,072 [Worker-23: Launching Executing test in C__Users_Sumit_Desktop_New folder_Janatri] INFO  o.eclipse.m2e.core.internal.Bundles - 	Entry: C:\Users\Sumit\.p2\pool\plugins\com.google.guava_33.4.8.jre.jar
2025-09-07 05:45:20,072 [Worker-23: Launching Executing test in C__Users_Sumit_Desktop_New folder_Janatri] INFO  o.eclipse.m2e.core.internal.Bundles - getClasspathEntries(Bundle=slf4j.api_2.0.17 [1004])
2025-09-07 05:45:20,074 [Worker-23: Launching Executing test in C__Users_Sumit_Desktop_New folder_Janatri] INFO  o.eclipse.m2e.core.internal.Bundles - 	Entry: C:\Users\Sumit\.p2\pool\plugins\slf4j.api_2.0.17.jar
2025-09-07 05:45:20,074 [Worker-23: Launching Executing test in C__Users_Sumit_Desktop_New folder_Janatri] INFO  o.eclipse.m2e.core.internal.Bundles - getClasspathEntries(Bundle=jakarta.inject.jakarta.inject-api_1.0.5 [35])
2025-09-07 05:45:20,074 [Worker-23: Launching Executing test in C__Users_Sumit_Desktop_New folder_Janatri] INFO  o.eclipse.m2e.core.internal.Bundles - 	Entry: C:\Users\Sumit\.p2\pool\plugins\jakarta.inject.jakarta.inject-api_1.0.5.jar
2025-09-07 05:45:20,074 [Worker-23: Launching Executing test in C__Users_Sumit_Desktop_New folder_Janatri] INFO  o.eclipse.m2e.core.internal.Bundles - getClasspathEntries(Bundle=javax.annotation_1.3.5.v20200909-1856 [45])
2025-09-07 05:45:20,075 [Worker-23: Launching Executing test in C__Users_Sumit_Desktop_New folder_Janatri] INFO  o.eclipse.m2e.core.internal.Bundles - 	Entry: C:\Users\Sumit\.p2\pool\plugins\javax.annotation_1.3.5.v20200909-1856.jar
2025-09-07 05:45:20,075 [Worker-23: Launching Executing test in C__Users_Sumit_Desktop_New folder_Janatri] INFO  o.eclipse.m2e.core.internal.Bundles - getClasspathEntries(Bundle=org.apache.commons.cli_1.9.0 [76])
2025-09-07 05:45:20,077 [Worker-23: Launching Executing test in C__Users_Sumit_Desktop_New folder_Janatri] INFO  o.eclipse.m2e.core.internal.Bundles - 	Entry: C:\Users\Sumit\.p2\pool\plugins\org.apache.commons.cli_1.9.0.jar
2025-09-07 05:45:20,077 [Worker-23: Launching Executing test in C__Users_Sumit_Desktop_New folder_Janatri] INFO  o.eclipse.m2e.core.internal.Bundles - getClasspathEntries(Bundle=org.apache.commons.commons-codec_1.16.0 [78])
2025-09-07 05:45:20,078 [Worker-23: Launching Executing test in C__Users_Sumit_Desktop_New folder_Janatri] INFO  o.eclipse.m2e.core.internal.Bundles - 	Entry: C:\Users\Sumit\.p2\pool\plugins\org.apache.commons.commons-codec_1.16.0.jar
2025-09-07 05:45:20,078 [Worker-23: Launching Executing test in C__Users_Sumit_Desktop_New folder_Janatri] INFO  o.eclipse.m2e.core.internal.Bundles - getClasspathEntries(Bundle=com.google.guava.failureaccess_1.0.3 [19])
2025-09-07 05:45:20,080 [Worker-23: Launching Executing test in C__Users_Sumit_Desktop_New folder_Janatri] INFO  o.eclipse.m2e.core.internal.Bundles - 	Entry: C:\Users\Sumit\.p2\pool\plugins\com.google.guava.failureaccess_1.0.3.jar
2025-09-07 05:45:20,086 [Worker-23: Launching Executing test in C__Users_Sumit_Desktop_New folder_Janatri] INFO  o.e.m.i.launch.MavenLaunchDelegate - Run build in "C:\Users\Sumit\Desktop\New folder\Janatri":
2025-09-07 05:45:20,087 [Worker-23: Launching Executing test in C__Users_Sumit_Desktop_New folder_Janatri] INFO  o.e.m.i.launch.MavenLaunchDelegate -  mvn  -B -Dstyle.color=always test
2025-09-07 05:47:01,543 [Worker-16: Building] WARN  o.a.m.s.f.DefaultMavenResourcesFiltering - Using platform encoding (UTF-8 actually) to copy filtered resources, i.e. build is platform dependent!
2025-09-07 05:47:01,553 [Worker-16: Building] INFO  o.a.m.s.f.DefaultMavenResourcesFiltering - Copying 0 resource from src\main\resources to target\classes
2025-09-07 05:47:01,561 [Worker-16: Building] WARN  o.a.m.s.f.DefaultMavenResourcesFiltering - Using platform encoding (UTF-8 actually) to copy filtered resources, i.e. build is platform dependent!
2025-09-07 05:47:01,566 [Worker-16: Building] INFO  o.a.m.s.f.DefaultMavenResourcesFiltering - Copying 0 resource from src\test\resources to target\test-classes
2025-09-07 05:47:13,821 [Worker-26: Launching Executing test in C__Users_Sumit_Desktop_New folder_Janatri] INFO  o.eclipse.m2e.core.internal.Bundles - getClasspathEntries(Bundle=org.eclipse.m2e.maven.runtime_3.9.900.20250220-2013 [639])
2025-09-07 05:47:13,827 [Worker-26: Launching Executing test in C__Users_Sumit_Desktop_New folder_Janatri] INFO  o.eclipse.m2e.core.internal.Bundles - 	Entry: C:\Users\Sumit\.p2\pool\plugins\org.eclipse.m2e.maven.runtime_3.9.900.20250220-2013
2025-09-07 05:47:13,827 [Worker-26: Launching Executing test in C__Users_Sumit_Desktop_New folder_Janatri] INFO  o.eclipse.m2e.core.internal.Bundles - 	Entry: C:\Users\Sumit\.p2\pool\plugins\org.eclipse.m2e.maven.runtime_3.9.900.20250220-2013\jars\aopalliance-1.0.jar
2025-09-07 05:47:13,828 [Worker-26: Launching Executing test in C__Users_Sumit_Desktop_New folder_Janatri] INFO  o.eclipse.m2e.core.internal.Bundles - 	Entry: C:\Users\Sumit\.p2\pool\plugins\org.eclipse.m2e.maven.runtime_3.9.900.20250220-2013\jars\guice-5.1.0.jar
2025-09-07 05:47:13,831 [Worker-26: Launching Executing test in C__Users_Sumit_Desktop_New folder_Janatri] INFO  o.eclipse.m2e.core.internal.Bundles - 	Entry: C:\Users\Sumit\.p2\pool\plugins\org.eclipse.m2e.maven.runtime_3.9.900.20250220-2013\jars\httpclient-4.5.14.jar
2025-09-07 05:47:13,833 [Worker-26: Launching Executing test in C__Users_Sumit_Desktop_New folder_Janatri] INFO  o.eclipse.m2e.core.internal.Bundles - 	Entry: C:\Users\Sumit\.p2\pool\plugins\org.eclipse.m2e.maven.runtime_3.9.900.20250220-2013\jars\httpcore-4.4.16.jar
2025-09-07 05:47:13,833 [Worker-26: Launching Executing test in C__Users_Sumit_Desktop_New folder_Janatri] INFO  o.eclipse.m2e.core.internal.Bundles - 	Entry: C:\Users\Sumit\.p2\pool\plugins\org.eclipse.m2e.maven.runtime_3.9.900.20250220-2013\jars\jansi-2.4.1.jar
2025-09-07 05:47:13,834 [Worker-26: Launching Executing test in C__Users_Sumit_Desktop_New folder_Janatri] INFO  o.eclipse.m2e.core.internal.Bundles - 	Entry: C:\Users\Sumit\.p2\pool\plugins\org.eclipse.m2e.maven.runtime_3.9.900.20250220-2013\jars\jcl-over-slf4j-1.7.36.jar
2025-09-07 05:47:13,834 [Worker-26: Launching Executing test in C__Users_Sumit_Desktop_New folder_Janatri] INFO  o.eclipse.m2e.core.internal.Bundles - 	Entry: C:\Users\Sumit\.p2\pool\plugins\org.eclipse.m2e.maven.runtime_3.9.900.20250220-2013\jars\maven-artifact-3.9.9.jar
2025-09-07 05:47:13,835 [Worker-26: Launching Executing test in C__Users_Sumit_Desktop_New folder_Janatri] INFO  o.eclipse.m2e.core.internal.Bundles - 	Entry: C:\Users\Sumit\.p2\pool\plugins\org.eclipse.m2e.maven.runtime_3.9.900.20250220-2013\jars\maven-builder-support-3.9.9.jar
2025-09-07 05:47:13,835 [Worker-26: Launching Executing test in C__Users_Sumit_Desktop_New folder_Janatri] INFO  o.eclipse.m2e.core.internal.Bundles - 	Entry: C:\Users\Sumit\.p2\pool\plugins\org.eclipse.m2e.maven.runtime_3.9.900.20250220-2013\jars\maven-compat-3.9.9.jar
2025-09-07 05:47:13,836 [Worker-26: Launching Executing test in C__Users_Sumit_Desktop_New folder_Janatri] INFO  o.eclipse.m2e.core.internal.Bundles - 	Entry: C:\Users\Sumit\.p2\pool\plugins\org.eclipse.m2e.maven.runtime_3.9.900.20250220-2013\jars\maven-core-3.9.9.jar
2025-09-07 05:47:13,838 [Worker-26: Launching Executing test in C__Users_Sumit_Desktop_New folder_Janatri] INFO  o.eclipse.m2e.core.internal.Bundles - 	Entry: C:\Users\Sumit\.p2\pool\plugins\org.eclipse.m2e.maven.runtime_3.9.900.20250220-2013\jars\maven-embedder-3.9.9.jar
2025-09-07 05:47:13,839 [Worker-26: Launching Executing test in C__Users_Sumit_Desktop_New folder_Janatri] INFO  o.eclipse.m2e.core.internal.Bundles - 	Entry: C:\Users\Sumit\.p2\pool\plugins\org.eclipse.m2e.maven.runtime_3.9.900.20250220-2013\jars\maven-model-3.9.9.jar
2025-09-07 05:47:13,839 [Worker-26: Launching Executing test in C__Users_Sumit_Desktop_New folder_Janatri] INFO  o.eclipse.m2e.core.internal.Bundles - 	Entry: C:\Users\Sumit\.p2\pool\plugins\org.eclipse.m2e.maven.runtime_3.9.900.20250220-2013\jars\maven-model-builder-3.9.9.jar
2025-09-07 05:47:13,840 [Worker-26: Launching Executing test in C__Users_Sumit_Desktop_New folder_Janatri] INFO  o.eclipse.m2e.core.internal.Bundles - 	Entry: C:\Users\Sumit\.p2\pool\plugins\org.eclipse.m2e.maven.runtime_3.9.900.20250220-2013\jars\maven-plugin-api-3.9.9.jar
2025-09-07 05:47:13,840 [Worker-26: Launching Executing test in C__Users_Sumit_Desktop_New folder_Janatri] INFO  o.eclipse.m2e.core.internal.Bundles - 	Entry: C:\Users\Sumit\.p2\pool\plugins\org.eclipse.m2e.maven.runtime_3.9.900.20250220-2013\jars\maven-repository-metadata-3.9.9.jar
2025-09-07 05:47:13,841 [Worker-26: Launching Executing test in C__Users_Sumit_Desktop_New folder_Janatri] INFO  o.eclipse.m2e.core.internal.Bundles - 	Entry: C:\Users\Sumit\.p2\pool\plugins\org.eclipse.m2e.maven.runtime_3.9.900.20250220-2013\jars\maven-resolver-api-1.9.22.jar
2025-09-07 05:47:13,841 [Worker-26: Launching Executing test in C__Users_Sumit_Desktop_New folder_Janatri] INFO  o.eclipse.m2e.core.internal.Bundles - 	Entry: C:\Users\Sumit\.p2\pool\plugins\org.eclipse.m2e.maven.runtime_3.9.900.20250220-2013\jars\maven-resolver-connector-basic-1.9.22.jar
2025-09-07 05:47:13,842 [Worker-26: Launching Executing test in C__Users_Sumit_Desktop_New folder_Janatri] INFO  o.eclipse.m2e.core.internal.Bundles - 	Entry: C:\Users\Sumit\.p2\pool\plugins\org.eclipse.m2e.maven.runtime_3.9.900.20250220-2013\jars\maven-resolver-impl-1.9.22.jar
2025-09-07 05:47:13,843 [Worker-26: Launching Executing test in C__Users_Sumit_Desktop_New folder_Janatri] INFO  o.eclipse.m2e.core.internal.Bundles - 	Entry: C:\Users\Sumit\.p2\pool\plugins\org.eclipse.m2e.maven.runtime_3.9.900.20250220-2013\jars\maven-resolver-named-locks-1.9.22.jar
2025-09-07 05:47:13,844 [Worker-26: Launching Executing test in C__Users_Sumit_Desktop_New folder_Janatri] INFO  o.eclipse.m2e.core.internal.Bundles - 	Entry: C:\Users\Sumit\.p2\pool\plugins\org.eclipse.m2e.maven.runtime_3.9.900.20250220-2013\jars\maven-resolver-provider-3.9.9.jar
2025-09-07 05:47:13,845 [Worker-26: Launching Executing test in C__Users_Sumit_Desktop_New folder_Janatri] INFO  o.eclipse.m2e.core.internal.Bundles - 	Entry: C:\Users\Sumit\.p2\pool\plugins\org.eclipse.m2e.maven.runtime_3.9.900.20250220-2013\jars\maven-resolver-spi-1.9.22.jar
2025-09-07 05:47:13,845 [Worker-26: Launching Executing test in C__Users_Sumit_Desktop_New folder_Janatri] INFO  o.eclipse.m2e.core.internal.Bundles - 	Entry: C:\Users\Sumit\.p2\pool\plugins\org.eclipse.m2e.maven.runtime_3.9.900.20250220-2013\jars\maven-resolver-transport-file-1.9.22.jar
2025-09-07 05:47:13,845 [Worker-26: Launching Executing test in C__Users_Sumit_Desktop_New folder_Janatri] INFO  o.eclipse.m2e.core.internal.Bundles - 	Entry: C:\Users\Sumit\.p2\pool\plugins\org.eclipse.m2e.maven.runtime_3.9.900.20250220-2013\jars\maven-resolver-transport-http-1.9.22.jar
2025-09-07 05:47:13,846 [Worker-26: Launching Executing test in C__Users_Sumit_Desktop_New folder_Janatri] INFO  o.eclipse.m2e.core.internal.Bundles - 	Entry: C:\Users\Sumit\.p2\pool\plugins\org.eclipse.m2e.maven.runtime_3.9.900.20250220-2013\jars\maven-resolver-transport-wagon-1.9.22.jar
2025-09-07 05:47:13,847 [Worker-26: Launching Executing test in C__Users_Sumit_Desktop_New folder_Janatri] INFO  o.eclipse.m2e.core.internal.Bundles - 	Entry: C:\Users\Sumit\.p2\pool\plugins\org.eclipse.m2e.maven.runtime_3.9.900.20250220-2013\jars\maven-resolver-util-1.9.22.jar
2025-09-07 05:47:13,847 [Worker-26: Launching Executing test in C__Users_Sumit_Desktop_New folder_Janatri] INFO  o.eclipse.m2e.core.internal.Bundles - 	Entry: C:\Users\Sumit\.p2\pool\plugins\org.eclipse.m2e.maven.runtime_3.9.900.20250220-2013\jars\maven-settings-3.9.9.jar
2025-09-07 05:47:13,848 [Worker-26: Launching Executing test in C__Users_Sumit_Desktop_New folder_Janatri] INFO  o.eclipse.m2e.core.internal.Bundles - 	Entry: C:\Users\Sumit\.p2\pool\plugins\org.eclipse.m2e.maven.runtime_3.9.900.20250220-2013\jars\maven-settings-builder-3.9.9.jar
2025-09-07 05:47:13,850 [Worker-26: Launching Executing test in C__Users_Sumit_Desktop_New folder_Janatri] INFO  o.eclipse.m2e.core.internal.Bundles - 	Entry: C:\Users\Sumit\.p2\pool\plugins\org.eclipse.m2e.maven.runtime_3.9.900.20250220-2013\jars\maven-shared-utils-3.4.2.jar
2025-09-07 05:47:13,850 [Worker-26: Launching Executing test in C__Users_Sumit_Desktop_New folder_Janatri] INFO  o.eclipse.m2e.core.internal.Bundles - 	Entry: C:\Users\Sumit\.p2\pool\plugins\org.eclipse.m2e.maven.runtime_3.9.900.20250220-2013\jars\org.eclipse.sisu.inject-0.9.0.M3.jar
2025-09-07 05:47:13,851 [Worker-26: Launching Executing test in C__Users_Sumit_Desktop_New folder_Janatri] INFO  o.eclipse.m2e.core.internal.Bundles - 	Entry: C:\Users\Sumit\.p2\pool\plugins\org.eclipse.m2e.maven.runtime_3.9.900.20250220-2013\jars\org.eclipse.sisu.plexus-0.9.0.M3.jar
2025-09-07 05:47:13,852 [Worker-26: Launching Executing test in C__Users_Sumit_Desktop_New folder_Janatri] INFO  o.eclipse.m2e.core.internal.Bundles - 	Entry: C:\Users\Sumit\.p2\pool\plugins\org.eclipse.m2e.maven.runtime_3.9.900.20250220-2013\jars\plexus-build-api-0.0.7.jar
2025-09-07 05:47:13,852 [Worker-26: Launching Executing test in C__Users_Sumit_Desktop_New folder_Janatri] INFO  o.eclipse.m2e.core.internal.Bundles - 	Entry: C:\Users\Sumit\.p2\pool\plugins\org.eclipse.m2e.maven.runtime_3.9.900.20250220-2013\jars\plexus-build-api-1.2.0.jar
2025-09-07 05:47:13,852 [Worker-26: Launching Executing test in C__Users_Sumit_Desktop_New folder_Janatri] INFO  o.eclipse.m2e.core.internal.Bundles - 	Entry: C:\Users\Sumit\.p2\pool\plugins\org.eclipse.m2e.maven.runtime_3.9.900.20250220-2013\jars\plexus-cipher-2.0.jar
2025-09-07 05:47:13,853 [Worker-26: Launching Executing test in C__Users_Sumit_Desktop_New folder_Janatri] INFO  o.eclipse.m2e.core.internal.Bundles - 	Entry: C:\Users\Sumit\.p2\pool\plugins\org.eclipse.m2e.maven.runtime_3.9.900.20250220-2013\jars\plexus-classworlds-2.8.0.jar
2025-09-07 05:47:13,853 [Worker-26: Launching Executing test in C__Users_Sumit_Desktop_New folder_Janatri] INFO  o.eclipse.m2e.core.internal.Bundles - 	Entry: C:\Users\Sumit\.p2\pool\plugins\org.eclipse.m2e.maven.runtime_3.9.900.20250220-2013\jars\plexus-component-annotations-2.1.0.jar
2025-09-07 05:47:13,853 [Worker-26: Launching Executing test in C__Users_Sumit_Desktop_New folder_Janatri] INFO  o.eclipse.m2e.core.internal.Bundles - 	Entry: C:\Users\Sumit\.p2\pool\plugins\org.eclipse.m2e.maven.runtime_3.9.900.20250220-2013\jars\plexus-interpolation-1.27.jar
2025-09-07 05:47:13,854 [Worker-26: Launching Executing test in C__Users_Sumit_Desktop_New folder_Janatri] INFO  o.eclipse.m2e.core.internal.Bundles - 	Entry: C:\Users\Sumit\.p2\pool\plugins\org.eclipse.m2e.maven.runtime_3.9.900.20250220-2013\jars\plexus-sec-dispatcher-2.0.jar
2025-09-07 05:47:13,854 [Worker-26: Launching Executing test in C__Users_Sumit_Desktop_New folder_Janatri] INFO  o.eclipse.m2e.core.internal.Bundles - 	Entry: C:\Users\Sumit\.p2\pool\plugins\org.eclipse.m2e.maven.runtime_3.9.900.20250220-2013\jars\plexus-utils-3.5.1.jar
2025-09-07 05:47:13,854 [Worker-26: Launching Executing test in C__Users_Sumit_Desktop_New folder_Janatri] INFO  o.eclipse.m2e.core.internal.Bundles - 	Entry: C:\Users\Sumit\.p2\pool\plugins\org.eclipse.m2e.maven.runtime_3.9.900.20250220-2013\jars\plexus-xml-3.0.1.jar
2025-09-07 05:47:13,855 [Worker-26: Launching Executing test in C__Users_Sumit_Desktop_New folder_Janatri] INFO  o.eclipse.m2e.core.internal.Bundles - 	Entry: C:\Users\Sumit\.p2\pool\plugins\org.eclipse.m2e.maven.runtime_3.9.900.20250220-2013\jars\wagon-file-3.5.3.jar
2025-09-07 05:47:13,856 [Worker-26: Launching Executing test in C__Users_Sumit_Desktop_New folder_Janatri] INFO  o.eclipse.m2e.core.internal.Bundles - 	Entry: C:\Users\Sumit\.p2\pool\plugins\org.eclipse.m2e.maven.runtime_3.9.900.20250220-2013\jars\wagon-http-3.5.3.jar
2025-09-07 05:47:13,856 [Worker-26: Launching Executing test in C__Users_Sumit_Desktop_New folder_Janatri] INFO  o.eclipse.m2e.core.internal.Bundles - 	Entry: C:\Users\Sumit\.p2\pool\plugins\org.eclipse.m2e.maven.runtime_3.9.900.20250220-2013\jars\wagon-http-shared-3.5.3.jar
2025-09-07 05:47:13,856 [Worker-26: Launching Executing test in C__Users_Sumit_Desktop_New folder_Janatri] INFO  o.eclipse.m2e.core.internal.Bundles - 	Entry: C:\Users\Sumit\.p2\pool\plugins\org.eclipse.m2e.maven.runtime_3.9.900.20250220-2013\jars\wagon-provider-api-3.5.3.jar
2025-09-07 05:47:13,862 [Worker-26: Launching Executing test in C__Users_Sumit_Desktop_New folder_Janatri] INFO  o.eclipse.m2e.core.internal.Bundles - getClasspathEntries(Bundle=com.google.guava_33.4.8.jre [18])
2025-09-07 05:47:13,864 [Worker-26: Launching Executing test in C__Users_Sumit_Desktop_New folder_Janatri] INFO  o.eclipse.m2e.core.internal.Bundles - 	Entry: C:\Users\Sumit\.p2\pool\plugins\com.google.guava_33.4.8.jre.jar
2025-09-07 05:47:13,865 [Worker-26: Launching Executing test in C__Users_Sumit_Desktop_New folder_Janatri] INFO  o.eclipse.m2e.core.internal.Bundles - getClasspathEntries(Bundle=slf4j.api_2.0.17 [1004])
2025-09-07 05:47:13,867 [Worker-26: Launching Executing test in C__Users_Sumit_Desktop_New folder_Janatri] INFO  o.eclipse.m2e.core.internal.Bundles - 	Entry: C:\Users\Sumit\.p2\pool\plugins\slf4j.api_2.0.17.jar
2025-09-07 05:47:13,867 [Worker-26: Launching Executing test in C__Users_Sumit_Desktop_New folder_Janatri] INFO  o.eclipse.m2e.core.internal.Bundles - getClasspathEntries(Bundle=jakarta.inject.jakarta.inject-api_1.0.5 [35])
2025-09-07 05:47:13,868 [Worker-26: Launching Executing test in C__Users_Sumit_Desktop_New folder_Janatri] INFO  o.eclipse.m2e.core.internal.Bundles - 	Entry: C:\Users\Sumit\.p2\pool\plugins\jakarta.inject.jakarta.inject-api_1.0.5.jar
2025-09-07 05:47:13,869 [Worker-26: Launching Executing test in C__Users_Sumit_Desktop_New folder_Janatri] INFO  o.eclipse.m2e.core.internal.Bundles - getClasspathEntries(Bundle=javax.annotation_1.3.5.v20200909-1856 [45])
2025-09-07 05:47:13,871 [Worker-26: Launching Executing test in C__Users_Sumit_Desktop_New folder_Janatri] INFO  o.eclipse.m2e.core.internal.Bundles - 	Entry: C:\Users\Sumit\.p2\pool\plugins\javax.annotation_1.3.5.v20200909-1856.jar
2025-09-07 05:47:13,871 [Worker-26: Launching Executing test in C__Users_Sumit_Desktop_New folder_Janatri] INFO  o.eclipse.m2e.core.internal.Bundles - getClasspathEntries(Bundle=org.apache.commons.cli_1.9.0 [76])
2025-09-07 05:47:13,872 [Worker-26: Launching Executing test in C__Users_Sumit_Desktop_New folder_Janatri] INFO  o.eclipse.m2e.core.internal.Bundles - 	Entry: C:\Users\Sumit\.p2\pool\plugins\org.apache.commons.cli_1.9.0.jar
2025-09-07 05:47:13,872 [Worker-26: Launching Executing test in C__Users_Sumit_Desktop_New folder_Janatri] INFO  o.eclipse.m2e.core.internal.Bundles - getClasspathEntries(Bundle=org.apache.commons.commons-codec_1.16.0 [78])
2025-09-07 05:47:13,874 [Worker-26: Launching Executing test in C__Users_Sumit_Desktop_New folder_Janatri] INFO  o.eclipse.m2e.core.internal.Bundles - 	Entry: C:\Users\Sumit\.p2\pool\plugins\org.apache.commons.commons-codec_1.16.0.jar
2025-09-07 05:47:13,874 [Worker-26: Launching Executing test in C__Users_Sumit_Desktop_New folder_Janatri] INFO  o.eclipse.m2e.core.internal.Bundles - getClasspathEntries(Bundle=com.google.guava.failureaccess_1.0.3 [19])
2025-09-07 05:47:13,875 [Worker-26: Launching Executing test in C__Users_Sumit_Desktop_New folder_Janatri] INFO  o.eclipse.m2e.core.internal.Bundles - 	Entry: C:\Users\Sumit\.p2\pool\plugins\com.google.guava.failureaccess_1.0.3.jar
2025-09-07 05:47:13,879 [Worker-26: Launching Executing test in C__Users_Sumit_Desktop_New folder_Janatri] INFO  o.e.m.i.launch.MavenLaunchDelegate - Run build in "C:\Users\Sumit\Desktop\New folder\Janatri":
2025-09-07 05:47:13,880 [Worker-26: Launching Executing test in C__Users_Sumit_Desktop_New folder_Janatri] INFO  o.e.m.i.launch.MavenLaunchDelegate -  mvn  -B -Dstyle.color=always test
2025-09-07 05:48:33,240 [Worker-23: Building] WARN  o.a.m.s.f.DefaultMavenResourcesFiltering - Using platform encoding (UTF-8 actually) to copy filtered resources, i.e. build is platform dependent!
2025-09-07 05:48:33,245 [Worker-23: Building] INFO  o.a.m.s.f.DefaultMavenResourcesFiltering - Copying 0 resource from src\main\resources to target\classes
2025-09-07 05:48:33,257 [Worker-23: Building] WARN  o.a.m.s.f.DefaultMavenResourcesFiltering - Using platform encoding (UTF-8 actually) to copy filtered resources, i.e. build is platform dependent!
2025-09-07 05:48:33,259 [Worker-23: Building] INFO  o.a.m.s.f.DefaultMavenResourcesFiltering - Copying 0 resource from src\test\resources to target\test-classes
2025-09-07 05:48:42,667 [Worker-24: Launching Executing test in C__Users_Sumit_Desktop_New folder_Janatri] INFO  o.eclipse.m2e.core.internal.Bundles - getClasspathEntries(Bundle=org.eclipse.m2e.maven.runtime_3.9.900.20250220-2013 [639])
2025-09-07 05:48:42,669 [Worker-24: Launching Executing test in C__Users_Sumit_Desktop_New folder_Janatri] INFO  o.eclipse.m2e.core.internal.Bundles - 	Entry: C:\Users\Sumit\.p2\pool\plugins\org.eclipse.m2e.maven.runtime_3.9.900.20250220-2013
2025-09-07 05:48:42,670 [Worker-24: Launching Executing test in C__Users_Sumit_Desktop_New folder_Janatri] INFO  o.eclipse.m2e.core.internal.Bundles - 	Entry: C:\Users\Sumit\.p2\pool\plugins\org.eclipse.m2e.maven.runtime_3.9.900.20250220-2013\jars\aopalliance-1.0.jar
2025-09-07 05:48:42,671 [Worker-24: Launching Executing test in C__Users_Sumit_Desktop_New folder_Janatri] INFO  o.eclipse.m2e.core.internal.Bundles - 	Entry: C:\Users\Sumit\.p2\pool\plugins\org.eclipse.m2e.maven.runtime_3.9.900.20250220-2013\jars\guice-5.1.0.jar
2025-09-07 05:48:42,671 [Worker-24: Launching Executing test in C__Users_Sumit_Desktop_New folder_Janatri] INFO  o.eclipse.m2e.core.internal.Bundles - 	Entry: C:\Users\Sumit\.p2\pool\plugins\org.eclipse.m2e.maven.runtime_3.9.900.20250220-2013\jars\httpclient-4.5.14.jar
2025-09-07 05:48:42,672 [Worker-24: Launching Executing test in C__Users_Sumit_Desktop_New folder_Janatri] INFO  o.eclipse.m2e.core.internal.Bundles - 	Entry: C:\Users\Sumit\.p2\pool\plugins\org.eclipse.m2e.maven.runtime_3.9.900.20250220-2013\jars\httpcore-4.4.16.jar
2025-09-07 05:48:42,672 [Worker-24: Launching Executing test in C__Users_Sumit_Desktop_New folder_Janatri] INFO  o.eclipse.m2e.core.internal.Bundles - 	Entry: C:\Users\Sumit\.p2\pool\plugins\org.eclipse.m2e.maven.runtime_3.9.900.20250220-2013\jars\jansi-2.4.1.jar
2025-09-07 05:48:42,673 [Worker-24: Launching Executing test in C__Users_Sumit_Desktop_New folder_Janatri] INFO  o.eclipse.m2e.core.internal.Bundles - 	Entry: C:\Users\Sumit\.p2\pool\plugins\org.eclipse.m2e.maven.runtime_3.9.900.20250220-2013\jars\jcl-over-slf4j-1.7.36.jar
2025-09-07 05:48:42,673 [Worker-24: Launching Executing test in C__Users_Sumit_Desktop_New folder_Janatri] INFO  o.eclipse.m2e.core.internal.Bundles - 	Entry: C:\Users\Sumit\.p2\pool\plugins\org.eclipse.m2e.maven.runtime_3.9.900.20250220-2013\jars\maven-artifact-3.9.9.jar
2025-09-07 05:48:42,673 [Worker-24: Launching Executing test in C__Users_Sumit_Desktop_New folder_Janatri] INFO  o.eclipse.m2e.core.internal.Bundles - 	Entry: C:\Users\Sumit\.p2\pool\plugins\org.eclipse.m2e.maven.runtime_3.9.900.20250220-2013\jars\maven-builder-support-3.9.9.jar
2025-09-07 05:48:42,674 [Worker-24: Launching Executing test in C__Users_Sumit_Desktop_New folder_Janatri] INFO  o.eclipse.m2e.core.internal.Bundles - 	Entry: C:\Users\Sumit\.p2\pool\plugins\org.eclipse.m2e.maven.runtime_3.9.900.20250220-2013\jars\maven-compat-3.9.9.jar
2025-09-07 05:48:42,675 [Worker-24: Launching Executing test in C__Users_Sumit_Desktop_New folder_Janatri] INFO  o.eclipse.m2e.core.internal.Bundles - 	Entry: C:\Users\Sumit\.p2\pool\plugins\org.eclipse.m2e.maven.runtime_3.9.900.20250220-2013\jars\maven-core-3.9.9.jar
2025-09-07 05:48:42,676 [Worker-24: Launching Executing test in C__Users_Sumit_Desktop_New folder_Janatri] INFO  o.eclipse.m2e.core.internal.Bundles - 	Entry: C:\Users\Sumit\.p2\pool\plugins\org.eclipse.m2e.maven.runtime_3.9.900.20250220-2013\jars\maven-embedder-3.9.9.jar
2025-09-07 05:48:42,676 [Worker-24: Launching Executing test in C__Users_Sumit_Desktop_New folder_Janatri] INFO  o.eclipse.m2e.core.internal.Bundles - 	Entry: C:\Users\Sumit\.p2\pool\plugins\org.eclipse.m2e.maven.runtime_3.9.900.20250220-2013\jars\maven-model-3.9.9.jar
2025-09-07 05:48:42,677 [Worker-24: Launching Executing test in C__Users_Sumit_Desktop_New folder_Janatri] INFO  o.eclipse.m2e.core.internal.Bundles - 	Entry: C:\Users\Sumit\.p2\pool\plugins\org.eclipse.m2e.maven.runtime_3.9.900.20250220-2013\jars\maven-model-builder-3.9.9.jar
2025-09-07 05:48:42,677 [Worker-24: Launching Executing test in C__Users_Sumit_Desktop_New folder_Janatri] INFO  o.eclipse.m2e.core.internal.Bundles - 	Entry: C:\Users\Sumit\.p2\pool\plugins\org.eclipse.m2e.maven.runtime_3.9.900.20250220-2013\jars\maven-plugin-api-3.9.9.jar
2025-09-07 05:48:42,678 [Worker-24: Launching Executing test in C__Users_Sumit_Desktop_New folder_Janatri] INFO  o.eclipse.m2e.core.internal.Bundles - 	Entry: C:\Users\Sumit\.p2\pool\plugins\org.eclipse.m2e.maven.runtime_3.9.900.20250220-2013\jars\maven-repository-metadata-3.9.9.jar
2025-09-07 05:48:42,682 [Worker-24: Launching Executing test in C__Users_Sumit_Desktop_New folder_Janatri] INFO  o.eclipse.m2e.core.internal.Bundles - 	Entry: C:\Users\Sumit\.p2\pool\plugins\org.eclipse.m2e.maven.runtime_3.9.900.20250220-2013\jars\maven-resolver-api-1.9.22.jar
2025-09-07 05:48:42,682 [Worker-24: Launching Executing test in C__Users_Sumit_Desktop_New folder_Janatri] INFO  o.eclipse.m2e.core.internal.Bundles - 	Entry: C:\Users\Sumit\.p2\pool\plugins\org.eclipse.m2e.maven.runtime_3.9.900.20250220-2013\jars\maven-resolver-connector-basic-1.9.22.jar
2025-09-07 05:48:42,683 [Worker-24: Launching Executing test in C__Users_Sumit_Desktop_New folder_Janatri] INFO  o.eclipse.m2e.core.internal.Bundles - 	Entry: C:\Users\Sumit\.p2\pool\plugins\org.eclipse.m2e.maven.runtime_3.9.900.20250220-2013\jars\maven-resolver-impl-1.9.22.jar
2025-09-07 05:48:42,684 [Worker-24: Launching Executing test in C__Users_Sumit_Desktop_New folder_Janatri] INFO  o.eclipse.m2e.core.internal.Bundles - 	Entry: C:\Users\Sumit\.p2\pool\plugins\org.eclipse.m2e.maven.runtime_3.9.900.20250220-2013\jars\maven-resolver-named-locks-1.9.22.jar
2025-09-07 05:48:42,684 [Worker-24: Launching Executing test in C__Users_Sumit_Desktop_New folder_Janatri] INFO  o.eclipse.m2e.core.internal.Bundles - 	Entry: C:\Users\Sumit\.p2\pool\plugins\org.eclipse.m2e.maven.runtime_3.9.900.20250220-2013\jars\maven-resolver-provider-3.9.9.jar
2025-09-07 05:48:42,685 [Worker-24: Launching Executing test in C__Users_Sumit_Desktop_New folder_Janatri] INFO  o.eclipse.m2e.core.internal.Bundles - 	Entry: C:\Users\Sumit\.p2\pool\plugins\org.eclipse.m2e.maven.runtime_3.9.900.20250220-2013\jars\maven-resolver-spi-1.9.22.jar
2025-09-07 05:48:42,686 [Worker-24: Launching Executing test in C__Users_Sumit_Desktop_New folder_Janatri] INFO  o.eclipse.m2e.core.internal.Bundles - 	Entry: C:\Users\Sumit\.p2\pool\plugins\org.eclipse.m2e.maven.runtime_3.9.900.20250220-2013\jars\maven-resolver-transport-file-1.9.22.jar
2025-09-07 05:48:42,686 [Worker-24: Launching Executing test in C__Users_Sumit_Desktop_New folder_Janatri] INFO  o.eclipse.m2e.core.internal.Bundles - 	Entry: C:\Users\Sumit\.p2\pool\plugins\org.eclipse.m2e.maven.runtime_3.9.900.20250220-2013\jars\maven-resolver-transport-http-1.9.22.jar
2025-09-07 05:48:42,687 [Worker-24: Launching Executing test in C__Users_Sumit_Desktop_New folder_Janatri] INFO  o.eclipse.m2e.core.internal.Bundles - 	Entry: C:\Users\Sumit\.p2\pool\plugins\org.eclipse.m2e.maven.runtime_3.9.900.20250220-2013\jars\maven-resolver-transport-wagon-1.9.22.jar
2025-09-07 05:48:42,688 [Worker-24: Launching Executing test in C__Users_Sumit_Desktop_New folder_Janatri] INFO  o.eclipse.m2e.core.internal.Bundles - 	Entry: C:\Users\Sumit\.p2\pool\plugins\org.eclipse.m2e.maven.runtime_3.9.900.20250220-2013\jars\maven-resolver-util-1.9.22.jar
2025-09-07 05:48:42,689 [Worker-24: Launching Executing test in C__Users_Sumit_Desktop_New folder_Janatri] INFO  o.eclipse.m2e.core.internal.Bundles - 	Entry: C:\Users\Sumit\.p2\pool\plugins\org.eclipse.m2e.maven.runtime_3.9.900.20250220-2013\jars\maven-settings-3.9.9.jar
2025-09-07 05:48:42,690 [Worker-24: Launching Executing test in C__Users_Sumit_Desktop_New folder_Janatri] INFO  o.eclipse.m2e.core.internal.Bundles - 	Entry: C:\Users\Sumit\.p2\pool\plugins\org.eclipse.m2e.maven.runtime_3.9.900.20250220-2013\jars\maven-settings-builder-3.9.9.jar
2025-09-07 05:48:42,691 [Worker-24: Launching Executing test in C__Users_Sumit_Desktop_New folder_Janatri] INFO  o.eclipse.m2e.core.internal.Bundles - 	Entry: C:\Users\Sumit\.p2\pool\plugins\org.eclipse.m2e.maven.runtime_3.9.900.20250220-2013\jars\maven-shared-utils-3.4.2.jar
2025-09-07 05:48:42,691 [Worker-24: Launching Executing test in C__Users_Sumit_Desktop_New folder_Janatri] INFO  o.eclipse.m2e.core.internal.Bundles - 	Entry: C:\Users\Sumit\.p2\pool\plugins\org.eclipse.m2e.maven.runtime_3.9.900.20250220-2013\jars\org.eclipse.sisu.inject-0.9.0.M3.jar
2025-09-07 05:48:42,692 [Worker-24: Launching Executing test in C__Users_Sumit_Desktop_New folder_Janatri] INFO  o.eclipse.m2e.core.internal.Bundles - 	Entry: C:\Users\Sumit\.p2\pool\plugins\org.eclipse.m2e.maven.runtime_3.9.900.20250220-2013\jars\org.eclipse.sisu.plexus-0.9.0.M3.jar
2025-09-07 05:48:42,693 [Worker-24: Launching Executing test in C__Users_Sumit_Desktop_New folder_Janatri] INFO  o.eclipse.m2e.core.internal.Bundles - 	Entry: C:\Users\Sumit\.p2\pool\plugins\org.eclipse.m2e.maven.runtime_3.9.900.20250220-2013\jars\plexus-build-api-0.0.7.jar
2025-09-07 05:48:42,693 [Worker-24: Launching Executing test in C__Users_Sumit_Desktop_New folder_Janatri] INFO  o.eclipse.m2e.core.internal.Bundles - 	Entry: C:\Users\Sumit\.p2\pool\plugins\org.eclipse.m2e.maven.runtime_3.9.900.20250220-2013\jars\plexus-build-api-1.2.0.jar
2025-09-07 05:48:42,693 [Worker-24: Launching Executing test in C__Users_Sumit_Desktop_New folder_Janatri] INFO  o.eclipse.m2e.core.internal.Bundles - 	Entry: C:\Users\Sumit\.p2\pool\plugins\org.eclipse.m2e.maven.runtime_3.9.900.20250220-2013\jars\plexus-cipher-2.0.jar
2025-09-07 05:48:42,694 [Worker-24: Launching Executing test in C__Users_Sumit_Desktop_New folder_Janatri] INFO  o.eclipse.m2e.core.internal.Bundles - 	Entry: C:\Users\Sumit\.p2\pool\plugins\org.eclipse.m2e.maven.runtime_3.9.900.20250220-2013\jars\plexus-classworlds-2.8.0.jar
2025-09-07 05:48:42,694 [Worker-24: Launching Executing test in C__Users_Sumit_Desktop_New folder_Janatri] INFO  o.eclipse.m2e.core.internal.Bundles - 	Entry: C:\Users\Sumit\.p2\pool\plugins\org.eclipse.m2e.maven.runtime_3.9.900.20250220-2013\jars\plexus-component-annotations-2.1.0.jar
2025-09-07 05:48:42,700 [Worker-24: Launching Executing test in C__Users_Sumit_Desktop_New folder_Janatri] INFO  o.eclipse.m2e.core.internal.Bundles - 	Entry: C:\Users\Sumit\.p2\pool\plugins\org.eclipse.m2e.maven.runtime_3.9.900.20250220-2013\jars\plexus-interpolation-1.27.jar
2025-09-07 05:48:42,700 [Worker-24: Launching Executing test in C__Users_Sumit_Desktop_New folder_Janatri] INFO  o.eclipse.m2e.core.internal.Bundles - 	Entry: C:\Users\Sumit\.p2\pool\plugins\org.eclipse.m2e.maven.runtime_3.9.900.20250220-2013\jars\plexus-sec-dispatcher-2.0.jar
2025-09-07 05:48:42,700 [Worker-24: Launching Executing test in C__Users_Sumit_Desktop_New folder_Janatri] INFO  o.eclipse.m2e.core.internal.Bundles - 	Entry: C:\Users\Sumit\.p2\pool\plugins\org.eclipse.m2e.maven.runtime_3.9.900.20250220-2013\jars\plexus-utils-3.5.1.jar
2025-09-07 05:48:42,701 [Worker-24: Launching Executing test in C__Users_Sumit_Desktop_New folder_Janatri] INFO  o.eclipse.m2e.core.internal.Bundles - 	Entry: C:\Users\Sumit\.p2\pool\plugins\org.eclipse.m2e.maven.runtime_3.9.900.20250220-2013\jars\plexus-xml-3.0.1.jar
2025-09-07 05:48:42,702 [Worker-24: Launching Executing test in C__Users_Sumit_Desktop_New folder_Janatri] INFO  o.eclipse.m2e.core.internal.Bundles - 	Entry: C:\Users\Sumit\.p2\pool\plugins\org.eclipse.m2e.maven.runtime_3.9.900.20250220-2013\jars\wagon-file-3.5.3.jar
2025-09-07 05:48:42,702 [Worker-24: Launching Executing test in C__Users_Sumit_Desktop_New folder_Janatri] INFO  o.eclipse.m2e.core.internal.Bundles - 	Entry: C:\Users\Sumit\.p2\pool\plugins\org.eclipse.m2e.maven.runtime_3.9.900.20250220-2013\jars\wagon-http-3.5.3.jar
2025-09-07 05:48:42,702 [Worker-24: Launching Executing test in C__Users_Sumit_Desktop_New folder_Janatri] INFO  o.eclipse.m2e.core.internal.Bundles - 	Entry: C:\Users\Sumit\.p2\pool\plugins\org.eclipse.m2e.maven.runtime_3.9.900.20250220-2013\jars\wagon-http-shared-3.5.3.jar
2025-09-07 05:48:42,703 [Worker-24: Launching Executing test in C__Users_Sumit_Desktop_New folder_Janatri] INFO  o.eclipse.m2e.core.internal.Bundles - 	Entry: C:\Users\Sumit\.p2\pool\plugins\org.eclipse.m2e.maven.runtime_3.9.900.20250220-2013\jars\wagon-provider-api-3.5.3.jar
2025-09-07 05:48:42,703 [Worker-24: Launching Executing test in C__Users_Sumit_Desktop_New folder_Janatri] INFO  o.eclipse.m2e.core.internal.Bundles - getClasspathEntries(Bundle=com.google.guava_33.4.8.jre [18])
2025-09-07 05:48:42,705 [Worker-24: Launching Executing test in C__Users_Sumit_Desktop_New folder_Janatri] INFO  o.eclipse.m2e.core.internal.Bundles - 	Entry: C:\Users\Sumit\.p2\pool\plugins\com.google.guava_33.4.8.jre.jar
2025-09-07 05:48:42,705 [Worker-24: Launching Executing test in C__Users_Sumit_Desktop_New folder_Janatri] INFO  o.eclipse.m2e.core.internal.Bundles - getClasspathEntries(Bundle=slf4j.api_2.0.17 [1004])
2025-09-07 05:48:42,706 [Worker-24: Launching Executing test in C__Users_Sumit_Desktop_New folder_Janatri] INFO  o.eclipse.m2e.core.internal.Bundles - 	Entry: C:\Users\Sumit\.p2\pool\plugins\slf4j.api_2.0.17.jar
2025-09-07 05:48:42,706 [Worker-24: Launching Executing test in C__Users_Sumit_Desktop_New folder_Janatri] INFO  o.eclipse.m2e.core.internal.Bundles - getClasspathEntries(Bundle=jakarta.inject.jakarta.inject-api_1.0.5 [35])
2025-09-07 05:48:42,707 [Worker-24: Launching Executing test in C__Users_Sumit_Desktop_New folder_Janatri] INFO  o.eclipse.m2e.core.internal.Bundles - 	Entry: C:\Users\Sumit\.p2\pool\plugins\jakarta.inject.jakarta.inject-api_1.0.5.jar
2025-09-07 05:48:42,707 [Worker-24: Launching Executing test in C__Users_Sumit_Desktop_New folder_Janatri] INFO  o.eclipse.m2e.core.internal.Bundles - getClasspathEntries(Bundle=javax.annotation_1.3.5.v20200909-1856 [45])
2025-09-07 05:48:42,708 [Worker-24: Launching Executing test in C__Users_Sumit_Desktop_New folder_Janatri] INFO  o.eclipse.m2e.core.internal.Bundles - 	Entry: C:\Users\Sumit\.p2\pool\plugins\javax.annotation_1.3.5.v20200909-1856.jar
2025-09-07 05:48:42,708 [Worker-24: Launching Executing test in C__Users_Sumit_Desktop_New folder_Janatri] INFO  o.eclipse.m2e.core.internal.Bundles - getClasspathEntries(Bundle=org.apache.commons.cli_1.9.0 [76])
2025-09-07 05:48:42,710 [Worker-24: Launching Executing test in C__Users_Sumit_Desktop_New folder_Janatri] INFO  o.eclipse.m2e.core.internal.Bundles - 	Entry: C:\Users\Sumit\.p2\pool\plugins\org.apache.commons.cli_1.9.0.jar
2025-09-07 05:48:42,710 [Worker-24: Launching Executing test in C__Users_Sumit_Desktop_New folder_Janatri] INFO  o.eclipse.m2e.core.internal.Bundles - getClasspathEntries(Bundle=org.apache.commons.commons-codec_1.16.0 [78])
2025-09-07 05:48:42,711 [Worker-24: Launching Executing test in C__Users_Sumit_Desktop_New folder_Janatri] INFO  o.eclipse.m2e.core.internal.Bundles - 	Entry: C:\Users\Sumit\.p2\pool\plugins\org.apache.commons.commons-codec_1.16.0.jar
2025-09-07 05:48:42,712 [Worker-24: Launching Executing test in C__Users_Sumit_Desktop_New folder_Janatri] INFO  o.eclipse.m2e.core.internal.Bundles - getClasspathEntries(Bundle=com.google.guava.failureaccess_1.0.3 [19])
2025-09-07 05:48:42,714 [Worker-24: Launching Executing test in C__Users_Sumit_Desktop_New folder_Janatri] INFO  o.eclipse.m2e.core.internal.Bundles - 	Entry: C:\Users\Sumit\.p2\pool\plugins\com.google.guava.failureaccess_1.0.3.jar
2025-09-07 05:48:42,718 [Worker-24: Launching Executing test in C__Users_Sumit_Desktop_New folder_Janatri] INFO  o.e.m.i.launch.MavenLaunchDelegate - Run build in "C:\Users\Sumit\Desktop\New folder\Janatri":
2025-09-07 05:48:42,718 [Worker-24: Launching Executing test in C__Users_Sumit_Desktop_New folder_Janatri] INFO  o.e.m.i.launch.MavenLaunchDelegate -  mvn  -B -Dstyle.color=always test
2025-09-07 05:49:35,032 [Worker-16: Building] WARN  o.a.m.s.f.DefaultMavenResourcesFiltering - Using platform encoding (UTF-8 actually) to copy filtered resources, i.e. build is platform dependent!
2025-09-07 05:49:35,042 [Worker-16: Building] INFO  o.a.m.s.f.DefaultMavenResourcesFiltering - Copying 0 resource from src\main\resources to target\classes
2025-09-07 05:49:35,048 [Worker-16: Building] WARN  o.a.m.s.f.DefaultMavenResourcesFiltering - Using platform encoding (UTF-8 actually) to copy filtered resources, i.e. build is platform dependent!
2025-09-07 05:49:35,050 [Worker-16: Building] INFO  o.a.m.s.f.DefaultMavenResourcesFiltering - Copying 0 resource from src\test\resources to target\test-classes
2025-09-07 05:49:42,085 [Worker-23: Launching Executing test in C__Users_Sumit_Desktop_New folder_Janatri] INFO  o.eclipse.m2e.core.internal.Bundles - getClasspathEntries(Bundle=org.eclipse.m2e.maven.runtime_3.9.900.20250220-2013 [639])
2025-09-07 05:49:42,086 [Worker-23: Launching Executing test in C__Users_Sumit_Desktop_New folder_Janatri] INFO  o.eclipse.m2e.core.internal.Bundles - 	Entry: C:\Users\Sumit\.p2\pool\plugins\org.eclipse.m2e.maven.runtime_3.9.900.20250220-2013
2025-09-07 05:49:42,087 [Worker-23: Launching Executing test in C__Users_Sumit_Desktop_New folder_Janatri] INFO  o.eclipse.m2e.core.internal.Bundles - 	Entry: C:\Users\Sumit\.p2\pool\plugins\org.eclipse.m2e.maven.runtime_3.9.900.20250220-2013\jars\aopalliance-1.0.jar
2025-09-07 05:49:42,088 [Worker-23: Launching Executing test in C__Users_Sumit_Desktop_New folder_Janatri] INFO  o.eclipse.m2e.core.internal.Bundles - 	Entry: C:\Users\Sumit\.p2\pool\plugins\org.eclipse.m2e.maven.runtime_3.9.900.20250220-2013\jars\guice-5.1.0.jar
2025-09-07 05:49:42,088 [Worker-23: Launching Executing test in C__Users_Sumit_Desktop_New folder_Janatri] INFO  o.eclipse.m2e.core.internal.Bundles - 	Entry: C:\Users\Sumit\.p2\pool\plugins\org.eclipse.m2e.maven.runtime_3.9.900.20250220-2013\jars\httpclient-4.5.14.jar
2025-09-07 05:49:42,089 [Worker-23: Launching Executing test in C__Users_Sumit_Desktop_New folder_Janatri] INFO  o.eclipse.m2e.core.internal.Bundles - 	Entry: C:\Users\Sumit\.p2\pool\plugins\org.eclipse.m2e.maven.runtime_3.9.900.20250220-2013\jars\httpcore-4.4.16.jar
2025-09-07 05:49:42,089 [Worker-23: Launching Executing test in C__Users_Sumit_Desktop_New folder_Janatri] INFO  o.eclipse.m2e.core.internal.Bundles - 	Entry: C:\Users\Sumit\.p2\pool\plugins\org.eclipse.m2e.maven.runtime_3.9.900.20250220-2013\jars\jansi-2.4.1.jar
2025-09-07 05:49:42,090 [Worker-23: Launching Executing test in C__Users_Sumit_Desktop_New folder_Janatri] INFO  o.eclipse.m2e.core.internal.Bundles - 	Entry: C:\Users\Sumit\.p2\pool\plugins\org.eclipse.m2e.maven.runtime_3.9.900.20250220-2013\jars\jcl-over-slf4j-1.7.36.jar
2025-09-07 05:49:42,090 [Worker-23: Launching Executing test in C__Users_Sumit_Desktop_New folder_Janatri] INFO  o.eclipse.m2e.core.internal.Bundles - 	Entry: C:\Users\Sumit\.p2\pool\plugins\org.eclipse.m2e.maven.runtime_3.9.900.20250220-2013\jars\maven-artifact-3.9.9.jar
2025-09-07 05:49:42,090 [Worker-23: Launching Executing test in C__Users_Sumit_Desktop_New folder_Janatri] INFO  o.eclipse.m2e.core.internal.Bundles - 	Entry: C:\Users\Sumit\.p2\pool\plugins\org.eclipse.m2e.maven.runtime_3.9.900.20250220-2013\jars\maven-builder-support-3.9.9.jar
2025-09-07 05:49:42,090 [Worker-23: Launching Executing test in C__Users_Sumit_Desktop_New folder_Janatri] INFO  o.eclipse.m2e.core.internal.Bundles - 	Entry: C:\Users\Sumit\.p2\pool\plugins\org.eclipse.m2e.maven.runtime_3.9.900.20250220-2013\jars\maven-compat-3.9.9.jar
2025-09-07 05:49:42,091 [Worker-23: Launching Executing test in C__Users_Sumit_Desktop_New folder_Janatri] INFO  o.eclipse.m2e.core.internal.Bundles - 	Entry: C:\Users\Sumit\.p2\pool\plugins\org.eclipse.m2e.maven.runtime_3.9.900.20250220-2013\jars\maven-core-3.9.9.jar
2025-09-07 05:49:42,091 [Worker-23: Launching Executing test in C__Users_Sumit_Desktop_New folder_Janatri] INFO  o.eclipse.m2e.core.internal.Bundles - 	Entry: C:\Users\Sumit\.p2\pool\plugins\org.eclipse.m2e.maven.runtime_3.9.900.20250220-2013\jars\maven-embedder-3.9.9.jar
2025-09-07 05:49:42,092 [Worker-23: Launching Executing test in C__Users_Sumit_Desktop_New folder_Janatri] INFO  o.eclipse.m2e.core.internal.Bundles - 	Entry: C:\Users\Sumit\.p2\pool\plugins\org.eclipse.m2e.maven.runtime_3.9.900.20250220-2013\jars\maven-model-3.9.9.jar
2025-09-07 05:49:42,092 [Worker-23: Launching Executing test in C__Users_Sumit_Desktop_New folder_Janatri] INFO  o.eclipse.m2e.core.internal.Bundles - 	Entry: C:\Users\Sumit\.p2\pool\plugins\org.eclipse.m2e.maven.runtime_3.9.900.20250220-2013\jars\maven-model-builder-3.9.9.jar
2025-09-07 05:49:42,093 [Worker-23: Launching Executing test in C__Users_Sumit_Desktop_New folder_Janatri] INFO  o.eclipse.m2e.core.internal.Bundles - 	Entry: C:\Users\Sumit\.p2\pool\plugins\org.eclipse.m2e.maven.runtime_3.9.900.20250220-2013\jars\maven-plugin-api-3.9.9.jar
2025-09-07 05:49:42,093 [Worker-23: Launching Executing test in C__Users_Sumit_Desktop_New folder_Janatri] INFO  o.eclipse.m2e.core.internal.Bundles - 	Entry: C:\Users\Sumit\.p2\pool\plugins\org.eclipse.m2e.maven.runtime_3.9.900.20250220-2013\jars\maven-repository-metadata-3.9.9.jar
2025-09-07 05:49:42,094 [Worker-23: Launching Executing test in C__Users_Sumit_Desktop_New folder_Janatri] INFO  o.eclipse.m2e.core.internal.Bundles - 	Entry: C:\Users\Sumit\.p2\pool\plugins\org.eclipse.m2e.maven.runtime_3.9.900.20250220-2013\jars\maven-resolver-api-1.9.22.jar
2025-09-07 05:49:42,095 [Worker-23: Launching Executing test in C__Users_Sumit_Desktop_New folder_Janatri] INFO  o.eclipse.m2e.core.internal.Bundles - 	Entry: C:\Users\Sumit\.p2\pool\plugins\org.eclipse.m2e.maven.runtime_3.9.900.20250220-2013\jars\maven-resolver-connector-basic-1.9.22.jar
2025-09-07 05:49:42,095 [Worker-23: Launching Executing test in C__Users_Sumit_Desktop_New folder_Janatri] INFO  o.eclipse.m2e.core.internal.Bundles - 	Entry: C:\Users\Sumit\.p2\pool\plugins\org.eclipse.m2e.maven.runtime_3.9.900.20250220-2013\jars\maven-resolver-impl-1.9.22.jar
2025-09-07 05:49:42,099 [Worker-23: Launching Executing test in C__Users_Sumit_Desktop_New folder_Janatri] INFO  o.eclipse.m2e.core.internal.Bundles - 	Entry: C:\Users\Sumit\.p2\pool\plugins\org.eclipse.m2e.maven.runtime_3.9.900.20250220-2013\jars\maven-resolver-named-locks-1.9.22.jar
2025-09-07 05:49:42,099 [Worker-23: Launching Executing test in C__Users_Sumit_Desktop_New folder_Janatri] INFO  o.eclipse.m2e.core.internal.Bundles - 	Entry: C:\Users\Sumit\.p2\pool\plugins\org.eclipse.m2e.maven.runtime_3.9.900.20250220-2013\jars\maven-resolver-provider-3.9.9.jar
2025-09-07 05:49:42,099 [Worker-23: Launching Executing test in C__Users_Sumit_Desktop_New folder_Janatri] INFO  o.eclipse.m2e.core.internal.Bundles - 	Entry: C:\Users\Sumit\.p2\pool\plugins\org.eclipse.m2e.maven.runtime_3.9.900.20250220-2013\jars\maven-resolver-spi-1.9.22.jar
2025-09-07 05:49:42,100 [Worker-23: Launching Executing test in C__Users_Sumit_Desktop_New folder_Janatri] INFO  o.eclipse.m2e.core.internal.Bundles - 	Entry: C:\Users\Sumit\.p2\pool\plugins\org.eclipse.m2e.maven.runtime_3.9.900.20250220-2013\jars\maven-resolver-transport-file-1.9.22.jar
2025-09-07 05:49:42,101 [Worker-23: Launching Executing test in C__Users_Sumit_Desktop_New folder_Janatri] INFO  o.eclipse.m2e.core.internal.Bundles - 	Entry: C:\Users\Sumit\.p2\pool\plugins\org.eclipse.m2e.maven.runtime_3.9.900.20250220-2013\jars\maven-resolver-transport-http-1.9.22.jar
2025-09-07 05:49:42,102 [Worker-23: Launching Executing test in C__Users_Sumit_Desktop_New folder_Janatri] INFO  o.eclipse.m2e.core.internal.Bundles - 	Entry: C:\Users\Sumit\.p2\pool\plugins\org.eclipse.m2e.maven.runtime_3.9.900.20250220-2013\jars\maven-resolver-transport-wagon-1.9.22.jar
2025-09-07 05:49:42,102 [Worker-23: Launching Executing test in C__Users_Sumit_Desktop_New folder_Janatri] INFO  o.eclipse.m2e.core.internal.Bundles - 	Entry: C:\Users\Sumit\.p2\pool\plugins\org.eclipse.m2e.maven.runtime_3.9.900.20250220-2013\jars\maven-resolver-util-1.9.22.jar
2025-09-07 05:49:42,103 [Worker-23: Launching Executing test in C__Users_Sumit_Desktop_New folder_Janatri] INFO  o.eclipse.m2e.core.internal.Bundles - 	Entry: C:\Users\Sumit\.p2\pool\plugins\org.eclipse.m2e.maven.runtime_3.9.900.20250220-2013\jars\maven-settings-3.9.9.jar
2025-09-07 05:49:42,103 [Worker-23: Launching Executing test in C__Users_Sumit_Desktop_New folder_Janatri] INFO  o.eclipse.m2e.core.internal.Bundles - 	Entry: C:\Users\Sumit\.p2\pool\plugins\org.eclipse.m2e.maven.runtime_3.9.900.20250220-2013\jars\maven-settings-builder-3.9.9.jar
2025-09-07 05:49:42,104 [Worker-23: Launching Executing test in C__Users_Sumit_Desktop_New folder_Janatri] INFO  o.eclipse.m2e.core.internal.Bundles - 	Entry: C:\Users\Sumit\.p2\pool\plugins\org.eclipse.m2e.maven.runtime_3.9.900.20250220-2013\jars\maven-shared-utils-3.4.2.jar
2025-09-07 05:49:42,104 [Worker-23: Launching Executing test in C__Users_Sumit_Desktop_New folder_Janatri] INFO  o.eclipse.m2e.core.internal.Bundles - 	Entry: C:\Users\Sumit\.p2\pool\plugins\org.eclipse.m2e.maven.runtime_3.9.900.20250220-2013\jars\org.eclipse.sisu.inject-0.9.0.M3.jar
2025-09-07 05:49:42,105 [Worker-23: Launching Executing test in C__Users_Sumit_Desktop_New folder_Janatri] INFO  o.eclipse.m2e.core.internal.Bundles - 	Entry: C:\Users\Sumit\.p2\pool\plugins\org.eclipse.m2e.maven.runtime_3.9.900.20250220-2013\jars\org.eclipse.sisu.plexus-0.9.0.M3.jar
2025-09-07 05:49:42,106 [Worker-23: Launching Executing test in C__Users_Sumit_Desktop_New folder_Janatri] INFO  o.eclipse.m2e.core.internal.Bundles - 	Entry: C:\Users\Sumit\.p2\pool\plugins\org.eclipse.m2e.maven.runtime_3.9.900.20250220-2013\jars\plexus-build-api-0.0.7.jar
2025-09-07 05:49:42,107 [Worker-23: Launching Executing test in C__Users_Sumit_Desktop_New folder_Janatri] INFO  o.eclipse.m2e.core.internal.Bundles - 	Entry: C:\Users\Sumit\.p2\pool\plugins\org.eclipse.m2e.maven.runtime_3.9.900.20250220-2013\jars\plexus-build-api-1.2.0.jar
2025-09-07 05:49:42,108 [Worker-23: Launching Executing test in C__Users_Sumit_Desktop_New folder_Janatri] INFO  o.eclipse.m2e.core.internal.Bundles - 	Entry: C:\Users\Sumit\.p2\pool\plugins\org.eclipse.m2e.maven.runtime_3.9.900.20250220-2013\jars\plexus-cipher-2.0.jar
2025-09-07 05:49:42,108 [Worker-23: Launching Executing test in C__Users_Sumit_Desktop_New folder_Janatri] INFO  o.eclipse.m2e.core.internal.Bundles - 	Entry: C:\Users\Sumit\.p2\pool\plugins\org.eclipse.m2e.maven.runtime_3.9.900.20250220-2013\jars\plexus-classworlds-2.8.0.jar
2025-09-07 05:49:42,109 [Worker-23: Launching Executing test in C__Users_Sumit_Desktop_New folder_Janatri] INFO  o.eclipse.m2e.core.internal.Bundles - 	Entry: C:\Users\Sumit\.p2\pool\plugins\org.eclipse.m2e.maven.runtime_3.9.900.20250220-2013\jars\plexus-component-annotations-2.1.0.jar
2025-09-07 05:49:42,109 [Worker-23: Launching Executing test in C__Users_Sumit_Desktop_New folder_Janatri] INFO  o.eclipse.m2e.core.internal.Bundles - 	Entry: C:\Users\Sumit\.p2\pool\plugins\org.eclipse.m2e.maven.runtime_3.9.900.20250220-2013\jars\plexus-interpolation-1.27.jar
2025-09-07 05:49:42,109 [Worker-23: Launching Executing test in C__Users_Sumit_Desktop_New folder_Janatri] INFO  o.eclipse.m2e.core.internal.Bundles - 	Entry: C:\Users\Sumit\.p2\pool\plugins\org.eclipse.m2e.maven.runtime_3.9.900.20250220-2013\jars\plexus-sec-dispatcher-2.0.jar
2025-09-07 05:49:42,109 [Worker-23: Launching Executing test in C__Users_Sumit_Desktop_New folder_Janatri] INFO  o.eclipse.m2e.core.internal.Bundles - 	Entry: C:\Users\Sumit\.p2\pool\plugins\org.eclipse.m2e.maven.runtime_3.9.900.20250220-2013\jars\plexus-utils-3.5.1.jar
2025-09-07 05:49:42,109 [Worker-23: Launching Executing test in C__Users_Sumit_Desktop_New folder_Janatri] INFO  o.eclipse.m2e.core.internal.Bundles - 	Entry: C:\Users\Sumit\.p2\pool\plugins\org.eclipse.m2e.maven.runtime_3.9.900.20250220-2013\jars\plexus-xml-3.0.1.jar
2025-09-07 05:49:42,110 [Worker-23: Launching Executing test in C__Users_Sumit_Desktop_New folder_Janatri] INFO  o.eclipse.m2e.core.internal.Bundles - 	Entry: C:\Users\Sumit\.p2\pool\plugins\org.eclipse.m2e.maven.runtime_3.9.900.20250220-2013\jars\wagon-file-3.5.3.jar
2025-09-07 05:49:42,110 [Worker-23: Launching Executing test in C__Users_Sumit_Desktop_New folder_Janatri] INFO  o.eclipse.m2e.core.internal.Bundles - 	Entry: C:\Users\Sumit\.p2\pool\plugins\org.eclipse.m2e.maven.runtime_3.9.900.20250220-2013\jars\wagon-http-3.5.3.jar
2025-09-07 05:49:42,110 [Worker-23: Launching Executing test in C__Users_Sumit_Desktop_New folder_Janatri] INFO  o.eclipse.m2e.core.internal.Bundles - 	Entry: C:\Users\Sumit\.p2\pool\plugins\org.eclipse.m2e.maven.runtime_3.9.900.20250220-2013\jars\wagon-http-shared-3.5.3.jar
2025-09-07 05:49:42,110 [Worker-23: Launching Executing test in C__Users_Sumit_Desktop_New folder_Janatri] INFO  o.eclipse.m2e.core.internal.Bundles - 	Entry: C:\Users\Sumit\.p2\pool\plugins\org.eclipse.m2e.maven.runtime_3.9.900.20250220-2013\jars\wagon-provider-api-3.5.3.jar
2025-09-07 05:49:42,111 [Worker-23: Launching Executing test in C__Users_Sumit_Desktop_New folder_Janatri] INFO  o.eclipse.m2e.core.internal.Bundles - getClasspathEntries(Bundle=com.google.guava_33.4.8.jre [18])
2025-09-07 05:49:42,111 [Worker-23: Launching Executing test in C__Users_Sumit_Desktop_New folder_Janatri] INFO  o.eclipse.m2e.core.internal.Bundles - 	Entry: C:\Users\Sumit\.p2\pool\plugins\com.google.guava_33.4.8.jre.jar
2025-09-07 05:49:42,111 [Worker-23: Launching Executing test in C__Users_Sumit_Desktop_New folder_Janatri] INFO  o.eclipse.m2e.core.internal.Bundles - getClasspathEntries(Bundle=slf4j.api_2.0.17 [1004])
2025-09-07 05:49:42,113 [Worker-23: Launching Executing test in C__Users_Sumit_Desktop_New folder_Janatri] INFO  o.eclipse.m2e.core.internal.Bundles - 	Entry: C:\Users\Sumit\.p2\pool\plugins\slf4j.api_2.0.17.jar
2025-09-07 05:49:42,113 [Worker-23: Launching Executing test in C__Users_Sumit_Desktop_New folder_Janatri] INFO  o.eclipse.m2e.core.internal.Bundles - getClasspathEntries(Bundle=jakarta.inject.jakarta.inject-api_1.0.5 [35])
2025-09-07 05:49:42,114 [Worker-23: Launching Executing test in C__Users_Sumit_Desktop_New folder_Janatri] INFO  o.eclipse.m2e.core.internal.Bundles - 	Entry: C:\Users\Sumit\.p2\pool\plugins\jakarta.inject.jakarta.inject-api_1.0.5.jar
2025-09-07 05:49:42,115 [Worker-23: Launching Executing test in C__Users_Sumit_Desktop_New folder_Janatri] INFO  o.eclipse.m2e.core.internal.Bundles - getClasspathEntries(Bundle=javax.annotation_1.3.5.v20200909-1856 [45])
2025-09-07 05:49:42,115 [Worker-23: Launching Executing test in C__Users_Sumit_Desktop_New folder_Janatri] INFO  o.eclipse.m2e.core.internal.Bundles - 	Entry: C:\Users\Sumit\.p2\pool\plugins\javax.annotation_1.3.5.v20200909-1856.jar
2025-09-07 05:49:42,115 [Worker-23: Launching Executing test in C__Users_Sumit_Desktop_New folder_Janatri] INFO  o.eclipse.m2e.core.internal.Bundles - getClasspathEntries(Bundle=org.apache.commons.cli_1.9.0 [76])
2025-09-07 05:49:42,116 [Worker-23: Launching Executing test in C__Users_Sumit_Desktop_New folder_Janatri] INFO  o.eclipse.m2e.core.internal.Bundles - 	Entry: C:\Users\Sumit\.p2\pool\plugins\org.apache.commons.cli_1.9.0.jar
2025-09-07 05:49:42,116 [Worker-23: Launching Executing test in C__Users_Sumit_Desktop_New folder_Janatri] INFO  o.eclipse.m2e.core.internal.Bundles - getClasspathEntries(Bundle=org.apache.commons.commons-codec_1.16.0 [78])
2025-09-07 05:49:42,117 [Worker-23: Launching Executing test in C__Users_Sumit_Desktop_New folder_Janatri] INFO  o.eclipse.m2e.core.internal.Bundles - 	Entry: C:\Users\Sumit\.p2\pool\plugins\org.apache.commons.commons-codec_1.16.0.jar
2025-09-07 05:49:42,117 [Worker-23: Launching Executing test in C__Users_Sumit_Desktop_New folder_Janatri] INFO  o.eclipse.m2e.core.internal.Bundles - getClasspathEntries(Bundle=com.google.guava.failureaccess_1.0.3 [19])
2025-09-07 05:49:42,118 [Worker-23: Launching Executing test in C__Users_Sumit_Desktop_New folder_Janatri] INFO  o.eclipse.m2e.core.internal.Bundles - 	Entry: C:\Users\Sumit\.p2\pool\plugins\com.google.guava.failureaccess_1.0.3.jar
2025-09-07 05:49:42,120 [Worker-23: Launching Executing test in C__Users_Sumit_Desktop_New folder_Janatri] INFO  o.e.m.i.launch.MavenLaunchDelegate - Run build in "C:\Users\Sumit\Desktop\New folder\Janatri":
2025-09-07 05:49:42,120 [Worker-23: Launching Executing test in C__Users_Sumit_Desktop_New folder_Janatri] INFO  o.e.m.i.launch.MavenLaunchDelegate -  mvn  -B -Dstyle.color=always test
2025-09-07 05:51:59,368 [Worker-28: Building] WARN  o.a.m.s.f.DefaultMavenResourcesFiltering - Using platform encoding (UTF-8 actually) to copy filtered resources, i.e. build is platform dependent!
2025-09-07 05:51:59,415 [Worker-28: Building] INFO  o.a.m.s.f.DefaultMavenResourcesFiltering - Copying 0 resource from src\main\resources to target\classes
2025-09-07 05:51:59,422 [Worker-28: Building] WARN  o.a.m.s.f.DefaultMavenResourcesFiltering - Using platform encoding (UTF-8 actually) to copy filtered resources, i.e. build is platform dependent!
2025-09-07 05:51:59,425 [Worker-28: Building] INFO  o.a.m.s.f.DefaultMavenResourcesFiltering - Copying 0 resource from src\test\resources to target\test-classes
2025-09-07 05:52:10,114 [Worker-30: Launching Executing test in C__Users_Sumit_Desktop_New folder_Janatri] INFO  o.eclipse.m2e.core.internal.Bundles - getClasspathEntries(Bundle=org.eclipse.m2e.maven.runtime_3.9.900.20250220-2013 [639])
2025-09-07 05:52:10,124 [Worker-30: Launching Executing test in C__Users_Sumit_Desktop_New folder_Janatri] INFO  o.eclipse.m2e.core.internal.Bundles - 	Entry: C:\Users\Sumit\.p2\pool\plugins\org.eclipse.m2e.maven.runtime_3.9.900.20250220-2013
2025-09-07 05:52:10,125 [Worker-30: Launching Executing test in C__Users_Sumit_Desktop_New folder_Janatri] INFO  o.eclipse.m2e.core.internal.Bundles - 	Entry: C:\Users\Sumit\.p2\pool\plugins\org.eclipse.m2e.maven.runtime_3.9.900.20250220-2013\jars\aopalliance-1.0.jar
2025-09-07 05:52:10,125 [Worker-30: Launching Executing test in C__Users_Sumit_Desktop_New folder_Janatri] INFO  o.eclipse.m2e.core.internal.Bundles - 	Entry: C:\Users\Sumit\.p2\pool\plugins\org.eclipse.m2e.maven.runtime_3.9.900.20250220-2013\jars\guice-5.1.0.jar
2025-09-07 05:52:10,125 [Worker-30: Launching Executing test in C__Users_Sumit_Desktop_New folder_Janatri] INFO  o.eclipse.m2e.core.internal.Bundles - 	Entry: C:\Users\Sumit\.p2\pool\plugins\org.eclipse.m2e.maven.runtime_3.9.900.20250220-2013\jars\httpclient-4.5.14.jar
2025-09-07 05:52:10,125 [Worker-30: Launching Executing test in C__Users_Sumit_Desktop_New folder_Janatri] INFO  o.eclipse.m2e.core.internal.Bundles - 	Entry: C:\Users\Sumit\.p2\pool\plugins\org.eclipse.m2e.maven.runtime_3.9.900.20250220-2013\jars\httpcore-4.4.16.jar
2025-09-07 05:52:10,125 [Worker-30: Launching Executing test in C__Users_Sumit_Desktop_New folder_Janatri] INFO  o.eclipse.m2e.core.internal.Bundles - 	Entry: C:\Users\Sumit\.p2\pool\plugins\org.eclipse.m2e.maven.runtime_3.9.900.20250220-2013\jars\jansi-2.4.1.jar
2025-09-07 05:52:10,126 [Worker-30: Launching Executing test in C__Users_Sumit_Desktop_New folder_Janatri] INFO  o.eclipse.m2e.core.internal.Bundles - 	Entry: C:\Users\Sumit\.p2\pool\plugins\org.eclipse.m2e.maven.runtime_3.9.900.20250220-2013\jars\jcl-over-slf4j-1.7.36.jar
2025-09-07 05:52:10,126 [Worker-30: Launching Executing test in C__Users_Sumit_Desktop_New folder_Janatri] INFO  o.eclipse.m2e.core.internal.Bundles - 	Entry: C:\Users\Sumit\.p2\pool\plugins\org.eclipse.m2e.maven.runtime_3.9.900.20250220-2013\jars\maven-artifact-3.9.9.jar
2025-09-07 05:52:10,126 [Worker-30: Launching Executing test in C__Users_Sumit_Desktop_New folder_Janatri] INFO  o.eclipse.m2e.core.internal.Bundles - 	Entry: C:\Users\Sumit\.p2\pool\plugins\org.eclipse.m2e.maven.runtime_3.9.900.20250220-2013\jars\maven-builder-support-3.9.9.jar
2025-09-07 05:52:10,126 [Worker-30: Launching Executing test in C__Users_Sumit_Desktop_New folder_Janatri] INFO  o.eclipse.m2e.core.internal.Bundles - 	Entry: C:\Users\Sumit\.p2\pool\plugins\org.eclipse.m2e.maven.runtime_3.9.900.20250220-2013\jars\maven-compat-3.9.9.jar
2025-09-07 05:52:10,126 [Worker-30: Launching Executing test in C__Users_Sumit_Desktop_New folder_Janatri] INFO  o.eclipse.m2e.core.internal.Bundles - 	Entry: C:\Users\Sumit\.p2\pool\plugins\org.eclipse.m2e.maven.runtime_3.9.900.20250220-2013\jars\maven-core-3.9.9.jar
2025-09-07 05:52:10,127 [Worker-30: Launching Executing test in C__Users_Sumit_Desktop_New folder_Janatri] INFO  o.eclipse.m2e.core.internal.Bundles - 	Entry: C:\Users\Sumit\.p2\pool\plugins\org.eclipse.m2e.maven.runtime_3.9.900.20250220-2013\jars\maven-embedder-3.9.9.jar
2025-09-07 05:52:10,127 [Worker-30: Launching Executing test in C__Users_Sumit_Desktop_New folder_Janatri] INFO  o.eclipse.m2e.core.internal.Bundles - 	Entry: C:\Users\Sumit\.p2\pool\plugins\org.eclipse.m2e.maven.runtime_3.9.900.20250220-2013\jars\maven-model-3.9.9.jar
2025-09-07 05:52:10,127 [Worker-30: Launching Executing test in C__Users_Sumit_Desktop_New folder_Janatri] INFO  o.eclipse.m2e.core.internal.Bundles - 	Entry: C:\Users\Sumit\.p2\pool\plugins\org.eclipse.m2e.maven.runtime_3.9.900.20250220-2013\jars\maven-model-builder-3.9.9.jar
2025-09-07 05:52:10,127 [Worker-30: Launching Executing test in C__Users_Sumit_Desktop_New folder_Janatri] INFO  o.eclipse.m2e.core.internal.Bundles - 	Entry: C:\Users\Sumit\.p2\pool\plugins\org.eclipse.m2e.maven.runtime_3.9.900.20250220-2013\jars\maven-plugin-api-3.9.9.jar
2025-09-07 05:52:10,127 [Worker-30: Launching Executing test in C__Users_Sumit_Desktop_New folder_Janatri] INFO  o.eclipse.m2e.core.internal.Bundles - 	Entry: C:\Users\Sumit\.p2\pool\plugins\org.eclipse.m2e.maven.runtime_3.9.900.20250220-2013\jars\maven-repository-metadata-3.9.9.jar
2025-09-07 05:52:10,128 [Worker-30: Launching Executing test in C__Users_Sumit_Desktop_New folder_Janatri] INFO  o.eclipse.m2e.core.internal.Bundles - 	Entry: C:\Users\Sumit\.p2\pool\plugins\org.eclipse.m2e.maven.runtime_3.9.900.20250220-2013\jars\maven-resolver-api-1.9.22.jar
2025-09-07 05:52:10,128 [Worker-30: Launching Executing test in C__Users_Sumit_Desktop_New folder_Janatri] INFO  o.eclipse.m2e.core.internal.Bundles - 	Entry: C:\Users\Sumit\.p2\pool\plugins\org.eclipse.m2e.maven.runtime_3.9.900.20250220-2013\jars\maven-resolver-connector-basic-1.9.22.jar
2025-09-07 05:52:10,130 [Worker-30: Launching Executing test in C__Users_Sumit_Desktop_New folder_Janatri] INFO  o.eclipse.m2e.core.internal.Bundles - 	Entry: C:\Users\Sumit\.p2\pool\plugins\org.eclipse.m2e.maven.runtime_3.9.900.20250220-2013\jars\maven-resolver-impl-1.9.22.jar
2025-09-07 05:52:10,130 [Worker-30: Launching Executing test in C__Users_Sumit_Desktop_New folder_Janatri] INFO  o.eclipse.m2e.core.internal.Bundles - 	Entry: C:\Users\Sumit\.p2\pool\plugins\org.eclipse.m2e.maven.runtime_3.9.900.20250220-2013\jars\maven-resolver-named-locks-1.9.22.jar
2025-09-07 05:52:10,131 [Worker-30: Launching Executing test in C__Users_Sumit_Desktop_New folder_Janatri] INFO  o.eclipse.m2e.core.internal.Bundles - 	Entry: C:\Users\Sumit\.p2\pool\plugins\org.eclipse.m2e.maven.runtime_3.9.900.20250220-2013\jars\maven-resolver-provider-3.9.9.jar
2025-09-07 05:52:10,133 [Worker-30: Launching Executing test in C__Users_Sumit_Desktop_New folder_Janatri] INFO  o.eclipse.m2e.core.internal.Bundles - 	Entry: C:\Users\Sumit\.p2\pool\plugins\org.eclipse.m2e.maven.runtime_3.9.900.20250220-2013\jars\maven-resolver-spi-1.9.22.jar
2025-09-07 05:52:10,133 [Worker-30: Launching Executing test in C__Users_Sumit_Desktop_New folder_Janatri] INFO  o.eclipse.m2e.core.internal.Bundles - 	Entry: C:\Users\Sumit\.p2\pool\plugins\org.eclipse.m2e.maven.runtime_3.9.900.20250220-2013\jars\maven-resolver-transport-file-1.9.22.jar
2025-09-07 05:52:10,133 [Worker-30: Launching Executing test in C__Users_Sumit_Desktop_New folder_Janatri] INFO  o.eclipse.m2e.core.internal.Bundles - 	Entry: C:\Users\Sumit\.p2\pool\plugins\org.eclipse.m2e.maven.runtime_3.9.900.20250220-2013\jars\maven-resolver-transport-http-1.9.22.jar
2025-09-07 05:52:10,133 [Worker-30: Launching Executing test in C__Users_Sumit_Desktop_New folder_Janatri] INFO  o.eclipse.m2e.core.internal.Bundles - 	Entry: C:\Users\Sumit\.p2\pool\plugins\org.eclipse.m2e.maven.runtime_3.9.900.20250220-2013\jars\maven-resolver-transport-wagon-1.9.22.jar
2025-09-07 05:52:10,133 [Worker-30: Launching Executing test in C__Users_Sumit_Desktop_New folder_Janatri] INFO  o.eclipse.m2e.core.internal.Bundles - 	Entry: C:\Users\Sumit\.p2\pool\plugins\org.eclipse.m2e.maven.runtime_3.9.900.20250220-2013\jars\maven-resolver-util-1.9.22.jar
2025-09-07 05:52:10,134 [Worker-30: Launching Executing test in C__Users_Sumit_Desktop_New folder_Janatri] INFO  o.eclipse.m2e.core.internal.Bundles - 	Entry: C:\Users\Sumit\.p2\pool\plugins\org.eclipse.m2e.maven.runtime_3.9.900.20250220-2013\jars\maven-settings-3.9.9.jar
2025-09-07 05:52:10,134 [Worker-30: Launching Executing test in C__Users_Sumit_Desktop_New folder_Janatri] INFO  o.eclipse.m2e.core.internal.Bundles - 	Entry: C:\Users\Sumit\.p2\pool\plugins\org.eclipse.m2e.maven.runtime_3.9.900.20250220-2013\jars\maven-settings-builder-3.9.9.jar
2025-09-07 05:52:10,134 [Worker-30: Launching Executing test in C__Users_Sumit_Desktop_New folder_Janatri] INFO  o.eclipse.m2e.core.internal.Bundles - 	Entry: C:\Users\Sumit\.p2\pool\plugins\org.eclipse.m2e.maven.runtime_3.9.900.20250220-2013\jars\maven-shared-utils-3.4.2.jar
2025-09-07 05:52:10,134 [Worker-30: Launching Executing test in C__Users_Sumit_Desktop_New folder_Janatri] INFO  o.eclipse.m2e.core.internal.Bundles - 	Entry: C:\Users\Sumit\.p2\pool\plugins\org.eclipse.m2e.maven.runtime_3.9.900.20250220-2013\jars\org.eclipse.sisu.inject-0.9.0.M3.jar
2025-09-07 05:52:10,134 [Worker-30: Launching Executing test in C__Users_Sumit_Desktop_New folder_Janatri] INFO  o.eclipse.m2e.core.internal.Bundles - 	Entry: C:\Users\Sumit\.p2\pool\plugins\org.eclipse.m2e.maven.runtime_3.9.900.20250220-2013\jars\org.eclipse.sisu.plexus-0.9.0.M3.jar
2025-09-07 05:52:10,135 [Worker-30: Launching Executing test in C__Users_Sumit_Desktop_New folder_Janatri] INFO  o.eclipse.m2e.core.internal.Bundles - 	Entry: C:\Users\Sumit\.p2\pool\plugins\org.eclipse.m2e.maven.runtime_3.9.900.20250220-2013\jars\plexus-build-api-0.0.7.jar
2025-09-07 05:52:10,135 [Worker-30: Launching Executing test in C__Users_Sumit_Desktop_New folder_Janatri] INFO  o.eclipse.m2e.core.internal.Bundles - 	Entry: C:\Users\Sumit\.p2\pool\plugins\org.eclipse.m2e.maven.runtime_3.9.900.20250220-2013\jars\plexus-build-api-1.2.0.jar
2025-09-07 05:52:10,135 [Worker-30: Launching Executing test in C__Users_Sumit_Desktop_New folder_Janatri] INFO  o.eclipse.m2e.core.internal.Bundles - 	Entry: C:\Users\Sumit\.p2\pool\plugins\org.eclipse.m2e.maven.runtime_3.9.900.20250220-2013\jars\plexus-cipher-2.0.jar
2025-09-07 05:52:10,135 [Worker-30: Launching Executing test in C__Users_Sumit_Desktop_New folder_Janatri] INFO  o.eclipse.m2e.core.internal.Bundles - 	Entry: C:\Users\Sumit\.p2\pool\plugins\org.eclipse.m2e.maven.runtime_3.9.900.20250220-2013\jars\plexus-classworlds-2.8.0.jar
2025-09-07 05:52:10,135 [Worker-30: Launching Executing test in C__Users_Sumit_Desktop_New folder_Janatri] INFO  o.eclipse.m2e.core.internal.Bundles - 	Entry: C:\Users\Sumit\.p2\pool\plugins\org.eclipse.m2e.maven.runtime_3.9.900.20250220-2013\jars\plexus-component-annotations-2.1.0.jar
2025-09-07 05:52:10,136 [Worker-30: Launching Executing test in C__Users_Sumit_Desktop_New folder_Janatri] INFO  o.eclipse.m2e.core.internal.Bundles - 	Entry: C:\Users\Sumit\.p2\pool\plugins\org.eclipse.m2e.maven.runtime_3.9.900.20250220-2013\jars\plexus-interpolation-1.27.jar
2025-09-07 05:52:10,136 [Worker-30: Launching Executing test in C__Users_Sumit_Desktop_New folder_Janatri] INFO  o.eclipse.m2e.core.internal.Bundles - 	Entry: C:\Users\Sumit\.p2\pool\plugins\org.eclipse.m2e.maven.runtime_3.9.900.20250220-2013\jars\plexus-sec-dispatcher-2.0.jar
2025-09-07 05:52:10,136 [Worker-30: Launching Executing test in C__Users_Sumit_Desktop_New folder_Janatri] INFO  o.eclipse.m2e.core.internal.Bundles - 	Entry: C:\Users\Sumit\.p2\pool\plugins\org.eclipse.m2e.maven.runtime_3.9.900.20250220-2013\jars\plexus-utils-3.5.1.jar
2025-09-07 05:52:10,136 [Worker-30: Launching Executing test in C__Users_Sumit_Desktop_New folder_Janatri] INFO  o.eclipse.m2e.core.internal.Bundles - 	Entry: C:\Users\Sumit\.p2\pool\plugins\org.eclipse.m2e.maven.runtime_3.9.900.20250220-2013\jars\plexus-xml-3.0.1.jar
2025-09-07 05:52:10,136 [Worker-30: Launching Executing test in C__Users_Sumit_Desktop_New folder_Janatri] INFO  o.eclipse.m2e.core.internal.Bundles - 	Entry: C:\Users\Sumit\.p2\pool\plugins\org.eclipse.m2e.maven.runtime_3.9.900.20250220-2013\jars\wagon-file-3.5.3.jar
2025-09-07 05:52:10,136 [Worker-30: Launching Executing test in C__Users_Sumit_Desktop_New folder_Janatri] INFO  o.eclipse.m2e.core.internal.Bundles - 	Entry: C:\Users\Sumit\.p2\pool\plugins\org.eclipse.m2e.maven.runtime_3.9.900.20250220-2013\jars\wagon-http-3.5.3.jar
2025-09-07 05:52:10,137 [Worker-30: Launching Executing test in C__Users_Sumit_Desktop_New folder_Janatri] INFO  o.eclipse.m2e.core.internal.Bundles - 	Entry: C:\Users\Sumit\.p2\pool\plugins\org.eclipse.m2e.maven.runtime_3.9.900.20250220-2013\jars\wagon-http-shared-3.5.3.jar
2025-09-07 05:52:10,137 [Worker-30: Launching Executing test in C__Users_Sumit_Desktop_New folder_Janatri] INFO  o.eclipse.m2e.core.internal.Bundles - 	Entry: C:\Users\Sumit\.p2\pool\plugins\org.eclipse.m2e.maven.runtime_3.9.900.20250220-2013\jars\wagon-provider-api-3.5.3.jar
2025-09-07 05:52:10,144 [Worker-30: Launching Executing test in C__Users_Sumit_Desktop_New folder_Janatri] INFO  o.eclipse.m2e.core.internal.Bundles - getClasspathEntries(Bundle=com.google.guava_33.4.8.jre [18])
2025-09-07 05:52:10,145 [Worker-30: Launching Executing test in C__Users_Sumit_Desktop_New folder_Janatri] INFO  o.eclipse.m2e.core.internal.Bundles - 	Entry: C:\Users\Sumit\.p2\pool\plugins\com.google.guava_33.4.8.jre.jar
2025-09-07 05:52:10,145 [Worker-30: Launching Executing test in C__Users_Sumit_Desktop_New folder_Janatri] INFO  o.eclipse.m2e.core.internal.Bundles - getClasspathEntries(Bundle=slf4j.api_2.0.17 [1004])
2025-09-07 05:52:10,146 [Worker-30: Launching Executing test in C__Users_Sumit_Desktop_New folder_Janatri] INFO  o.eclipse.m2e.core.internal.Bundles - 	Entry: C:\Users\Sumit\.p2\pool\plugins\slf4j.api_2.0.17.jar
2025-09-07 05:52:10,147 [Worker-30: Launching Executing test in C__Users_Sumit_Desktop_New folder_Janatri] INFO  o.eclipse.m2e.core.internal.Bundles - getClasspathEntries(Bundle=jakarta.inject.jakarta.inject-api_1.0.5 [35])
2025-09-07 05:52:10,150 [Worker-30: Launching Executing test in C__Users_Sumit_Desktop_New folder_Janatri] INFO  o.eclipse.m2e.core.internal.Bundles - 	Entry: C:\Users\Sumit\.p2\pool\plugins\jakarta.inject.jakarta.inject-api_1.0.5.jar
2025-09-07 05:52:10,150 [Worker-30: Launching Executing test in C__Users_Sumit_Desktop_New folder_Janatri] INFO  o.eclipse.m2e.core.internal.Bundles - getClasspathEntries(Bundle=javax.annotation_1.3.5.v20200909-1856 [45])
2025-09-07 05:52:10,152 [Worker-30: Launching Executing test in C__Users_Sumit_Desktop_New folder_Janatri] INFO  o.eclipse.m2e.core.internal.Bundles - 	Entry: C:\Users\Sumit\.p2\pool\plugins\javax.annotation_1.3.5.v20200909-1856.jar
2025-09-07 05:52:10,152 [Worker-30: Launching Executing test in C__Users_Sumit_Desktop_New folder_Janatri] INFO  o.eclipse.m2e.core.internal.Bundles - getClasspathEntries(Bundle=org.apache.commons.cli_1.9.0 [76])
2025-09-07 05:52:10,152 [Worker-30: Launching Executing test in C__Users_Sumit_Desktop_New folder_Janatri] INFO  o.eclipse.m2e.core.internal.Bundles - 	Entry: C:\Users\Sumit\.p2\pool\plugins\org.apache.commons.cli_1.9.0.jar
2025-09-07 05:52:10,152 [Worker-30: Launching Executing test in C__Users_Sumit_Desktop_New folder_Janatri] INFO  o.eclipse.m2e.core.internal.Bundles - getClasspathEntries(Bundle=org.apache.commons.commons-codec_1.16.0 [78])
2025-09-07 05:52:10,154 [Worker-30: Launching Executing test in C__Users_Sumit_Desktop_New folder_Janatri] INFO  o.eclipse.m2e.core.internal.Bundles - 	Entry: C:\Users\Sumit\.p2\pool\plugins\org.apache.commons.commons-codec_1.16.0.jar
2025-09-07 05:52:10,154 [Worker-30: Launching Executing test in C__Users_Sumit_Desktop_New folder_Janatri] INFO  o.eclipse.m2e.core.internal.Bundles - getClasspathEntries(Bundle=com.google.guava.failureaccess_1.0.3 [19])
2025-09-07 05:52:10,155 [Worker-30: Launching Executing test in C__Users_Sumit_Desktop_New folder_Janatri] INFO  o.eclipse.m2e.core.internal.Bundles - 	Entry: C:\Users\Sumit\.p2\pool\plugins\com.google.guava.failureaccess_1.0.3.jar
2025-09-07 05:52:10,164 [Worker-30: Launching Executing test in C__Users_Sumit_Desktop_New folder_Janatri] INFO  o.e.m.i.launch.MavenLaunchDelegate - Run build in "C:\Users\Sumit\Desktop\New folder\Janatri":
2025-09-07 05:52:10,164 [Worker-30: Launching Executing test in C__Users_Sumit_Desktop_New folder_Janatri] INFO  o.e.m.i.launch.MavenLaunchDelegate -  mvn  -B -Dstyle.color=always test
2025-09-07 05:53:51,271 [Worker-29: Building] WARN  o.a.m.s.f.DefaultMavenResourcesFiltering - Using platform encoding (UTF-8 actually) to copy filtered resources, i.e. build is platform dependent!
2025-09-07 05:53:51,275 [Worker-29: Building] INFO  o.a.m.s.f.DefaultMavenResourcesFiltering - Copying 0 resource from src\main\resources to target\classes
2025-09-07 05:53:51,281 [Worker-29: Building] WARN  o.a.m.s.f.DefaultMavenResourcesFiltering - Using platform encoding (UTF-8 actually) to copy filtered resources, i.e. build is platform dependent!
2025-09-07 05:53:51,284 [Worker-29: Building] INFO  o.a.m.s.f.DefaultMavenResourcesFiltering - Copying 0 resource from src\test\resources to target\test-classes
2025-09-07 05:53:59,928 [Worker-29: Launching Executing test in C__Users_Sumit_Desktop_New folder_Janatri] INFO  o.eclipse.m2e.core.internal.Bundles - getClasspathEntries(Bundle=org.eclipse.m2e.maven.runtime_3.9.900.20250220-2013 [639])
2025-09-07 05:53:59,932 [Worker-29: Launching Executing test in C__Users_Sumit_Desktop_New folder_Janatri] INFO  o.eclipse.m2e.core.internal.Bundles - 	Entry: C:\Users\Sumit\.p2\pool\plugins\org.eclipse.m2e.maven.runtime_3.9.900.20250220-2013
2025-09-07 05:53:59,932 [Worker-29: Launching Executing test in C__Users_Sumit_Desktop_New folder_Janatri] INFO  o.eclipse.m2e.core.internal.Bundles - 	Entry: C:\Users\Sumit\.p2\pool\plugins\org.eclipse.m2e.maven.runtime_3.9.900.20250220-2013\jars\aopalliance-1.0.jar
2025-09-07 05:53:59,932 [Worker-29: Launching Executing test in C__Users_Sumit_Desktop_New folder_Janatri] INFO  o.eclipse.m2e.core.internal.Bundles - 	Entry: C:\Users\Sumit\.p2\pool\plugins\org.eclipse.m2e.maven.runtime_3.9.900.20250220-2013\jars\guice-5.1.0.jar
2025-09-07 05:53:59,932 [Worker-29: Launching Executing test in C__Users_Sumit_Desktop_New folder_Janatri] INFO  o.eclipse.m2e.core.internal.Bundles - 	Entry: C:\Users\Sumit\.p2\pool\plugins\org.eclipse.m2e.maven.runtime_3.9.900.20250220-2013\jars\httpclient-4.5.14.jar
2025-09-07 05:53:59,933 [Worker-29: Launching Executing test in C__Users_Sumit_Desktop_New folder_Janatri] INFO  o.eclipse.m2e.core.internal.Bundles - 	Entry: C:\Users\Sumit\.p2\pool\plugins\org.eclipse.m2e.maven.runtime_3.9.900.20250220-2013\jars\httpcore-4.4.16.jar
2025-09-07 05:53:59,933 [Worker-29: Launching Executing test in C__Users_Sumit_Desktop_New folder_Janatri] INFO  o.eclipse.m2e.core.internal.Bundles - 	Entry: C:\Users\Sumit\.p2\pool\plugins\org.eclipse.m2e.maven.runtime_3.9.900.20250220-2013\jars\jansi-2.4.1.jar
2025-09-07 05:53:59,933 [Worker-29: Launching Executing test in C__Users_Sumit_Desktop_New folder_Janatri] INFO  o.eclipse.m2e.core.internal.Bundles - 	Entry: C:\Users\Sumit\.p2\pool\plugins\org.eclipse.m2e.maven.runtime_3.9.900.20250220-2013\jars\jcl-over-slf4j-1.7.36.jar
2025-09-07 05:53:59,933 [Worker-29: Launching Executing test in C__Users_Sumit_Desktop_New folder_Janatri] INFO  o.eclipse.m2e.core.internal.Bundles - 	Entry: C:\Users\Sumit\.p2\pool\plugins\org.eclipse.m2e.maven.runtime_3.9.900.20250220-2013\jars\maven-artifact-3.9.9.jar
2025-09-07 05:53:59,933 [Worker-29: Launching Executing test in C__Users_Sumit_Desktop_New folder_Janatri] INFO  o.eclipse.m2e.core.internal.Bundles - 	Entry: C:\Users\Sumit\.p2\pool\plugins\org.eclipse.m2e.maven.runtime_3.9.900.20250220-2013\jars\maven-builder-support-3.9.9.jar
2025-09-07 05:53:59,935 [Worker-29: Launching Executing test in C__Users_Sumit_Desktop_New folder_Janatri] INFO  o.eclipse.m2e.core.internal.Bundles - 	Entry: C:\Users\Sumit\.p2\pool\plugins\org.eclipse.m2e.maven.runtime_3.9.900.20250220-2013\jars\maven-compat-3.9.9.jar
2025-09-07 05:53:59,936 [Worker-29: Launching Executing test in C__Users_Sumit_Desktop_New folder_Janatri] INFO  o.eclipse.m2e.core.internal.Bundles - 	Entry: C:\Users\Sumit\.p2\pool\plugins\org.eclipse.m2e.maven.runtime_3.9.900.20250220-2013\jars\maven-core-3.9.9.jar
2025-09-07 05:53:59,936 [Worker-29: Launching Executing test in C__Users_Sumit_Desktop_New folder_Janatri] INFO  o.eclipse.m2e.core.internal.Bundles - 	Entry: C:\Users\Sumit\.p2\pool\plugins\org.eclipse.m2e.maven.runtime_3.9.900.20250220-2013\jars\maven-embedder-3.9.9.jar
2025-09-07 05:53:59,937 [Worker-29: Launching Executing test in C__Users_Sumit_Desktop_New folder_Janatri] INFO  o.eclipse.m2e.core.internal.Bundles - 	Entry: C:\Users\Sumit\.p2\pool\plugins\org.eclipse.m2e.maven.runtime_3.9.900.20250220-2013\jars\maven-model-3.9.9.jar
2025-09-07 05:53:59,938 [Worker-29: Launching Executing test in C__Users_Sumit_Desktop_New folder_Janatri] INFO  o.eclipse.m2e.core.internal.Bundles - 	Entry: C:\Users\Sumit\.p2\pool\plugins\org.eclipse.m2e.maven.runtime_3.9.900.20250220-2013\jars\maven-model-builder-3.9.9.jar
2025-09-07 05:53:59,938 [Worker-29: Launching Executing test in C__Users_Sumit_Desktop_New folder_Janatri] INFO  o.eclipse.m2e.core.internal.Bundles - 	Entry: C:\Users\Sumit\.p2\pool\plugins\org.eclipse.m2e.maven.runtime_3.9.900.20250220-2013\jars\maven-plugin-api-3.9.9.jar
2025-09-07 05:53:59,938 [Worker-29: Launching Executing test in C__Users_Sumit_Desktop_New folder_Janatri] INFO  o.eclipse.m2e.core.internal.Bundles - 	Entry: C:\Users\Sumit\.p2\pool\plugins\org.eclipse.m2e.maven.runtime_3.9.900.20250220-2013\jars\maven-repository-metadata-3.9.9.jar
2025-09-07 05:53:59,939 [Worker-29: Launching Executing test in C__Users_Sumit_Desktop_New folder_Janatri] INFO  o.eclipse.m2e.core.internal.Bundles - 	Entry: C:\Users\Sumit\.p2\pool\plugins\org.eclipse.m2e.maven.runtime_3.9.900.20250220-2013\jars\maven-resolver-api-1.9.22.jar
2025-09-07 05:53:59,940 [Worker-29: Launching Executing test in C__Users_Sumit_Desktop_New folder_Janatri] INFO  o.eclipse.m2e.core.internal.Bundles - 	Entry: C:\Users\Sumit\.p2\pool\plugins\org.eclipse.m2e.maven.runtime_3.9.900.20250220-2013\jars\maven-resolver-connector-basic-1.9.22.jar
2025-09-07 05:53:59,940 [Worker-29: Launching Executing test in C__Users_Sumit_Desktop_New folder_Janatri] INFO  o.eclipse.m2e.core.internal.Bundles - 	Entry: C:\Users\Sumit\.p2\pool\plugins\org.eclipse.m2e.maven.runtime_3.9.900.20250220-2013\jars\maven-resolver-impl-1.9.22.jar
2025-09-07 05:53:59,940 [Worker-29: Launching Executing test in C__Users_Sumit_Desktop_New folder_Janatri] INFO  o.eclipse.m2e.core.internal.Bundles - 	Entry: C:\Users\Sumit\.p2\pool\plugins\org.eclipse.m2e.maven.runtime_3.9.900.20250220-2013\jars\maven-resolver-named-locks-1.9.22.jar
2025-09-07 05:53:59,941 [Worker-29: Launching Executing test in C__Users_Sumit_Desktop_New folder_Janatri] INFO  o.eclipse.m2e.core.internal.Bundles - 	Entry: C:\Users\Sumit\.p2\pool\plugins\org.eclipse.m2e.maven.runtime_3.9.900.20250220-2013\jars\maven-resolver-provider-3.9.9.jar
2025-09-07 05:53:59,941 [Worker-29: Launching Executing test in C__Users_Sumit_Desktop_New folder_Janatri] INFO  o.eclipse.m2e.core.internal.Bundles - 	Entry: C:\Users\Sumit\.p2\pool\plugins\org.eclipse.m2e.maven.runtime_3.9.900.20250220-2013\jars\maven-resolver-spi-1.9.22.jar
2025-09-07 05:53:59,942 [Worker-29: Launching Executing test in C__Users_Sumit_Desktop_New folder_Janatri] INFO  o.eclipse.m2e.core.internal.Bundles - 	Entry: C:\Users\Sumit\.p2\pool\plugins\org.eclipse.m2e.maven.runtime_3.9.900.20250220-2013\jars\maven-resolver-transport-file-1.9.22.jar
2025-09-07 05:53:59,942 [Worker-29: Launching Executing test in C__Users_Sumit_Desktop_New folder_Janatri] INFO  o.eclipse.m2e.core.internal.Bundles - 	Entry: C:\Users\Sumit\.p2\pool\plugins\org.eclipse.m2e.maven.runtime_3.9.900.20250220-2013\jars\maven-resolver-transport-http-1.9.22.jar
2025-09-07 05:53:59,943 [Worker-29: Launching Executing test in C__Users_Sumit_Desktop_New folder_Janatri] INFO  o.eclipse.m2e.core.internal.Bundles - 	Entry: C:\Users\Sumit\.p2\pool\plugins\org.eclipse.m2e.maven.runtime_3.9.900.20250220-2013\jars\maven-resolver-transport-wagon-1.9.22.jar
2025-09-07 05:53:59,943 [Worker-29: Launching Executing test in C__Users_Sumit_Desktop_New folder_Janatri] INFO  o.eclipse.m2e.core.internal.Bundles - 	Entry: C:\Users\Sumit\.p2\pool\plugins\org.eclipse.m2e.maven.runtime_3.9.900.20250220-2013\jars\maven-resolver-util-1.9.22.jar
2025-09-07 05:53:59,944 [Worker-29: Launching Executing test in C__Users_Sumit_Desktop_New folder_Janatri] INFO  o.eclipse.m2e.core.internal.Bundles - 	Entry: C:\Users\Sumit\.p2\pool\plugins\org.eclipse.m2e.maven.runtime_3.9.900.20250220-2013\jars\maven-settings-3.9.9.jar
2025-09-07 05:53:59,945 [Worker-29: Launching Executing test in C__Users_Sumit_Desktop_New folder_Janatri] INFO  o.eclipse.m2e.core.internal.Bundles - 	Entry: C:\Users\Sumit\.p2\pool\plugins\org.eclipse.m2e.maven.runtime_3.9.900.20250220-2013\jars\maven-settings-builder-3.9.9.jar
2025-09-07 05:53:59,948 [Worker-29: Launching Executing test in C__Users_Sumit_Desktop_New folder_Janatri] INFO  o.eclipse.m2e.core.internal.Bundles - 	Entry: C:\Users\Sumit\.p2\pool\plugins\org.eclipse.m2e.maven.runtime_3.9.900.20250220-2013\jars\maven-shared-utils-3.4.2.jar
2025-09-07 05:53:59,948 [Worker-29: Launching Executing test in C__Users_Sumit_Desktop_New folder_Janatri] INFO  o.eclipse.m2e.core.internal.Bundles - 	Entry: C:\Users\Sumit\.p2\pool\plugins\org.eclipse.m2e.maven.runtime_3.9.900.20250220-2013\jars\org.eclipse.sisu.inject-0.9.0.M3.jar
2025-09-07 05:53:59,950 [Worker-29: Launching Executing test in C__Users_Sumit_Desktop_New folder_Janatri] INFO  o.eclipse.m2e.core.internal.Bundles - 	Entry: C:\Users\Sumit\.p2\pool\plugins\org.eclipse.m2e.maven.runtime_3.9.900.20250220-2013\jars\org.eclipse.sisu.plexus-0.9.0.M3.jar
2025-09-07 05:53:59,951 [Worker-29: Launching Executing test in C__Users_Sumit_Desktop_New folder_Janatri] INFO  o.eclipse.m2e.core.internal.Bundles - 	Entry: C:\Users\Sumit\.p2\pool\plugins\org.eclipse.m2e.maven.runtime_3.9.900.20250220-2013\jars\plexus-build-api-0.0.7.jar
2025-09-07 05:53:59,952 [Worker-29: Launching Executing test in C__Users_Sumit_Desktop_New folder_Janatri] INFO  o.eclipse.m2e.core.internal.Bundles - 	Entry: C:\Users\Sumit\.p2\pool\plugins\org.eclipse.m2e.maven.runtime_3.9.900.20250220-2013\jars\plexus-build-api-1.2.0.jar
2025-09-07 05:53:59,953 [Worker-29: Launching Executing test in C__Users_Sumit_Desktop_New folder_Janatri] INFO  o.eclipse.m2e.core.internal.Bundles - 	Entry: C:\Users\Sumit\.p2\pool\plugins\org.eclipse.m2e.maven.runtime_3.9.900.20250220-2013\jars\plexus-cipher-2.0.jar
2025-09-07 05:53:59,953 [Worker-29: Launching Executing test in C__Users_Sumit_Desktop_New folder_Janatri] INFO  o.eclipse.m2e.core.internal.Bundles - 	Entry: C:\Users\Sumit\.p2\pool\plugins\org.eclipse.m2e.maven.runtime_3.9.900.20250220-2013\jars\plexus-classworlds-2.8.0.jar
2025-09-07 05:53:59,954 [Worker-29: Launching Executing test in C__Users_Sumit_Desktop_New folder_Janatri] INFO  o.eclipse.m2e.core.internal.Bundles - 	Entry: C:\Users\Sumit\.p2\pool\plugins\org.eclipse.m2e.maven.runtime_3.9.900.20250220-2013\jars\plexus-component-annotations-2.1.0.jar
2025-09-07 05:53:59,954 [Worker-29: Launching Executing test in C__Users_Sumit_Desktop_New folder_Janatri] INFO  o.eclipse.m2e.core.internal.Bundles - 	Entry: C:\Users\Sumit\.p2\pool\plugins\org.eclipse.m2e.maven.runtime_3.9.900.20250220-2013\jars\plexus-interpolation-1.27.jar
2025-09-07 05:53:59,954 [Worker-29: Launching Executing test in C__Users_Sumit_Desktop_New folder_Janatri] INFO  o.eclipse.m2e.core.internal.Bundles - 	Entry: C:\Users\Sumit\.p2\pool\plugins\org.eclipse.m2e.maven.runtime_3.9.900.20250220-2013\jars\plexus-sec-dispatcher-2.0.jar
2025-09-07 05:53:59,955 [Worker-29: Launching Executing test in C__Users_Sumit_Desktop_New folder_Janatri] INFO  o.eclipse.m2e.core.internal.Bundles - 	Entry: C:\Users\Sumit\.p2\pool\plugins\org.eclipse.m2e.maven.runtime_3.9.900.20250220-2013\jars\plexus-utils-3.5.1.jar
2025-09-07 05:53:59,955 [Worker-29: Launching Executing test in C__Users_Sumit_Desktop_New folder_Janatri] INFO  o.eclipse.m2e.core.internal.Bundles - 	Entry: C:\Users\Sumit\.p2\pool\plugins\org.eclipse.m2e.maven.runtime_3.9.900.20250220-2013\jars\plexus-xml-3.0.1.jar
2025-09-07 05:53:59,955 [Worker-29: Launching Executing test in C__Users_Sumit_Desktop_New folder_Janatri] INFO  o.eclipse.m2e.core.internal.Bundles - 	Entry: C:\Users\Sumit\.p2\pool\plugins\org.eclipse.m2e.maven.runtime_3.9.900.20250220-2013\jars\wagon-file-3.5.3.jar
2025-09-07 05:53:59,955 [Worker-29: Launching Executing test in C__Users_Sumit_Desktop_New folder_Janatri] INFO  o.eclipse.m2e.core.internal.Bundles - 	Entry: C:\Users\Sumit\.p2\pool\plugins\org.eclipse.m2e.maven.runtime_3.9.900.20250220-2013\jars\wagon-http-3.5.3.jar
2025-09-07 05:53:59,956 [Worker-29: Launching Executing test in C__Users_Sumit_Desktop_New folder_Janatri] INFO  o.eclipse.m2e.core.internal.Bundles - 	Entry: C:\Users\Sumit\.p2\pool\plugins\org.eclipse.m2e.maven.runtime_3.9.900.20250220-2013\jars\wagon-http-shared-3.5.3.jar
2025-09-07 05:53:59,956 [Worker-29: Launching Executing test in C__Users_Sumit_Desktop_New folder_Janatri] INFO  o.eclipse.m2e.core.internal.Bundles - 	Entry: C:\Users\Sumit\.p2\pool\plugins\org.eclipse.m2e.maven.runtime_3.9.900.20250220-2013\jars\wagon-provider-api-3.5.3.jar
2025-09-07 05:53:59,957 [Worker-29: Launching Executing test in C__Users_Sumit_Desktop_New folder_Janatri] INFO  o.eclipse.m2e.core.internal.Bundles - getClasspathEntries(Bundle=com.google.guava_33.4.8.jre [18])
2025-09-07 05:53:59,957 [Worker-29: Launching Executing test in C__Users_Sumit_Desktop_New folder_Janatri] INFO  o.eclipse.m2e.core.internal.Bundles - 	Entry: C:\Users\Sumit\.p2\pool\plugins\com.google.guava_33.4.8.jre.jar
2025-09-07 05:53:59,957 [Worker-29: Launching Executing test in C__Users_Sumit_Desktop_New folder_Janatri] INFO  o.eclipse.m2e.core.internal.Bundles - getClasspathEntries(Bundle=slf4j.api_2.0.17 [1004])
2025-09-07 05:53:59,958 [Worker-29: Launching Executing test in C__Users_Sumit_Desktop_New folder_Janatri] INFO  o.eclipse.m2e.core.internal.Bundles - 	Entry: C:\Users\Sumit\.p2\pool\plugins\slf4j.api_2.0.17.jar
2025-09-07 05:53:59,958 [Worker-29: Launching Executing test in C__Users_Sumit_Desktop_New folder_Janatri] INFO  o.eclipse.m2e.core.internal.Bundles - getClasspathEntries(Bundle=jakarta.inject.jakarta.inject-api_1.0.5 [35])
2025-09-07 05:53:59,959 [Worker-29: Launching Executing test in C__Users_Sumit_Desktop_New folder_Janatri] INFO  o.eclipse.m2e.core.internal.Bundles - 	Entry: C:\Users\Sumit\.p2\pool\plugins\jakarta.inject.jakarta.inject-api_1.0.5.jar
2025-09-07 05:53:59,959 [Worker-29: Launching Executing test in C__Users_Sumit_Desktop_New folder_Janatri] INFO  o.eclipse.m2e.core.internal.Bundles - getClasspathEntries(Bundle=javax.annotation_1.3.5.v20200909-1856 [45])
2025-09-07 05:53:59,960 [Worker-29: Launching Executing test in C__Users_Sumit_Desktop_New folder_Janatri] INFO  o.eclipse.m2e.core.internal.Bundles - 	Entry: C:\Users\Sumit\.p2\pool\plugins\javax.annotation_1.3.5.v20200909-1856.jar
2025-09-07 05:53:59,960 [Worker-29: Launching Executing test in C__Users_Sumit_Desktop_New folder_Janatri] INFO  o.eclipse.m2e.core.internal.Bundles - getClasspathEntries(Bundle=org.apache.commons.cli_1.9.0 [76])
2025-09-07 05:53:59,961 [Worker-29: Launching Executing test in C__Users_Sumit_Desktop_New folder_Janatri] INFO  o.eclipse.m2e.core.internal.Bundles - 	Entry: C:\Users\Sumit\.p2\pool\plugins\org.apache.commons.cli_1.9.0.jar
2025-09-07 05:53:59,961 [Worker-29: Launching Executing test in C__Users_Sumit_Desktop_New folder_Janatri] INFO  o.eclipse.m2e.core.internal.Bundles - getClasspathEntries(Bundle=org.apache.commons.commons-codec_1.16.0 [78])
2025-09-07 05:53:59,963 [Worker-29: Launching Executing test in C__Users_Sumit_Desktop_New folder_Janatri] INFO  o.eclipse.m2e.core.internal.Bundles - 	Entry: C:\Users\Sumit\.p2\pool\plugins\org.apache.commons.commons-codec_1.16.0.jar
2025-09-07 05:53:59,964 [Worker-29: Launching Executing test in C__Users_Sumit_Desktop_New folder_Janatri] INFO  o.eclipse.m2e.core.internal.Bundles - getClasspathEntries(Bundle=com.google.guava.failureaccess_1.0.3 [19])
2025-09-07 05:53:59,965 [Worker-29: Launching Executing test in C__Users_Sumit_Desktop_New folder_Janatri] INFO  o.eclipse.m2e.core.internal.Bundles - 	Entry: C:\Users\Sumit\.p2\pool\plugins\com.google.guava.failureaccess_1.0.3.jar
2025-09-07 05:53:59,969 [Worker-29: Launching Executing test in C__Users_Sumit_Desktop_New folder_Janatri] INFO  o.e.m.i.launch.MavenLaunchDelegate - Run build in "C:\Users\Sumit\Desktop\New folder\Janatri":
2025-09-07 05:53:59,969 [Worker-29: Launching Executing test in C__Users_Sumit_Desktop_New folder_Janatri] INFO  o.e.m.i.launch.MavenLaunchDelegate -  mvn  -B -Dstyle.color=always test
2025-09-07 05:55:07,074 [Worker-29: Building] WARN  o.a.m.s.f.DefaultMavenResourcesFiltering - Using platform encoding (UTF-8 actually) to copy filtered resources, i.e. build is platform dependent!
2025-09-07 05:55:07,080 [Worker-29: Building] INFO  o.a.m.s.f.DefaultMavenResourcesFiltering - Copying 0 resource from src\main\resources to target\classes
2025-09-07 05:55:07,085 [Worker-29: Building] WARN  o.a.m.s.f.DefaultMavenResourcesFiltering - Using platform encoding (UTF-8 actually) to copy filtered resources, i.e. build is platform dependent!
2025-09-07 05:55:07,087 [Worker-29: Building] INFO  o.a.m.s.f.DefaultMavenResourcesFiltering - Copying 0 resource from src\test\resources to target\test-classes
2025-09-07 05:55:19,618 [Worker-30: Launching Executing test in C__Users_Sumit_Desktop_New folder_Janatri] INFO  o.eclipse.m2e.core.internal.Bundles - getClasspathEntries(Bundle=org.eclipse.m2e.maven.runtime_3.9.900.20250220-2013 [639])
2025-09-07 05:55:19,620 [Worker-30: Launching Executing test in C__Users_Sumit_Desktop_New folder_Janatri] INFO  o.eclipse.m2e.core.internal.Bundles - 	Entry: C:\Users\Sumit\.p2\pool\plugins\org.eclipse.m2e.maven.runtime_3.9.900.20250220-2013
2025-09-07 05:55:19,620 [Worker-30: Launching Executing test in C__Users_Sumit_Desktop_New folder_Janatri] INFO  o.eclipse.m2e.core.internal.Bundles - 	Entry: C:\Users\Sumit\.p2\pool\plugins\org.eclipse.m2e.maven.runtime_3.9.900.20250220-2013\jars\aopalliance-1.0.jar
2025-09-07 05:55:19,620 [Worker-30: Launching Executing test in C__Users_Sumit_Desktop_New folder_Janatri] INFO  o.eclipse.m2e.core.internal.Bundles - 	Entry: C:\Users\Sumit\.p2\pool\plugins\org.eclipse.m2e.maven.runtime_3.9.900.20250220-2013\jars\guice-5.1.0.jar
2025-09-07 05:55:19,621 [Worker-30: Launching Executing test in C__Users_Sumit_Desktop_New folder_Janatri] INFO  o.eclipse.m2e.core.internal.Bundles - 	Entry: C:\Users\Sumit\.p2\pool\plugins\org.eclipse.m2e.maven.runtime_3.9.900.20250220-2013\jars\httpclient-4.5.14.jar
2025-09-07 05:55:19,621 [Worker-30: Launching Executing test in C__Users_Sumit_Desktop_New folder_Janatri] INFO  o.eclipse.m2e.core.internal.Bundles - 	Entry: C:\Users\Sumit\.p2\pool\plugins\org.eclipse.m2e.maven.runtime_3.9.900.20250220-2013\jars\httpcore-4.4.16.jar
2025-09-07 05:55:19,621 [Worker-30: Launching Executing test in C__Users_Sumit_Desktop_New folder_Janatri] INFO  o.eclipse.m2e.core.internal.Bundles - 	Entry: C:\Users\Sumit\.p2\pool\plugins\org.eclipse.m2e.maven.runtime_3.9.900.20250220-2013\jars\jansi-2.4.1.jar
2025-09-07 05:55:19,621 [Worker-30: Launching Executing test in C__Users_Sumit_Desktop_New folder_Janatri] INFO  o.eclipse.m2e.core.internal.Bundles - 	Entry: C:\Users\Sumit\.p2\pool\plugins\org.eclipse.m2e.maven.runtime_3.9.900.20250220-2013\jars\jcl-over-slf4j-1.7.36.jar
2025-09-07 05:55:19,622 [Worker-30: Launching Executing test in C__Users_Sumit_Desktop_New folder_Janatri] INFO  o.eclipse.m2e.core.internal.Bundles - 	Entry: C:\Users\Sumit\.p2\pool\plugins\org.eclipse.m2e.maven.runtime_3.9.900.20250220-2013\jars\maven-artifact-3.9.9.jar
2025-09-07 05:55:19,622 [Worker-30: Launching Executing test in C__Users_Sumit_Desktop_New folder_Janatri] INFO  o.eclipse.m2e.core.internal.Bundles - 	Entry: C:\Users\Sumit\.p2\pool\plugins\org.eclipse.m2e.maven.runtime_3.9.900.20250220-2013\jars\maven-builder-support-3.9.9.jar
2025-09-07 05:55:19,622 [Worker-30: Launching Executing test in C__Users_Sumit_Desktop_New folder_Janatri] INFO  o.eclipse.m2e.core.internal.Bundles - 	Entry: C:\Users\Sumit\.p2\pool\plugins\org.eclipse.m2e.maven.runtime_3.9.900.20250220-2013\jars\maven-compat-3.9.9.jar
2025-09-07 05:55:19,623 [Worker-30: Launching Executing test in C__Users_Sumit_Desktop_New folder_Janatri] INFO  o.eclipse.m2e.core.internal.Bundles - 	Entry: C:\Users\Sumit\.p2\pool\plugins\org.eclipse.m2e.maven.runtime_3.9.900.20250220-2013\jars\maven-core-3.9.9.jar
2025-09-07 05:55:19,623 [Worker-30: Launching Executing test in C__Users_Sumit_Desktop_New folder_Janatri] INFO  o.eclipse.m2e.core.internal.Bundles - 	Entry: C:\Users\Sumit\.p2\pool\plugins\org.eclipse.m2e.maven.runtime_3.9.900.20250220-2013\jars\maven-embedder-3.9.9.jar
2025-09-07 05:55:19,624 [Worker-30: Launching Executing test in C__Users_Sumit_Desktop_New folder_Janatri] INFO  o.eclipse.m2e.core.internal.Bundles - 	Entry: C:\Users\Sumit\.p2\pool\plugins\org.eclipse.m2e.maven.runtime_3.9.900.20250220-2013\jars\maven-model-3.9.9.jar
2025-09-07 05:55:19,624 [Worker-30: Launching Executing test in C__Users_Sumit_Desktop_New folder_Janatri] INFO  o.eclipse.m2e.core.internal.Bundles - 	Entry: C:\Users\Sumit\.p2\pool\plugins\org.eclipse.m2e.maven.runtime_3.9.900.20250220-2013\jars\maven-model-builder-3.9.9.jar
2025-09-07 05:55:19,624 [Worker-30: Launching Executing test in C__Users_Sumit_Desktop_New folder_Janatri] INFO  o.eclipse.m2e.core.internal.Bundles - 	Entry: C:\Users\Sumit\.p2\pool\plugins\org.eclipse.m2e.maven.runtime_3.9.900.20250220-2013\jars\maven-plugin-api-3.9.9.jar
2025-09-07 05:55:19,625 [Worker-30: Launching Executing test in C__Users_Sumit_Desktop_New folder_Janatri] INFO  o.eclipse.m2e.core.internal.Bundles - 	Entry: C:\Users\Sumit\.p2\pool\plugins\org.eclipse.m2e.maven.runtime_3.9.900.20250220-2013\jars\maven-repository-metadata-3.9.9.jar
2025-09-07 05:55:19,625 [Worker-30: Launching Executing test in C__Users_Sumit_Desktop_New folder_Janatri] INFO  o.eclipse.m2e.core.internal.Bundles - 	Entry: C:\Users\Sumit\.p2\pool\plugins\org.eclipse.m2e.maven.runtime_3.9.900.20250220-2013\jars\maven-resolver-api-1.9.22.jar
2025-09-07 05:55:19,625 [Worker-30: Launching Executing test in C__Users_Sumit_Desktop_New folder_Janatri] INFO  o.eclipse.m2e.core.internal.Bundles - 	Entry: C:\Users\Sumit\.p2\pool\plugins\org.eclipse.m2e.maven.runtime_3.9.900.20250220-2013\jars\maven-resolver-connector-basic-1.9.22.jar
2025-09-07 05:55:19,625 [Worker-30: Launching Executing test in C__Users_Sumit_Desktop_New folder_Janatri] INFO  o.eclipse.m2e.core.internal.Bundles - 	Entry: C:\Users\Sumit\.p2\pool\plugins\org.eclipse.m2e.maven.runtime_3.9.900.20250220-2013\jars\maven-resolver-impl-1.9.22.jar
2025-09-07 05:55:19,626 [Worker-30: Launching Executing test in C__Users_Sumit_Desktop_New folder_Janatri] INFO  o.eclipse.m2e.core.internal.Bundles - 	Entry: C:\Users\Sumit\.p2\pool\plugins\org.eclipse.m2e.maven.runtime_3.9.900.20250220-2013\jars\maven-resolver-named-locks-1.9.22.jar
2025-09-07 05:55:19,626 [Worker-30: Launching Executing test in C__Users_Sumit_Desktop_New folder_Janatri] INFO  o.eclipse.m2e.core.internal.Bundles - 	Entry: C:\Users\Sumit\.p2\pool\plugins\org.eclipse.m2e.maven.runtime_3.9.900.20250220-2013\jars\maven-resolver-provider-3.9.9.jar
2025-09-07 05:55:19,626 [Worker-30: Launching Executing test in C__Users_Sumit_Desktop_New folder_Janatri] INFO  o.eclipse.m2e.core.internal.Bundles - 	Entry: C:\Users\Sumit\.p2\pool\plugins\org.eclipse.m2e.maven.runtime_3.9.900.20250220-2013\jars\maven-resolver-spi-1.9.22.jar
2025-09-07 05:55:19,627 [Worker-30: Launching Executing test in C__Users_Sumit_Desktop_New folder_Janatri] INFO  o.eclipse.m2e.core.internal.Bundles - 	Entry: C:\Users\Sumit\.p2\pool\plugins\org.eclipse.m2e.maven.runtime_3.9.900.20250220-2013\jars\maven-resolver-transport-file-1.9.22.jar
2025-09-07 05:55:19,627 [Worker-30: Launching Executing test in C__Users_Sumit_Desktop_New folder_Janatri] INFO  o.eclipse.m2e.core.internal.Bundles - 	Entry: C:\Users\Sumit\.p2\pool\plugins\org.eclipse.m2e.maven.runtime_3.9.900.20250220-2013\jars\maven-resolver-transport-http-1.9.22.jar
2025-09-07 05:55:19,627 [Worker-30: Launching Executing test in C__Users_Sumit_Desktop_New folder_Janatri] INFO  o.eclipse.m2e.core.internal.Bundles - 	Entry: C:\Users\Sumit\.p2\pool\plugins\org.eclipse.m2e.maven.runtime_3.9.900.20250220-2013\jars\maven-resolver-transport-wagon-1.9.22.jar
2025-09-07 05:55:19,627 [Worker-30: Launching Executing test in C__Users_Sumit_Desktop_New folder_Janatri] INFO  o.eclipse.m2e.core.internal.Bundles - 	Entry: C:\Users\Sumit\.p2\pool\plugins\org.eclipse.m2e.maven.runtime_3.9.900.20250220-2013\jars\maven-resolver-util-1.9.22.jar
2025-09-07 05:55:19,628 [Worker-30: Launching Executing test in C__Users_Sumit_Desktop_New folder_Janatri] INFO  o.eclipse.m2e.core.internal.Bundles - 	Entry: C:\Users\Sumit\.p2\pool\plugins\org.eclipse.m2e.maven.runtime_3.9.900.20250220-2013\jars\maven-settings-3.9.9.jar
2025-09-07 05:55:19,628 [Worker-30: Launching Executing test in C__Users_Sumit_Desktop_New folder_Janatri] INFO  o.eclipse.m2e.core.internal.Bundles - 	Entry: C:\Users\Sumit\.p2\pool\plugins\org.eclipse.m2e.maven.runtime_3.9.900.20250220-2013\jars\maven-settings-builder-3.9.9.jar
2025-09-07 05:55:19,628 [Worker-30: Launching Executing test in C__Users_Sumit_Desktop_New folder_Janatri] INFO  o.eclipse.m2e.core.internal.Bundles - 	Entry: C:\Users\Sumit\.p2\pool\plugins\org.eclipse.m2e.maven.runtime_3.9.900.20250220-2013\jars\maven-shared-utils-3.4.2.jar
2025-09-07 05:55:19,629 [Worker-30: Launching Executing test in C__Users_Sumit_Desktop_New folder_Janatri] INFO  o.eclipse.m2e.core.internal.Bundles - 	Entry: C:\Users\Sumit\.p2\pool\plugins\org.eclipse.m2e.maven.runtime_3.9.900.20250220-2013\jars\org.eclipse.sisu.inject-0.9.0.M3.jar
2025-09-07 05:55:19,629 [Worker-30: Launching Executing test in C__Users_Sumit_Desktop_New folder_Janatri] INFO  o.eclipse.m2e.core.internal.Bundles - 	Entry: C:\Users\Sumit\.p2\pool\plugins\org.eclipse.m2e.maven.runtime_3.9.900.20250220-2013\jars\org.eclipse.sisu.plexus-0.9.0.M3.jar
2025-09-07 05:55:19,630 [Worker-30: Launching Executing test in C__Users_Sumit_Desktop_New folder_Janatri] INFO  o.eclipse.m2e.core.internal.Bundles - 	Entry: C:\Users\Sumit\.p2\pool\plugins\org.eclipse.m2e.maven.runtime_3.9.900.20250220-2013\jars\plexus-build-api-0.0.7.jar
2025-09-07 05:55:19,632 [Worker-30: Launching Executing test in C__Users_Sumit_Desktop_New folder_Janatri] INFO  o.eclipse.m2e.core.internal.Bundles - 	Entry: C:\Users\Sumit\.p2\pool\plugins\org.eclipse.m2e.maven.runtime_3.9.900.20250220-2013\jars\plexus-build-api-1.2.0.jar
2025-09-07 05:55:19,633 [Worker-30: Launching Executing test in C__Users_Sumit_Desktop_New folder_Janatri] INFO  o.eclipse.m2e.core.internal.Bundles - 	Entry: C:\Users\Sumit\.p2\pool\plugins\org.eclipse.m2e.maven.runtime_3.9.900.20250220-2013\jars\plexus-cipher-2.0.jar
2025-09-07 05:55:19,634 [Worker-30: Launching Executing test in C__Users_Sumit_Desktop_New folder_Janatri] INFO  o.eclipse.m2e.core.internal.Bundles - 	Entry: C:\Users\Sumit\.p2\pool\plugins\org.eclipse.m2e.maven.runtime_3.9.900.20250220-2013\jars\plexus-classworlds-2.8.0.jar
2025-09-07 05:55:19,634 [Worker-30: Launching Executing test in C__Users_Sumit_Desktop_New folder_Janatri] INFO  o.eclipse.m2e.core.internal.Bundles - 	Entry: C:\Users\Sumit\.p2\pool\plugins\org.eclipse.m2e.maven.runtime_3.9.900.20250220-2013\jars\plexus-component-annotations-2.1.0.jar
2025-09-07 05:55:19,634 [Worker-30: Launching Executing test in C__Users_Sumit_Desktop_New folder_Janatri] INFO  o.eclipse.m2e.core.internal.Bundles - 	Entry: C:\Users\Sumit\.p2\pool\plugins\org.eclipse.m2e.maven.runtime_3.9.900.20250220-2013\jars\plexus-interpolation-1.27.jar
2025-09-07 05:55:19,635 [Worker-30: Launching Executing test in C__Users_Sumit_Desktop_New folder_Janatri] INFO  o.eclipse.m2e.core.internal.Bundles - 	Entry: C:\Users\Sumit\.p2\pool\plugins\org.eclipse.m2e.maven.runtime_3.9.900.20250220-2013\jars\plexus-sec-dispatcher-2.0.jar
2025-09-07 05:55:19,636 [Worker-30: Launching Executing test in C__Users_Sumit_Desktop_New folder_Janatri] INFO  o.eclipse.m2e.core.internal.Bundles - 	Entry: C:\Users\Sumit\.p2\pool\plugins\org.eclipse.m2e.maven.runtime_3.9.900.20250220-2013\jars\plexus-utils-3.5.1.jar
2025-09-07 05:55:19,636 [Worker-30: Launching Executing test in C__Users_Sumit_Desktop_New folder_Janatri] INFO  o.eclipse.m2e.core.internal.Bundles - 	Entry: C:\Users\Sumit\.p2\pool\plugins\org.eclipse.m2e.maven.runtime_3.9.900.20250220-2013\jars\plexus-xml-3.0.1.jar
2025-09-07 05:55:19,636 [Worker-30: Launching Executing test in C__Users_Sumit_Desktop_New folder_Janatri] INFO  o.eclipse.m2e.core.internal.Bundles - 	Entry: C:\Users\Sumit\.p2\pool\plugins\org.eclipse.m2e.maven.runtime_3.9.900.20250220-2013\jars\wagon-file-3.5.3.jar
2025-09-07 05:55:19,637 [Worker-30: Launching Executing test in C__Users_Sumit_Desktop_New folder_Janatri] INFO  o.eclipse.m2e.core.internal.Bundles - 	Entry: C:\Users\Sumit\.p2\pool\plugins\org.eclipse.m2e.maven.runtime_3.9.900.20250220-2013\jars\wagon-http-3.5.3.jar
2025-09-07 05:55:19,637 [Worker-30: Launching Executing test in C__Users_Sumit_Desktop_New folder_Janatri] INFO  o.eclipse.m2e.core.internal.Bundles - 	Entry: C:\Users\Sumit\.p2\pool\plugins\org.eclipse.m2e.maven.runtime_3.9.900.20250220-2013\jars\wagon-http-shared-3.5.3.jar
2025-09-07 05:55:19,638 [Worker-30: Launching Executing test in C__Users_Sumit_Desktop_New folder_Janatri] INFO  o.eclipse.m2e.core.internal.Bundles - 	Entry: C:\Users\Sumit\.p2\pool\plugins\org.eclipse.m2e.maven.runtime_3.9.900.20250220-2013\jars\wagon-provider-api-3.5.3.jar
2025-09-07 05:55:19,639 [Worker-30: Launching Executing test in C__Users_Sumit_Desktop_New folder_Janatri] INFO  o.eclipse.m2e.core.internal.Bundles - getClasspathEntries(Bundle=com.google.guava_33.4.8.jre [18])
2025-09-07 05:55:19,640 [Worker-30: Launching Executing test in C__Users_Sumit_Desktop_New folder_Janatri] INFO  o.eclipse.m2e.core.internal.Bundles - 	Entry: C:\Users\Sumit\.p2\pool\plugins\com.google.guava_33.4.8.jre.jar
2025-09-07 05:55:19,640 [Worker-30: Launching Executing test in C__Users_Sumit_Desktop_New folder_Janatri] INFO  o.eclipse.m2e.core.internal.Bundles - getClasspathEntries(Bundle=slf4j.api_2.0.17 [1004])
2025-09-07 05:55:19,641 [Worker-30: Launching Executing test in C__Users_Sumit_Desktop_New folder_Janatri] INFO  o.eclipse.m2e.core.internal.Bundles - 	Entry: C:\Users\Sumit\.p2\pool\plugins\slf4j.api_2.0.17.jar
2025-09-07 05:55:19,641 [Worker-30: Launching Executing test in C__Users_Sumit_Desktop_New folder_Janatri] INFO  o.eclipse.m2e.core.internal.Bundles - getClasspathEntries(Bundle=jakarta.inject.jakarta.inject-api_1.0.5 [35])
2025-09-07 05:55:19,642 [Worker-30: Launching Executing test in C__Users_Sumit_Desktop_New folder_Janatri] INFO  o.eclipse.m2e.core.internal.Bundles - 	Entry: C:\Users\Sumit\.p2\pool\plugins\jakarta.inject.jakarta.inject-api_1.0.5.jar
2025-09-07 05:55:19,642 [Worker-30: Launching Executing test in C__Users_Sumit_Desktop_New folder_Janatri] INFO  o.eclipse.m2e.core.internal.Bundles - getClasspathEntries(Bundle=javax.annotation_1.3.5.v20200909-1856 [45])
2025-09-07 05:55:19,643 [Worker-30: Launching Executing test in C__Users_Sumit_Desktop_New folder_Janatri] INFO  o.eclipse.m2e.core.internal.Bundles - 	Entry: C:\Users\Sumit\.p2\pool\plugins\javax.annotation_1.3.5.v20200909-1856.jar
2025-09-07 05:55:19,643 [Worker-30: Launching Executing test in C__Users_Sumit_Desktop_New folder_Janatri] INFO  o.eclipse.m2e.core.internal.Bundles - getClasspathEntries(Bundle=org.apache.commons.cli_1.9.0 [76])
2025-09-07 05:55:19,643 [Worker-30: Launching Executing test in C__Users_Sumit_Desktop_New folder_Janatri] INFO  o.eclipse.m2e.core.internal.Bundles - 	Entry: C:\Users\Sumit\.p2\pool\plugins\org.apache.commons.cli_1.9.0.jar
2025-09-07 05:55:19,643 [Worker-30: Launching Executing test in C__Users_Sumit_Desktop_New folder_Janatri] INFO  o.eclipse.m2e.core.internal.Bundles - getClasspathEntries(Bundle=org.apache.commons.commons-codec_1.16.0 [78])
2025-09-07 05:55:19,644 [Worker-30: Launching Executing test in C__Users_Sumit_Desktop_New folder_Janatri] INFO  o.eclipse.m2e.core.internal.Bundles - 	Entry: C:\Users\Sumit\.p2\pool\plugins\org.apache.commons.commons-codec_1.16.0.jar
2025-09-07 05:55:19,644 [Worker-30: Launching Executing test in C__Users_Sumit_Desktop_New folder_Janatri] INFO  o.eclipse.m2e.core.internal.Bundles - getClasspathEntries(Bundle=com.google.guava.failureaccess_1.0.3 [19])
2025-09-07 05:55:19,645 [Worker-30: Launching Executing test in C__Users_Sumit_Desktop_New folder_Janatri] INFO  o.eclipse.m2e.core.internal.Bundles - 	Entry: C:\Users\Sumit\.p2\pool\plugins\com.google.guava.failureaccess_1.0.3.jar
2025-09-07 05:55:19,650 [Worker-30: Launching Executing test in C__Users_Sumit_Desktop_New folder_Janatri] INFO  o.e.m.i.launch.MavenLaunchDelegate - Run build in "C:\Users\Sumit\Desktop\New folder\Janatri":
2025-09-07 05:55:19,650 [Worker-30: Launching Executing test in C__Users_Sumit_Desktop_New folder_Janatri] INFO  o.e.m.i.launch.MavenLaunchDelegate -  mvn  -B -Dstyle.color=always test
2025-09-07 05:56:51,621 [Worker-32: Building] WARN  o.a.m.s.f.DefaultMavenResourcesFiltering - Using platform encoding (UTF-8 actually) to copy filtered resources, i.e. build is platform dependent!
2025-09-07 05:56:51,624 [Worker-32: Building] INFO  o.a.m.s.f.DefaultMavenResourcesFiltering - Copying 0 resource from src\main\resources to target\classes
2025-09-07 05:56:51,628 [Worker-32: Building] WARN  o.a.m.s.f.DefaultMavenResourcesFiltering - Using platform encoding (UTF-8 actually) to copy filtered resources, i.e. build is platform dependent!
2025-09-07 05:56:51,630 [Worker-32: Building] INFO  o.a.m.s.f.DefaultMavenResourcesFiltering - Copying 0 resource from src\test\resources to target\test-classes
2025-09-07 05:56:59,827 [Worker-30: Building] WARN  o.a.m.s.f.DefaultMavenResourcesFiltering - Using platform encoding (UTF-8 actually) to copy filtered resources, i.e. build is platform dependent!
2025-09-07 05:56:59,830 [Worker-30: Building] INFO  o.a.m.s.f.DefaultMavenResourcesFiltering - Copying 0 resource from src\main\resources to target\classes
2025-09-07 05:56:59,838 [Worker-30: Building] WARN  o.a.m.s.f.DefaultMavenResourcesFiltering - Using platform encoding (UTF-8 actually) to copy filtered resources, i.e. build is platform dependent!
2025-09-07 05:56:59,840 [Worker-30: Building] INFO  o.a.m.s.f.DefaultMavenResourcesFiltering - Copying 0 resource from src\test\resources to target\test-classes
2025-09-07 05:57:19,684 [Worker-22: Launching Executing test in C__Users_Sumit_Desktop_New folder_Janatri] INFO  o.eclipse.m2e.core.internal.Bundles - getClasspathEntries(Bundle=org.eclipse.m2e.maven.runtime_3.9.900.20250220-2013 [639])
2025-09-07 05:57:19,685 [Worker-22: Launching Executing test in C__Users_Sumit_Desktop_New folder_Janatri] INFO  o.eclipse.m2e.core.internal.Bundles - 	Entry: C:\Users\Sumit\.p2\pool\plugins\org.eclipse.m2e.maven.runtime_3.9.900.20250220-2013
2025-09-07 05:57:19,686 [Worker-22: Launching Executing test in C__Users_Sumit_Desktop_New folder_Janatri] INFO  o.eclipse.m2e.core.internal.Bundles - 	Entry: C:\Users\Sumit\.p2\pool\plugins\org.eclipse.m2e.maven.runtime_3.9.900.20250220-2013\jars\aopalliance-1.0.jar
2025-09-07 05:57:19,686 [Worker-22: Launching Executing test in C__Users_Sumit_Desktop_New folder_Janatri] INFO  o.eclipse.m2e.core.internal.Bundles - 	Entry: C:\Users\Sumit\.p2\pool\plugins\org.eclipse.m2e.maven.runtime_3.9.900.20250220-2013\jars\guice-5.1.0.jar
2025-09-07 05:57:19,687 [Worker-22: Launching Executing test in C__Users_Sumit_Desktop_New folder_Janatri] INFO  o.eclipse.m2e.core.internal.Bundles - 	Entry: C:\Users\Sumit\.p2\pool\plugins\org.eclipse.m2e.maven.runtime_3.9.900.20250220-2013\jars\httpclient-4.5.14.jar
2025-09-07 05:57:19,687 [Worker-22: Launching Executing test in C__Users_Sumit_Desktop_New folder_Janatri] INFO  o.eclipse.m2e.core.internal.Bundles - 	Entry: C:\Users\Sumit\.p2\pool\plugins\org.eclipse.m2e.maven.runtime_3.9.900.20250220-2013\jars\httpcore-4.4.16.jar
2025-09-07 05:57:19,687 [Worker-22: Launching Executing test in C__Users_Sumit_Desktop_New folder_Janatri] INFO  o.eclipse.m2e.core.internal.Bundles - 	Entry: C:\Users\Sumit\.p2\pool\plugins\org.eclipse.m2e.maven.runtime_3.9.900.20250220-2013\jars\jansi-2.4.1.jar
2025-09-07 05:57:19,687 [Worker-22: Launching Executing test in C__Users_Sumit_Desktop_New folder_Janatri] INFO  o.eclipse.m2e.core.internal.Bundles - 	Entry: C:\Users\Sumit\.p2\pool\plugins\org.eclipse.m2e.maven.runtime_3.9.900.20250220-2013\jars\jcl-over-slf4j-1.7.36.jar
2025-09-07 05:57:19,688 [Worker-22: Launching Executing test in C__Users_Sumit_Desktop_New folder_Janatri] INFO  o.eclipse.m2e.core.internal.Bundles - 	Entry: C:\Users\Sumit\.p2\pool\plugins\org.eclipse.m2e.maven.runtime_3.9.900.20250220-2013\jars\maven-artifact-3.9.9.jar
2025-09-07 05:57:19,688 [Worker-22: Launching Executing test in C__Users_Sumit_Desktop_New folder_Janatri] INFO  o.eclipse.m2e.core.internal.Bundles - 	Entry: C:\Users\Sumit\.p2\pool\plugins\org.eclipse.m2e.maven.runtime_3.9.900.20250220-2013\jars\maven-builder-support-3.9.9.jar
2025-09-07 05:57:19,688 [Worker-22: Launching Executing test in C__Users_Sumit_Desktop_New folder_Janatri] INFO  o.eclipse.m2e.core.internal.Bundles - 	Entry: C:\Users\Sumit\.p2\pool\plugins\org.eclipse.m2e.maven.runtime_3.9.900.20250220-2013\jars\maven-compat-3.9.9.jar
2025-09-07 05:57:19,689 [Worker-22: Launching Executing test in C__Users_Sumit_Desktop_New folder_Janatri] INFO  o.eclipse.m2e.core.internal.Bundles - 	Entry: C:\Users\Sumit\.p2\pool\plugins\org.eclipse.m2e.maven.runtime_3.9.900.20250220-2013\jars\maven-core-3.9.9.jar
2025-09-07 05:57:19,689 [Worker-22: Launching Executing test in C__Users_Sumit_Desktop_New folder_Janatri] INFO  o.eclipse.m2e.core.internal.Bundles - 	Entry: C:\Users\Sumit\.p2\pool\plugins\org.eclipse.m2e.maven.runtime_3.9.900.20250220-2013\jars\maven-embedder-3.9.9.jar
2025-09-07 05:57:19,689 [Worker-22: Launching Executing test in C__Users_Sumit_Desktop_New folder_Janatri] INFO  o.eclipse.m2e.core.internal.Bundles - 	Entry: C:\Users\Sumit\.p2\pool\plugins\org.eclipse.m2e.maven.runtime_3.9.900.20250220-2013\jars\maven-model-3.9.9.jar
2025-09-07 05:57:19,690 [Worker-22: Launching Executing test in C__Users_Sumit_Desktop_New folder_Janatri] INFO  o.eclipse.m2e.core.internal.Bundles - 	Entry: C:\Users\Sumit\.p2\pool\plugins\org.eclipse.m2e.maven.runtime_3.9.900.20250220-2013\jars\maven-model-builder-3.9.9.jar
2025-09-07 05:57:19,690 [Worker-22: Launching Executing test in C__Users_Sumit_Desktop_New folder_Janatri] INFO  o.eclipse.m2e.core.internal.Bundles - 	Entry: C:\Users\Sumit\.p2\pool\plugins\org.eclipse.m2e.maven.runtime_3.9.900.20250220-2013\jars\maven-plugin-api-3.9.9.jar
2025-09-07 05:57:19,690 [Worker-22: Launching Executing test in C__Users_Sumit_Desktop_New folder_Janatri] INFO  o.eclipse.m2e.core.internal.Bundles - 	Entry: C:\Users\Sumit\.p2\pool\plugins\org.eclipse.m2e.maven.runtime_3.9.900.20250220-2013\jars\maven-repository-metadata-3.9.9.jar
2025-09-07 05:57:19,691 [Worker-22: Launching Executing test in C__Users_Sumit_Desktop_New folder_Janatri] INFO  o.eclipse.m2e.core.internal.Bundles - 	Entry: C:\Users\Sumit\.p2\pool\plugins\org.eclipse.m2e.maven.runtime_3.9.900.20250220-2013\jars\maven-resolver-api-1.9.22.jar
2025-09-07 05:57:19,691 [Worker-22: Launching Executing test in C__Users_Sumit_Desktop_New folder_Janatri] INFO  o.eclipse.m2e.core.internal.Bundles - 	Entry: C:\Users\Sumit\.p2\pool\plugins\org.eclipse.m2e.maven.runtime_3.9.900.20250220-2013\jars\maven-resolver-connector-basic-1.9.22.jar
2025-09-07 05:57:19,691 [Worker-22: Launching Executing test in C__Users_Sumit_Desktop_New folder_Janatri] INFO  o.eclipse.m2e.core.internal.Bundles - 	Entry: C:\Users\Sumit\.p2\pool\plugins\org.eclipse.m2e.maven.runtime_3.9.900.20250220-2013\jars\maven-resolver-impl-1.9.22.jar
2025-09-07 05:57:19,692 [Worker-22: Launching Executing test in C__Users_Sumit_Desktop_New folder_Janatri] INFO  o.eclipse.m2e.core.internal.Bundles - 	Entry: C:\Users\Sumit\.p2\pool\plugins\org.eclipse.m2e.maven.runtime_3.9.900.20250220-2013\jars\maven-resolver-named-locks-1.9.22.jar
2025-09-07 05:57:19,692 [Worker-22: Launching Executing test in C__Users_Sumit_Desktop_New folder_Janatri] INFO  o.eclipse.m2e.core.internal.Bundles - 	Entry: C:\Users\Sumit\.p2\pool\plugins\org.eclipse.m2e.maven.runtime_3.9.900.20250220-2013\jars\maven-resolver-provider-3.9.9.jar
2025-09-07 05:57:19,692 [Worker-22: Launching Executing test in C__Users_Sumit_Desktop_New folder_Janatri] INFO  o.eclipse.m2e.core.internal.Bundles - 	Entry: C:\Users\Sumit\.p2\pool\plugins\org.eclipse.m2e.maven.runtime_3.9.900.20250220-2013\jars\maven-resolver-spi-1.9.22.jar
2025-09-07 05:57:19,693 [Worker-22: Launching Executing test in C__Users_Sumit_Desktop_New folder_Janatri] INFO  o.eclipse.m2e.core.internal.Bundles - 	Entry: C:\Users\Sumit\.p2\pool\plugins\org.eclipse.m2e.maven.runtime_3.9.900.20250220-2013\jars\maven-resolver-transport-file-1.9.22.jar
2025-09-07 05:57:19,694 [Worker-22: Launching Executing test in C__Users_Sumit_Desktop_New folder_Janatri] INFO  o.eclipse.m2e.core.internal.Bundles - 	Entry: C:\Users\Sumit\.p2\pool\plugins\org.eclipse.m2e.maven.runtime_3.9.900.20250220-2013\jars\maven-resolver-transport-http-1.9.22.jar
2025-09-07 05:57:19,694 [Worker-22: Launching Executing test in C__Users_Sumit_Desktop_New folder_Janatri] INFO  o.eclipse.m2e.core.internal.Bundles - 	Entry: C:\Users\Sumit\.p2\pool\plugins\org.eclipse.m2e.maven.runtime_3.9.900.20250220-2013\jars\maven-resolver-transport-wagon-1.9.22.jar
2025-09-07 05:57:19,694 [Worker-22: Launching Executing test in C__Users_Sumit_Desktop_New folder_Janatri] INFO  o.eclipse.m2e.core.internal.Bundles - 	Entry: C:\Users\Sumit\.p2\pool\plugins\org.eclipse.m2e.maven.runtime_3.9.900.20250220-2013\jars\maven-resolver-util-1.9.22.jar
2025-09-07 05:57:19,694 [Worker-22: Launching Executing test in C__Users_Sumit_Desktop_New folder_Janatri] INFO  o.eclipse.m2e.core.internal.Bundles - 	Entry: C:\Users\Sumit\.p2\pool\plugins\org.eclipse.m2e.maven.runtime_3.9.900.20250220-2013\jars\maven-settings-3.9.9.jar
2025-09-07 05:57:19,695 [Worker-22: Launching Executing test in C__Users_Sumit_Desktop_New folder_Janatri] INFO  o.eclipse.m2e.core.internal.Bundles - 	Entry: C:\Users\Sumit\.p2\pool\plugins\org.eclipse.m2e.maven.runtime_3.9.900.20250220-2013\jars\maven-settings-builder-3.9.9.jar
2025-09-07 05:57:19,695 [Worker-22: Launching Executing test in C__Users_Sumit_Desktop_New folder_Janatri] INFO  o.eclipse.m2e.core.internal.Bundles - 	Entry: C:\Users\Sumit\.p2\pool\plugins\org.eclipse.m2e.maven.runtime_3.9.900.20250220-2013\jars\maven-shared-utils-3.4.2.jar
2025-09-07 05:57:19,695 [Worker-22: Launching Executing test in C__Users_Sumit_Desktop_New folder_Janatri] INFO  o.eclipse.m2e.core.internal.Bundles - 	Entry: C:\Users\Sumit\.p2\pool\plugins\org.eclipse.m2e.maven.runtime_3.9.900.20250220-2013\jars\org.eclipse.sisu.inject-0.9.0.M3.jar
2025-09-07 05:57:19,696 [Worker-22: Launching Executing test in C__Users_Sumit_Desktop_New folder_Janatri] INFO  o.eclipse.m2e.core.internal.Bundles - 	Entry: C:\Users\Sumit\.p2\pool\plugins\org.eclipse.m2e.maven.runtime_3.9.900.20250220-2013\jars\org.eclipse.sisu.plexus-0.9.0.M3.jar
2025-09-07 05:57:19,696 [Worker-22: Launching Executing test in C__Users_Sumit_Desktop_New folder_Janatri] INFO  o.eclipse.m2e.core.internal.Bundles - 	Entry: C:\Users\Sumit\.p2\pool\plugins\org.eclipse.m2e.maven.runtime_3.9.900.20250220-2013\jars\plexus-build-api-0.0.7.jar
2025-09-07 05:57:19,696 [Worker-22: Launching Executing test in C__Users_Sumit_Desktop_New folder_Janatri] INFO  o.eclipse.m2e.core.internal.Bundles - 	Entry: C:\Users\Sumit\.p2\pool\plugins\org.eclipse.m2e.maven.runtime_3.9.900.20250220-2013\jars\plexus-build-api-1.2.0.jar
2025-09-07 05:57:19,697 [Worker-22: Launching Executing test in C__Users_Sumit_Desktop_New folder_Janatri] INFO  o.eclipse.m2e.core.internal.Bundles - 	Entry: C:\Users\Sumit\.p2\pool\plugins\org.eclipse.m2e.maven.runtime_3.9.900.20250220-2013\jars\plexus-cipher-2.0.jar
2025-09-07 05:57:19,698 [Worker-22: Launching Executing test in C__Users_Sumit_Desktop_New folder_Janatri] INFO  o.eclipse.m2e.core.internal.Bundles - 	Entry: C:\Users\Sumit\.p2\pool\plugins\org.eclipse.m2e.maven.runtime_3.9.900.20250220-2013\jars\plexus-classworlds-2.8.0.jar
2025-09-07 05:57:19,700 [Worker-22: Launching Executing test in C__Users_Sumit_Desktop_New folder_Janatri] INFO  o.eclipse.m2e.core.internal.Bundles - 	Entry: C:\Users\Sumit\.p2\pool\plugins\org.eclipse.m2e.maven.runtime_3.9.900.20250220-2013\jars\plexus-component-annotations-2.1.0.jar
2025-09-07 05:57:19,701 [Worker-22: Launching Executing test in C__Users_Sumit_Desktop_New folder_Janatri] INFO  o.eclipse.m2e.core.internal.Bundles - 	Entry: C:\Users\Sumit\.p2\pool\plugins\org.eclipse.m2e.maven.runtime_3.9.900.20250220-2013\jars\plexus-interpolation-1.27.jar
2025-09-07 05:57:19,701 [Worker-22: Launching Executing test in C__Users_Sumit_Desktop_New folder_Janatri] INFO  o.eclipse.m2e.core.internal.Bundles - 	Entry: C:\Users\Sumit\.p2\pool\plugins\org.eclipse.m2e.maven.runtime_3.9.900.20250220-2013\jars\plexus-sec-dispatcher-2.0.jar
2025-09-07 05:57:19,701 [Worker-22: Launching Executing test in C__Users_Sumit_Desktop_New folder_Janatri] INFO  o.eclipse.m2e.core.internal.Bundles - 	Entry: C:\Users\Sumit\.p2\pool\plugins\org.eclipse.m2e.maven.runtime_3.9.900.20250220-2013\jars\plexus-utils-3.5.1.jar
2025-09-07 05:57:19,702 [Worker-22: Launching Executing test in C__Users_Sumit_Desktop_New folder_Janatri] INFO  o.eclipse.m2e.core.internal.Bundles - 	Entry: C:\Users\Sumit\.p2\pool\plugins\org.eclipse.m2e.maven.runtime_3.9.900.20250220-2013\jars\plexus-xml-3.0.1.jar
2025-09-07 05:57:19,702 [Worker-22: Launching Executing test in C__Users_Sumit_Desktop_New folder_Janatri] INFO  o.eclipse.m2e.core.internal.Bundles - 	Entry: C:\Users\Sumit\.p2\pool\plugins\org.eclipse.m2e.maven.runtime_3.9.900.20250220-2013\jars\wagon-file-3.5.3.jar
2025-09-07 05:57:19,703 [Worker-22: Launching Executing test in C__Users_Sumit_Desktop_New folder_Janatri] INFO  o.eclipse.m2e.core.internal.Bundles - 	Entry: C:\Users\Sumit\.p2\pool\plugins\org.eclipse.m2e.maven.runtime_3.9.900.20250220-2013\jars\wagon-http-3.5.3.jar
2025-09-07 05:57:19,703 [Worker-22: Launching Executing test in C__Users_Sumit_Desktop_New folder_Janatri] INFO  o.eclipse.m2e.core.internal.Bundles - 	Entry: C:\Users\Sumit\.p2\pool\plugins\org.eclipse.m2e.maven.runtime_3.9.900.20250220-2013\jars\wagon-http-shared-3.5.3.jar
2025-09-07 05:57:19,703 [Worker-22: Launching Executing test in C__Users_Sumit_Desktop_New folder_Janatri] INFO  o.eclipse.m2e.core.internal.Bundles - 	Entry: C:\Users\Sumit\.p2\pool\plugins\org.eclipse.m2e.maven.runtime_3.9.900.20250220-2013\jars\wagon-provider-api-3.5.3.jar
2025-09-07 05:57:19,706 [Worker-22: Launching Executing test in C__Users_Sumit_Desktop_New folder_Janatri] INFO  o.eclipse.m2e.core.internal.Bundles - getClasspathEntries(Bundle=com.google.guava_33.4.8.jre [18])
2025-09-07 05:57:19,707 [Worker-22: Launching Executing test in C__Users_Sumit_Desktop_New folder_Janatri] INFO  o.eclipse.m2e.core.internal.Bundles - 	Entry: C:\Users\Sumit\.p2\pool\plugins\com.google.guava_33.4.8.jre.jar
2025-09-07 05:57:19,708 [Worker-22: Launching Executing test in C__Users_Sumit_Desktop_New folder_Janatri] INFO  o.eclipse.m2e.core.internal.Bundles - getClasspathEntries(Bundle=slf4j.api_2.0.17 [1004])
2025-09-07 05:57:19,708 [Worker-22: Launching Executing test in C__Users_Sumit_Desktop_New folder_Janatri] INFO  o.eclipse.m2e.core.internal.Bundles - 	Entry: C:\Users\Sumit\.p2\pool\plugins\slf4j.api_2.0.17.jar
2025-09-07 05:57:19,708 [Worker-22: Launching Executing test in C__Users_Sumit_Desktop_New folder_Janatri] INFO  o.eclipse.m2e.core.internal.Bundles - getClasspathEntries(Bundle=jakarta.inject.jakarta.inject-api_1.0.5 [35])
2025-09-07 05:57:19,709 [Worker-22: Launching Executing test in C__Users_Sumit_Desktop_New folder_Janatri] INFO  o.eclipse.m2e.core.internal.Bundles - 	Entry: C:\Users\Sumit\.p2\pool\plugins\jakarta.inject.jakarta.inject-api_1.0.5.jar
2025-09-07 05:57:19,710 [Worker-22: Launching Executing test in C__Users_Sumit_Desktop_New folder_Janatri] INFO  o.eclipse.m2e.core.internal.Bundles - getClasspathEntries(Bundle=javax.annotation_1.3.5.v20200909-1856 [45])
2025-09-07 05:57:19,711 [Worker-22: Launching Executing test in C__Users_Sumit_Desktop_New folder_Janatri] INFO  o.eclipse.m2e.core.internal.Bundles - 	Entry: C:\Users\Sumit\.p2\pool\plugins\javax.annotation_1.3.5.v20200909-1856.jar
2025-09-07 05:57:19,711 [Worker-22: Launching Executing test in C__Users_Sumit_Desktop_New folder_Janatri] INFO  o.eclipse.m2e.core.internal.Bundles - getClasspathEntries(Bundle=org.apache.commons.cli_1.9.0 [76])
2025-09-07 05:57:19,711 [Worker-22: Launching Executing test in C__Users_Sumit_Desktop_New folder_Janatri] INFO  o.eclipse.m2e.core.internal.Bundles - 	Entry: C:\Users\Sumit\.p2\pool\plugins\org.apache.commons.cli_1.9.0.jar
2025-09-07 05:57:19,711 [Worker-22: Launching Executing test in C__Users_Sumit_Desktop_New folder_Janatri] INFO  o.eclipse.m2e.core.internal.Bundles - getClasspathEntries(Bundle=org.apache.commons.commons-codec_1.16.0 [78])
2025-09-07 05:57:19,712 [Worker-22: Launching Executing test in C__Users_Sumit_Desktop_New folder_Janatri] INFO  o.eclipse.m2e.core.internal.Bundles - 	Entry: C:\Users\Sumit\.p2\pool\plugins\org.apache.commons.commons-codec_1.16.0.jar
2025-09-07 05:57:19,712 [Worker-22: Launching Executing test in C__Users_Sumit_Desktop_New folder_Janatri] INFO  o.eclipse.m2e.core.internal.Bundles - getClasspathEntries(Bundle=com.google.guava.failureaccess_1.0.3 [19])
2025-09-07 05:57:19,712 [Worker-22: Launching Executing test in C__Users_Sumit_Desktop_New folder_Janatri] INFO  o.eclipse.m2e.core.internal.Bundles - 	Entry: C:\Users\Sumit\.p2\pool\plugins\com.google.guava.failureaccess_1.0.3.jar
2025-09-07 05:57:19,717 [Worker-22: Launching Executing test in C__Users_Sumit_Desktop_New folder_Janatri] INFO  o.e.m.i.launch.MavenLaunchDelegate - Run build in "C:\Users\Sumit\Desktop\New folder\Janatri":
2025-09-07 05:57:19,717 [Worker-22: Launching Executing test in C__Users_Sumit_Desktop_New folder_Janatri] INFO  o.e.m.i.launch.MavenLaunchDelegate -  mvn  -B -Dstyle.color=always test
2025-09-07 05:59:11,581 [Worker-30: Building] WARN  o.a.m.s.f.DefaultMavenResourcesFiltering - Using platform encoding (UTF-8 actually) to copy filtered resources, i.e. build is platform dependent!
2025-09-07 05:59:11,584 [Worker-30: Building] INFO  o.a.m.s.f.DefaultMavenResourcesFiltering - Copying 0 resource from src\main\resources to target\classes
2025-09-07 05:59:11,590 [Worker-30: Building] WARN  o.a.m.s.f.DefaultMavenResourcesFiltering - Using platform encoding (UTF-8 actually) to copy filtered resources, i.e. build is platform dependent!
2025-09-07 05:59:11,592 [Worker-30: Building] INFO  o.a.m.s.f.DefaultMavenResourcesFiltering - Copying 0 resource from src\test\resources to target\test-classes
2025-09-07 05:59:25,067 [Worker-28: Launching Executing test in C__Users_Sumit_Desktop_New folder_Janatri] INFO  o.eclipse.m2e.core.internal.Bundles - getClasspathEntries(Bundle=org.eclipse.m2e.maven.runtime_3.9.900.20250220-2013 [639])
2025-09-07 05:59:25,068 [Worker-28: Launching Executing test in C__Users_Sumit_Desktop_New folder_Janatri] INFO  o.eclipse.m2e.core.internal.Bundles - 	Entry: C:\Users\Sumit\.p2\pool\plugins\org.eclipse.m2e.maven.runtime_3.9.900.20250220-2013
2025-09-07 05:59:25,069 [Worker-28: Launching Executing test in C__Users_Sumit_Desktop_New folder_Janatri] INFO  o.eclipse.m2e.core.internal.Bundles - 	Entry: C:\Users\Sumit\.p2\pool\plugins\org.eclipse.m2e.maven.runtime_3.9.900.20250220-2013\jars\aopalliance-1.0.jar
2025-09-07 05:59:25,069 [Worker-28: Launching Executing test in C__Users_Sumit_Desktop_New folder_Janatri] INFO  o.eclipse.m2e.core.internal.Bundles - 	Entry: C:\Users\Sumit\.p2\pool\plugins\org.eclipse.m2e.maven.runtime_3.9.900.20250220-2013\jars\guice-5.1.0.jar
2025-09-07 05:59:25,069 [Worker-28: Launching Executing test in C__Users_Sumit_Desktop_New folder_Janatri] INFO  o.eclipse.m2e.core.internal.Bundles - 	Entry: C:\Users\Sumit\.p2\pool\plugins\org.eclipse.m2e.maven.runtime_3.9.900.20250220-2013\jars\httpclient-4.5.14.jar
2025-09-07 05:59:25,069 [Worker-28: Launching Executing test in C__Users_Sumit_Desktop_New folder_Janatri] INFO  o.eclipse.m2e.core.internal.Bundles - 	Entry: C:\Users\Sumit\.p2\pool\plugins\org.eclipse.m2e.maven.runtime_3.9.900.20250220-2013\jars\httpcore-4.4.16.jar
2025-09-07 05:59:25,070 [Worker-28: Launching Executing test in C__Users_Sumit_Desktop_New folder_Janatri] INFO  o.eclipse.m2e.core.internal.Bundles - 	Entry: C:\Users\Sumit\.p2\pool\plugins\org.eclipse.m2e.maven.runtime_3.9.900.20250220-2013\jars\jansi-2.4.1.jar
2025-09-07 05:59:25,070 [Worker-28: Launching Executing test in C__Users_Sumit_Desktop_New folder_Janatri] INFO  o.eclipse.m2e.core.internal.Bundles - 	Entry: C:\Users\Sumit\.p2\pool\plugins\org.eclipse.m2e.maven.runtime_3.9.900.20250220-2013\jars\jcl-over-slf4j-1.7.36.jar
2025-09-07 05:59:25,070 [Worker-28: Launching Executing test in C__Users_Sumit_Desktop_New folder_Janatri] INFO  o.eclipse.m2e.core.internal.Bundles - 	Entry: C:\Users\Sumit\.p2\pool\plugins\org.eclipse.m2e.maven.runtime_3.9.900.20250220-2013\jars\maven-artifact-3.9.9.jar
2025-09-07 05:59:25,071 [Worker-28: Launching Executing test in C__Users_Sumit_Desktop_New folder_Janatri] INFO  o.eclipse.m2e.core.internal.Bundles - 	Entry: C:\Users\Sumit\.p2\pool\plugins\org.eclipse.m2e.maven.runtime_3.9.900.20250220-2013\jars\maven-builder-support-3.9.9.jar
2025-09-07 05:59:25,071 [Worker-28: Launching Executing test in C__Users_Sumit_Desktop_New folder_Janatri] INFO  o.eclipse.m2e.core.internal.Bundles - 	Entry: C:\Users\Sumit\.p2\pool\plugins\org.eclipse.m2e.maven.runtime_3.9.900.20250220-2013\jars\maven-compat-3.9.9.jar
2025-09-07 05:59:25,071 [Worker-28: Launching Executing test in C__Users_Sumit_Desktop_New folder_Janatri] INFO  o.eclipse.m2e.core.internal.Bundles - 	Entry: C:\Users\Sumit\.p2\pool\plugins\org.eclipse.m2e.maven.runtime_3.9.900.20250220-2013\jars\maven-core-3.9.9.jar
2025-09-07 05:59:25,071 [Worker-28: Launching Executing test in C__Users_Sumit_Desktop_New folder_Janatri] INFO  o.eclipse.m2e.core.internal.Bundles - 	Entry: C:\Users\Sumit\.p2\pool\plugins\org.eclipse.m2e.maven.runtime_3.9.900.20250220-2013\jars\maven-embedder-3.9.9.jar
2025-09-07 05:59:25,072 [Worker-28: Launching Executing test in C__Users_Sumit_Desktop_New folder_Janatri] INFO  o.eclipse.m2e.core.internal.Bundles - 	Entry: C:\Users\Sumit\.p2\pool\plugins\org.eclipse.m2e.maven.runtime_3.9.900.20250220-2013\jars\maven-model-3.9.9.jar
2025-09-07 05:59:25,072 [Worker-28: Launching Executing test in C__Users_Sumit_Desktop_New folder_Janatri] INFO  o.eclipse.m2e.core.internal.Bundles - 	Entry: C:\Users\Sumit\.p2\pool\plugins\org.eclipse.m2e.maven.runtime_3.9.900.20250220-2013\jars\maven-model-builder-3.9.9.jar
2025-09-07 05:59:25,072 [Worker-28: Launching Executing test in C__Users_Sumit_Desktop_New folder_Janatri] INFO  o.eclipse.m2e.core.internal.Bundles - 	Entry: C:\Users\Sumit\.p2\pool\plugins\org.eclipse.m2e.maven.runtime_3.9.900.20250220-2013\jars\maven-plugin-api-3.9.9.jar
2025-09-07 05:59:25,073 [Worker-28: Launching Executing test in C__Users_Sumit_Desktop_New folder_Janatri] INFO  o.eclipse.m2e.core.internal.Bundles - 	Entry: C:\Users\Sumit\.p2\pool\plugins\org.eclipse.m2e.maven.runtime_3.9.900.20250220-2013\jars\maven-repository-metadata-3.9.9.jar
2025-09-07 05:59:25,073 [Worker-28: Launching Executing test in C__Users_Sumit_Desktop_New folder_Janatri] INFO  o.eclipse.m2e.core.internal.Bundles - 	Entry: C:\Users\Sumit\.p2\pool\plugins\org.eclipse.m2e.maven.runtime_3.9.900.20250220-2013\jars\maven-resolver-api-1.9.22.jar
2025-09-07 05:59:25,073 [Worker-28: Launching Executing test in C__Users_Sumit_Desktop_New folder_Janatri] INFO  o.eclipse.m2e.core.internal.Bundles - 	Entry: C:\Users\Sumit\.p2\pool\plugins\org.eclipse.m2e.maven.runtime_3.9.900.20250220-2013\jars\maven-resolver-connector-basic-1.9.22.jar
2025-09-07 05:59:25,074 [Worker-28: Launching Executing test in C__Users_Sumit_Desktop_New folder_Janatri] INFO  o.eclipse.m2e.core.internal.Bundles - 	Entry: C:\Users\Sumit\.p2\pool\plugins\org.eclipse.m2e.maven.runtime_3.9.900.20250220-2013\jars\maven-resolver-impl-1.9.22.jar
2025-09-07 05:59:25,074 [Worker-28: Launching Executing test in C__Users_Sumit_Desktop_New folder_Janatri] INFO  o.eclipse.m2e.core.internal.Bundles - 	Entry: C:\Users\Sumit\.p2\pool\plugins\org.eclipse.m2e.maven.runtime_3.9.900.20250220-2013\jars\maven-resolver-named-locks-1.9.22.jar
2025-09-07 05:59:25,074 [Worker-28: Launching Executing test in C__Users_Sumit_Desktop_New folder_Janatri] INFO  o.eclipse.m2e.core.internal.Bundles - 	Entry: C:\Users\Sumit\.p2\pool\plugins\org.eclipse.m2e.maven.runtime_3.9.900.20250220-2013\jars\maven-resolver-provider-3.9.9.jar
2025-09-07 05:59:25,074 [Worker-28: Launching Executing test in C__Users_Sumit_Desktop_New folder_Janatri] INFO  o.eclipse.m2e.core.internal.Bundles - 	Entry: C:\Users\Sumit\.p2\pool\plugins\org.eclipse.m2e.maven.runtime_3.9.900.20250220-2013\jars\maven-resolver-spi-1.9.22.jar
2025-09-07 05:59:25,075 [Worker-28: Launching Executing test in C__Users_Sumit_Desktop_New folder_Janatri] INFO  o.eclipse.m2e.core.internal.Bundles - 	Entry: C:\Users\Sumit\.p2\pool\plugins\org.eclipse.m2e.maven.runtime_3.9.900.20250220-2013\jars\maven-resolver-transport-file-1.9.22.jar
2025-09-07 05:59:25,075 [Worker-28: Launching Executing test in C__Users_Sumit_Desktop_New folder_Janatri] INFO  o.eclipse.m2e.core.internal.Bundles - 	Entry: C:\Users\Sumit\.p2\pool\plugins\org.eclipse.m2e.maven.runtime_3.9.900.20250220-2013\jars\maven-resolver-transport-http-1.9.22.jar
2025-09-07 05:59:25,075 [Worker-28: Launching Executing test in C__Users_Sumit_Desktop_New folder_Janatri] INFO  o.eclipse.m2e.core.internal.Bundles - 	Entry: C:\Users\Sumit\.p2\pool\plugins\org.eclipse.m2e.maven.runtime_3.9.900.20250220-2013\jars\maven-resolver-transport-wagon-1.9.22.jar
2025-09-07 05:59:25,076 [Worker-28: Launching Executing test in C__Users_Sumit_Desktop_New folder_Janatri] INFO  o.eclipse.m2e.core.internal.Bundles - 	Entry: C:\Users\Sumit\.p2\pool\plugins\org.eclipse.m2e.maven.runtime_3.9.900.20250220-2013\jars\maven-resolver-util-1.9.22.jar
2025-09-07 05:59:25,076 [Worker-28: Launching Executing test in C__Users_Sumit_Desktop_New folder_Janatri] INFO  o.eclipse.m2e.core.internal.Bundles - 	Entry: C:\Users\Sumit\.p2\pool\plugins\org.eclipse.m2e.maven.runtime_3.9.900.20250220-2013\jars\maven-settings-3.9.9.jar
2025-09-07 05:59:25,076 [Worker-28: Launching Executing test in C__Users_Sumit_Desktop_New folder_Janatri] INFO  o.eclipse.m2e.core.internal.Bundles - 	Entry: C:\Users\Sumit\.p2\pool\plugins\org.eclipse.m2e.maven.runtime_3.9.900.20250220-2013\jars\maven-settings-builder-3.9.9.jar
2025-09-07 05:59:25,076 [Worker-28: Launching Executing test in C__Users_Sumit_Desktop_New folder_Janatri] INFO  o.eclipse.m2e.core.internal.Bundles - 	Entry: C:\Users\Sumit\.p2\pool\plugins\org.eclipse.m2e.maven.runtime_3.9.900.20250220-2013\jars\maven-shared-utils-3.4.2.jar
2025-09-07 05:59:25,077 [Worker-28: Launching Executing test in C__Users_Sumit_Desktop_New folder_Janatri] INFO  o.eclipse.m2e.core.internal.Bundles - 	Entry: C:\Users\Sumit\.p2\pool\plugins\org.eclipse.m2e.maven.runtime_3.9.900.20250220-2013\jars\org.eclipse.sisu.inject-0.9.0.M3.jar
2025-09-07 05:59:25,077 [Worker-28: Launching Executing test in C__Users_Sumit_Desktop_New folder_Janatri] INFO  o.eclipse.m2e.core.internal.Bundles - 	Entry: C:\Users\Sumit\.p2\pool\plugins\org.eclipse.m2e.maven.runtime_3.9.900.20250220-2013\jars\org.eclipse.sisu.plexus-0.9.0.M3.jar
2025-09-07 05:59:25,077 [Worker-28: Launching Executing test in C__Users_Sumit_Desktop_New folder_Janatri] INFO  o.eclipse.m2e.core.internal.Bundles - 	Entry: C:\Users\Sumit\.p2\pool\plugins\org.eclipse.m2e.maven.runtime_3.9.900.20250220-2013\jars\plexus-build-api-0.0.7.jar
2025-09-07 05:59:25,078 [Worker-28: Launching Executing test in C__Users_Sumit_Desktop_New folder_Janatri] INFO  o.eclipse.m2e.core.internal.Bundles - 	Entry: C:\Users\Sumit\.p2\pool\plugins\org.eclipse.m2e.maven.runtime_3.9.900.20250220-2013\jars\plexus-build-api-1.2.0.jar
2025-09-07 05:59:25,078 [Worker-28: Launching Executing test in C__Users_Sumit_Desktop_New folder_Janatri] INFO  o.eclipse.m2e.core.internal.Bundles - 	Entry: C:\Users\Sumit\.p2\pool\plugins\org.eclipse.m2e.maven.runtime_3.9.900.20250220-2013\jars\plexus-cipher-2.0.jar
2025-09-07 05:59:25,078 [Worker-28: Launching Executing test in C__Users_Sumit_Desktop_New folder_Janatri] INFO  o.eclipse.m2e.core.internal.Bundles - 	Entry: C:\Users\Sumit\.p2\pool\plugins\org.eclipse.m2e.maven.runtime_3.9.900.20250220-2013\jars\plexus-classworlds-2.8.0.jar
2025-09-07 05:59:25,078 [Worker-28: Launching Executing test in C__Users_Sumit_Desktop_New folder_Janatri] INFO  o.eclipse.m2e.core.internal.Bundles - 	Entry: C:\Users\Sumit\.p2\pool\plugins\org.eclipse.m2e.maven.runtime_3.9.900.20250220-2013\jars\plexus-component-annotations-2.1.0.jar
2025-09-07 05:59:25,079 [Worker-28: Launching Executing test in C__Users_Sumit_Desktop_New folder_Janatri] INFO  o.eclipse.m2e.core.internal.Bundles - 	Entry: C:\Users\Sumit\.p2\pool\plugins\org.eclipse.m2e.maven.runtime_3.9.900.20250220-2013\jars\plexus-interpolation-1.27.jar
2025-09-07 05:59:25,079 [Worker-28: Launching Executing test in C__Users_Sumit_Desktop_New folder_Janatri] INFO  o.eclipse.m2e.core.internal.Bundles - 	Entry: C:\Users\Sumit\.p2\pool\plugins\org.eclipse.m2e.maven.runtime_3.9.900.20250220-2013\jars\plexus-sec-dispatcher-2.0.jar
2025-09-07 05:59:25,079 [Worker-28: Launching Executing test in C__Users_Sumit_Desktop_New folder_Janatri] INFO  o.eclipse.m2e.core.internal.Bundles - 	Entry: C:\Users\Sumit\.p2\pool\plugins\org.eclipse.m2e.maven.runtime_3.9.900.20250220-2013\jars\plexus-utils-3.5.1.jar
2025-09-07 05:59:25,080 [Worker-28: Launching Executing test in C__Users_Sumit_Desktop_New folder_Janatri] INFO  o.eclipse.m2e.core.internal.Bundles - 	Entry: C:\Users\Sumit\.p2\pool\plugins\org.eclipse.m2e.maven.runtime_3.9.900.20250220-2013\jars\plexus-xml-3.0.1.jar
2025-09-07 05:59:25,080 [Worker-28: Launching Executing test in C__Users_Sumit_Desktop_New folder_Janatri] INFO  o.eclipse.m2e.core.internal.Bundles - 	Entry: C:\Users\Sumit\.p2\pool\plugins\org.eclipse.m2e.maven.runtime_3.9.900.20250220-2013\jars\wagon-file-3.5.3.jar
2025-09-07 05:59:25,080 [Worker-28: Launching Executing test in C__Users_Sumit_Desktop_New folder_Janatri] INFO  o.eclipse.m2e.core.internal.Bundles - 	Entry: C:\Users\Sumit\.p2\pool\plugins\org.eclipse.m2e.maven.runtime_3.9.900.20250220-2013\jars\wagon-http-3.5.3.jar
2025-09-07 05:59:25,081 [Worker-28: Launching Executing test in C__Users_Sumit_Desktop_New folder_Janatri] INFO  o.eclipse.m2e.core.internal.Bundles - 	Entry: C:\Users\Sumit\.p2\pool\plugins\org.eclipse.m2e.maven.runtime_3.9.900.20250220-2013\jars\wagon-http-shared-3.5.3.jar
2025-09-07 05:59:25,081 [Worker-28: Launching Executing test in C__Users_Sumit_Desktop_New folder_Janatri] INFO  o.eclipse.m2e.core.internal.Bundles - 	Entry: C:\Users\Sumit\.p2\pool\plugins\org.eclipse.m2e.maven.runtime_3.9.900.20250220-2013\jars\wagon-provider-api-3.5.3.jar
2025-09-07 05:59:25,082 [Worker-28: Launching Executing test in C__Users_Sumit_Desktop_New folder_Janatri] INFO  o.eclipse.m2e.core.internal.Bundles - getClasspathEntries(Bundle=com.google.guava_33.4.8.jre [18])
2025-09-07 05:59:25,083 [Worker-28: Launching Executing test in C__Users_Sumit_Desktop_New folder_Janatri] INFO  o.eclipse.m2e.core.internal.Bundles - 	Entry: C:\Users\Sumit\.p2\pool\plugins\com.google.guava_33.4.8.jre.jar
2025-09-07 05:59:25,083 [Worker-28: Launching Executing test in C__Users_Sumit_Desktop_New folder_Janatri] INFO  o.eclipse.m2e.core.internal.Bundles - getClasspathEntries(Bundle=slf4j.api_2.0.17 [1004])
2025-09-07 05:59:25,083 [Worker-28: Launching Executing test in C__Users_Sumit_Desktop_New folder_Janatri] INFO  o.eclipse.m2e.core.internal.Bundles - 	Entry: C:\Users\Sumit\.p2\pool\plugins\slf4j.api_2.0.17.jar
2025-09-07 05:59:25,083 [Worker-28: Launching Executing test in C__Users_Sumit_Desktop_New folder_Janatri] INFO  o.eclipse.m2e.core.internal.Bundles - getClasspathEntries(Bundle=jakarta.inject.jakarta.inject-api_1.0.5 [35])
2025-09-07 05:59:25,084 [Worker-28: Launching Executing test in C__Users_Sumit_Desktop_New folder_Janatri] INFO  o.eclipse.m2e.core.internal.Bundles - 	Entry: C:\Users\Sumit\.p2\pool\plugins\jakarta.inject.jakarta.inject-api_1.0.5.jar
2025-09-07 05:59:25,084 [Worker-28: Launching Executing test in C__Users_Sumit_Desktop_New folder_Janatri] INFO  o.eclipse.m2e.core.internal.Bundles - getClasspathEntries(Bundle=javax.annotation_1.3.5.v20200909-1856 [45])
2025-09-07 05:59:25,085 [Worker-28: Launching Executing test in C__Users_Sumit_Desktop_New folder_Janatri] INFO  o.eclipse.m2e.core.internal.Bundles - 	Entry: C:\Users\Sumit\.p2\pool\plugins\javax.annotation_1.3.5.v20200909-1856.jar
2025-09-07 05:59:25,085 [Worker-28: Launching Executing test in C__Users_Sumit_Desktop_New folder_Janatri] INFO  o.eclipse.m2e.core.internal.Bundles - getClasspathEntries(Bundle=org.apache.commons.cli_1.9.0 [76])
2025-09-07 05:59:25,085 [Worker-28: Launching Executing test in C__Users_Sumit_Desktop_New folder_Janatri] INFO  o.eclipse.m2e.core.internal.Bundles - 	Entry: C:\Users\Sumit\.p2\pool\plugins\org.apache.commons.cli_1.9.0.jar
2025-09-07 05:59:25,086 [Worker-28: Launching Executing test in C__Users_Sumit_Desktop_New folder_Janatri] INFO  o.eclipse.m2e.core.internal.Bundles - getClasspathEntries(Bundle=org.apache.commons.commons-codec_1.16.0 [78])
2025-09-07 05:59:25,086 [Worker-28: Launching Executing test in C__Users_Sumit_Desktop_New folder_Janatri] INFO  o.eclipse.m2e.core.internal.Bundles - 	Entry: C:\Users\Sumit\.p2\pool\plugins\org.apache.commons.commons-codec_1.16.0.jar
2025-09-07 05:59:25,086 [Worker-28: Launching Executing test in C__Users_Sumit_Desktop_New folder_Janatri] INFO  o.eclipse.m2e.core.internal.Bundles - getClasspathEntries(Bundle=com.google.guava.failureaccess_1.0.3 [19])
2025-09-07 05:59:25,087 [Worker-28: Launching Executing test in C__Users_Sumit_Desktop_New folder_Janatri] INFO  o.eclipse.m2e.core.internal.Bundles - 	Entry: C:\Users\Sumit\.p2\pool\plugins\com.google.guava.failureaccess_1.0.3.jar
2025-09-07 05:59:25,089 [Worker-28: Launching Executing test in C__Users_Sumit_Desktop_New folder_Janatri] INFO  o.e.m.i.launch.MavenLaunchDelegate - Run build in "C:\Users\Sumit\Desktop\New folder\Janatri":
2025-09-07 05:59:25,089 [Worker-28: Launching Executing test in C__Users_Sumit_Desktop_New folder_Janatri] INFO  o.e.m.i.launch.MavenLaunchDelegate -  mvn  -B -Dstyle.color=always test
2025-09-07 06:04:14,024 [Stop Help Server] INFO  org.eclipse.jetty.server.Server - Stopped oejs.Server@2e57c358{STOPPING}[12.0.21,sto=0]
2025-09-07 06:04:14,035 [Stop Help Server] INFO  o.e.jetty.server.AbstractConnector - Stopped ServerConnector@9506c9a{HTTP/1.1, (http/1.1)}{127.0.0.1:0}
2025-09-07 13:57:50,406 [Worker-1: Loading available Gradle versions] INFO  o.e.b.c.i.u.g.PublishedGradleVersions - Gradle version information cache is up-to-date. Trying to read.
2025-09-07 13:59:16,357 [Worker-2: Loading available Gradle versions] INFO  o.e.b.c.i.u.g.PublishedGradleVersions - Gradle version information cache is up-to-date. Trying to read.
2025-09-07 13:59:54,023 [Worker-11: Launching Executing test in C__Users_Sumit_Desktop_New folder_Janatri] INFO  o.eclipse.m2e.core.internal.Bundles - getClasspathEntries(Bundle=org.eclipse.m2e.maven.runtime_3.9.900.20250220-2013 [639])
2025-09-07 13:59:54,027 [Worker-11: Launching Executing test in C__Users_Sumit_Desktop_New folder_Janatri] INFO  o.eclipse.m2e.core.internal.Bundles - 	Entry: C:\Users\Sumit\.p2\pool\plugins\org.eclipse.m2e.maven.runtime_3.9.900.20250220-2013
2025-09-07 13:59:54,028 [Worker-11: Launching Executing test in C__Users_Sumit_Desktop_New folder_Janatri] INFO  o.eclipse.m2e.core.internal.Bundles - 	Entry: C:\Users\Sumit\.p2\pool\plugins\org.eclipse.m2e.maven.runtime_3.9.900.20250220-2013\jars\aopalliance-1.0.jar
2025-09-07 13:59:54,028 [Worker-11: Launching Executing test in C__Users_Sumit_Desktop_New folder_Janatri] INFO  o.eclipse.m2e.core.internal.Bundles - 	Entry: C:\Users\Sumit\.p2\pool\plugins\org.eclipse.m2e.maven.runtime_3.9.900.20250220-2013\jars\guice-5.1.0.jar
2025-09-07 13:59:54,029 [Worker-11: Launching Executing test in C__Users_Sumit_Desktop_New folder_Janatri] INFO  o.eclipse.m2e.core.internal.Bundles - 	Entry: C:\Users\Sumit\.p2\pool\plugins\org.eclipse.m2e.maven.runtime_3.9.900.20250220-2013\jars\httpclient-4.5.14.jar
2025-09-07 13:59:54,029 [Worker-11: Launching Executing test in C__Users_Sumit_Desktop_New folder_Janatri] INFO  o.eclipse.m2e.core.internal.Bundles - 	Entry: C:\Users\Sumit\.p2\pool\plugins\org.eclipse.m2e.maven.runtime_3.9.900.20250220-2013\jars\httpcore-4.4.16.jar
2025-09-07 13:59:54,030 [Worker-11: Launching Executing test in C__Users_Sumit_Desktop_New folder_Janatri] INFO  o.eclipse.m2e.core.internal.Bundles - 	Entry: C:\Users\Sumit\.p2\pool\plugins\org.eclipse.m2e.maven.runtime_3.9.900.20250220-2013\jars\jansi-2.4.1.jar
2025-09-07 13:59:54,030 [Worker-11: Launching Executing test in C__Users_Sumit_Desktop_New folder_Janatri] INFO  o.eclipse.m2e.core.internal.Bundles - 	Entry: C:\Users\Sumit\.p2\pool\plugins\org.eclipse.m2e.maven.runtime_3.9.900.20250220-2013\jars\jcl-over-slf4j-1.7.36.jar
2025-09-07 13:59:54,031 [Worker-11: Launching Executing test in C__Users_Sumit_Desktop_New folder_Janatri] INFO  o.eclipse.m2e.core.internal.Bundles - 	Entry: C:\Users\Sumit\.p2\pool\plugins\org.eclipse.m2e.maven.runtime_3.9.900.20250220-2013\jars\maven-artifact-3.9.9.jar
2025-09-07 13:59:54,032 [Worker-11: Launching Executing test in C__Users_Sumit_Desktop_New folder_Janatri] INFO  o.eclipse.m2e.core.internal.Bundles - 	Entry: C:\Users\Sumit\.p2\pool\plugins\org.eclipse.m2e.maven.runtime_3.9.900.20250220-2013\jars\maven-builder-support-3.9.9.jar
2025-09-07 13:59:54,032 [Worker-11: Launching Executing test in C__Users_Sumit_Desktop_New folder_Janatri] INFO  o.eclipse.m2e.core.internal.Bundles - 	Entry: C:\Users\Sumit\.p2\pool\plugins\org.eclipse.m2e.maven.runtime_3.9.900.20250220-2013\jars\maven-compat-3.9.9.jar
2025-09-07 13:59:54,032 [Worker-11: Launching Executing test in C__Users_Sumit_Desktop_New folder_Janatri] INFO  o.eclipse.m2e.core.internal.Bundles - 	Entry: C:\Users\Sumit\.p2\pool\plugins\org.eclipse.m2e.maven.runtime_3.9.900.20250220-2013\jars\maven-core-3.9.9.jar
2025-09-07 13:59:54,034 [Worker-11: Launching Executing test in C__Users_Sumit_Desktop_New folder_Janatri] INFO  o.eclipse.m2e.core.internal.Bundles - 	Entry: C:\Users\Sumit\.p2\pool\plugins\org.eclipse.m2e.maven.runtime_3.9.900.20250220-2013\jars\maven-embedder-3.9.9.jar
2025-09-07 13:59:54,036 [Worker-11: Launching Executing test in C__Users_Sumit_Desktop_New folder_Janatri] INFO  o.eclipse.m2e.core.internal.Bundles - 	Entry: C:\Users\Sumit\.p2\pool\plugins\org.eclipse.m2e.maven.runtime_3.9.900.20250220-2013\jars\maven-model-3.9.9.jar
2025-09-07 13:59:54,037 [Worker-11: Launching Executing test in C__Users_Sumit_Desktop_New folder_Janatri] INFO  o.eclipse.m2e.core.internal.Bundles - 	Entry: C:\Users\Sumit\.p2\pool\plugins\org.eclipse.m2e.maven.runtime_3.9.900.20250220-2013\jars\maven-model-builder-3.9.9.jar
2025-09-07 13:59:54,037 [Worker-11: Launching Executing test in C__Users_Sumit_Desktop_New folder_Janatri] INFO  o.eclipse.m2e.core.internal.Bundles - 	Entry: C:\Users\Sumit\.p2\pool\plugins\org.eclipse.m2e.maven.runtime_3.9.900.20250220-2013\jars\maven-plugin-api-3.9.9.jar
2025-09-07 13:59:54,038 [Worker-11: Launching Executing test in C__Users_Sumit_Desktop_New folder_Janatri] INFO  o.eclipse.m2e.core.internal.Bundles - 	Entry: C:\Users\Sumit\.p2\pool\plugins\org.eclipse.m2e.maven.runtime_3.9.900.20250220-2013\jars\maven-repository-metadata-3.9.9.jar
2025-09-07 13:59:54,038 [Worker-11: Launching Executing test in C__Users_Sumit_Desktop_New folder_Janatri] INFO  o.eclipse.m2e.core.internal.Bundles - 	Entry: C:\Users\Sumit\.p2\pool\plugins\org.eclipse.m2e.maven.runtime_3.9.900.20250220-2013\jars\maven-resolver-api-1.9.22.jar
2025-09-07 13:59:54,038 [Worker-11: Launching Executing test in C__Users_Sumit_Desktop_New folder_Janatri] INFO  o.eclipse.m2e.core.internal.Bundles - 	Entry: C:\Users\Sumit\.p2\pool\plugins\org.eclipse.m2e.maven.runtime_3.9.900.20250220-2013\jars\maven-resolver-connector-basic-1.9.22.jar
2025-09-07 13:59:54,039 [Worker-11: Launching Executing test in C__Users_Sumit_Desktop_New folder_Janatri] INFO  o.eclipse.m2e.core.internal.Bundles - 	Entry: C:\Users\Sumit\.p2\pool\plugins\org.eclipse.m2e.maven.runtime_3.9.900.20250220-2013\jars\maven-resolver-impl-1.9.22.jar
2025-09-07 13:59:54,039 [Worker-11: Launching Executing test in C__Users_Sumit_Desktop_New folder_Janatri] INFO  o.eclipse.m2e.core.internal.Bundles - 	Entry: C:\Users\Sumit\.p2\pool\plugins\org.eclipse.m2e.maven.runtime_3.9.900.20250220-2013\jars\maven-resolver-named-locks-1.9.22.jar
2025-09-07 13:59:54,040 [Worker-11: Launching Executing test in C__Users_Sumit_Desktop_New folder_Janatri] INFO  o.eclipse.m2e.core.internal.Bundles - 	Entry: C:\Users\Sumit\.p2\pool\plugins\org.eclipse.m2e.maven.runtime_3.9.900.20250220-2013\jars\maven-resolver-provider-3.9.9.jar
2025-09-07 13:59:54,040 [Worker-11: Launching Executing test in C__Users_Sumit_Desktop_New folder_Janatri] INFO  o.eclipse.m2e.core.internal.Bundles - 	Entry: C:\Users\Sumit\.p2\pool\plugins\org.eclipse.m2e.maven.runtime_3.9.900.20250220-2013\jars\maven-resolver-spi-1.9.22.jar
2025-09-07 13:59:54,040 [Worker-11: Launching Executing test in C__Users_Sumit_Desktop_New folder_Janatri] INFO  o.eclipse.m2e.core.internal.Bundles - 	Entry: C:\Users\Sumit\.p2\pool\plugins\org.eclipse.m2e.maven.runtime_3.9.900.20250220-2013\jars\maven-resolver-transport-file-1.9.22.jar
2025-09-07 13:59:54,041 [Worker-11: Launching Executing test in C__Users_Sumit_Desktop_New folder_Janatri] INFO  o.eclipse.m2e.core.internal.Bundles - 	Entry: C:\Users\Sumit\.p2\pool\plugins\org.eclipse.m2e.maven.runtime_3.9.900.20250220-2013\jars\maven-resolver-transport-http-1.9.22.jar
2025-09-07 13:59:54,041 [Worker-11: Launching Executing test in C__Users_Sumit_Desktop_New folder_Janatri] INFO  o.eclipse.m2e.core.internal.Bundles - 	Entry: C:\Users\Sumit\.p2\pool\plugins\org.eclipse.m2e.maven.runtime_3.9.900.20250220-2013\jars\maven-resolver-transport-wagon-1.9.22.jar
2025-09-07 13:59:54,042 [Worker-11: Launching Executing test in C__Users_Sumit_Desktop_New folder_Janatri] INFO  o.eclipse.m2e.core.internal.Bundles - 	Entry: C:\Users\Sumit\.p2\pool\plugins\org.eclipse.m2e.maven.runtime_3.9.900.20250220-2013\jars\maven-resolver-util-1.9.22.jar
2025-09-07 13:59:54,042 [Worker-11: Launching Executing test in C__Users_Sumit_Desktop_New folder_Janatri] INFO  o.eclipse.m2e.core.internal.Bundles - 	Entry: C:\Users\Sumit\.p2\pool\plugins\org.eclipse.m2e.maven.runtime_3.9.900.20250220-2013\jars\maven-settings-3.9.9.jar
2025-09-07 13:59:54,042 [Worker-11: Launching Executing test in C__Users_Sumit_Desktop_New folder_Janatri] INFO  o.eclipse.m2e.core.internal.Bundles - 	Entry: C:\Users\Sumit\.p2\pool\plugins\org.eclipse.m2e.maven.runtime_3.9.900.20250220-2013\jars\maven-settings-builder-3.9.9.jar
2025-09-07 13:59:54,043 [Worker-11: Launching Executing test in C__Users_Sumit_Desktop_New folder_Janatri] INFO  o.eclipse.m2e.core.internal.Bundles - 	Entry: C:\Users\Sumit\.p2\pool\plugins\org.eclipse.m2e.maven.runtime_3.9.900.20250220-2013\jars\maven-shared-utils-3.4.2.jar
2025-09-07 13:59:54,043 [Worker-11: Launching Executing test in C__Users_Sumit_Desktop_New folder_Janatri] INFO  o.eclipse.m2e.core.internal.Bundles - 	Entry: C:\Users\Sumit\.p2\pool\plugins\org.eclipse.m2e.maven.runtime_3.9.900.20250220-2013\jars\org.eclipse.sisu.inject-0.9.0.M3.jar
2025-09-07 13:59:54,043 [Worker-11: Launching Executing test in C__Users_Sumit_Desktop_New folder_Janatri] INFO  o.eclipse.m2e.core.internal.Bundles - 	Entry: C:\Users\Sumit\.p2\pool\plugins\org.eclipse.m2e.maven.runtime_3.9.900.20250220-2013\jars\org.eclipse.sisu.plexus-0.9.0.M3.jar
2025-09-07 13:59:54,044 [Worker-11: Launching Executing test in C__Users_Sumit_Desktop_New folder_Janatri] INFO  o.eclipse.m2e.core.internal.Bundles - 	Entry: C:\Users\Sumit\.p2\pool\plugins\org.eclipse.m2e.maven.runtime_3.9.900.20250220-2013\jars\plexus-build-api-0.0.7.jar
2025-09-07 13:59:54,044 [Worker-11: Launching Executing test in C__Users_Sumit_Desktop_New folder_Janatri] INFO  o.eclipse.m2e.core.internal.Bundles - 	Entry: C:\Users\Sumit\.p2\pool\plugins\org.eclipse.m2e.maven.runtime_3.9.900.20250220-2013\jars\plexus-build-api-1.2.0.jar
2025-09-07 13:59:54,045 [Worker-11: Launching Executing test in C__Users_Sumit_Desktop_New folder_Janatri] INFO  o.eclipse.m2e.core.internal.Bundles - 	Entry: C:\Users\Sumit\.p2\pool\plugins\org.eclipse.m2e.maven.runtime_3.9.900.20250220-2013\jars\plexus-cipher-2.0.jar
2025-09-07 13:59:54,045 [Worker-11: Launching Executing test in C__Users_Sumit_Desktop_New folder_Janatri] INFO  o.eclipse.m2e.core.internal.Bundles - 	Entry: C:\Users\Sumit\.p2\pool\plugins\org.eclipse.m2e.maven.runtime_3.9.900.20250220-2013\jars\plexus-classworlds-2.8.0.jar
2025-09-07 13:59:54,045 [Worker-11: Launching Executing test in C__Users_Sumit_Desktop_New folder_Janatri] INFO  o.eclipse.m2e.core.internal.Bundles - 	Entry: C:\Users\Sumit\.p2\pool\plugins\org.eclipse.m2e.maven.runtime_3.9.900.20250220-2013\jars\plexus-component-annotations-2.1.0.jar
2025-09-07 13:59:54,047 [Worker-11: Launching Executing test in C__Users_Sumit_Desktop_New folder_Janatri] INFO  o.eclipse.m2e.core.internal.Bundles - 	Entry: C:\Users\Sumit\.p2\pool\plugins\org.eclipse.m2e.maven.runtime_3.9.900.20250220-2013\jars\plexus-interpolation-1.27.jar
2025-09-07 13:59:54,048 [Worker-11: Launching Executing test in C__Users_Sumit_Desktop_New folder_Janatri] INFO  o.eclipse.m2e.core.internal.Bundles - 	Entry: C:\Users\Sumit\.p2\pool\plugins\org.eclipse.m2e.maven.runtime_3.9.900.20250220-2013\jars\plexus-sec-dispatcher-2.0.jar
2025-09-07 13:59:54,048 [Worker-11: Launching Executing test in C__Users_Sumit_Desktop_New folder_Janatri] INFO  o.eclipse.m2e.core.internal.Bundles - 	Entry: C:\Users\Sumit\.p2\pool\plugins\org.eclipse.m2e.maven.runtime_3.9.900.20250220-2013\jars\plexus-utils-3.5.1.jar
2025-09-07 13:59:54,049 [Worker-11: Launching Executing test in C__Users_Sumit_Desktop_New folder_Janatri] INFO  o.eclipse.m2e.core.internal.Bundles - 	Entry: C:\Users\Sumit\.p2\pool\plugins\org.eclipse.m2e.maven.runtime_3.9.900.20250220-2013\jars\plexus-xml-3.0.1.jar
2025-09-07 13:59:54,049 [Worker-11: Launching Executing test in C__Users_Sumit_Desktop_New folder_Janatri] INFO  o.eclipse.m2e.core.internal.Bundles - 	Entry: C:\Users\Sumit\.p2\pool\plugins\org.eclipse.m2e.maven.runtime_3.9.900.20250220-2013\jars\wagon-file-3.5.3.jar
2025-09-07 13:59:54,050 [Worker-11: Launching Executing test in C__Users_Sumit_Desktop_New folder_Janatri] INFO  o.eclipse.m2e.core.internal.Bundles - 	Entry: C:\Users\Sumit\.p2\pool\plugins\org.eclipse.m2e.maven.runtime_3.9.900.20250220-2013\jars\wagon-http-3.5.3.jar
2025-09-07 13:59:54,050 [Worker-11: Launching Executing test in C__Users_Sumit_Desktop_New folder_Janatri] INFO  o.eclipse.m2e.core.internal.Bundles - 	Entry: C:\Users\Sumit\.p2\pool\plugins\org.eclipse.m2e.maven.runtime_3.9.900.20250220-2013\jars\wagon-http-shared-3.5.3.jar
2025-09-07 13:59:54,051 [Worker-11: Launching Executing test in C__Users_Sumit_Desktop_New folder_Janatri] INFO  o.eclipse.m2e.core.internal.Bundles - 	Entry: C:\Users\Sumit\.p2\pool\plugins\org.eclipse.m2e.maven.runtime_3.9.900.20250220-2013\jars\wagon-provider-api-3.5.3.jar
2025-09-07 13:59:54,053 [Worker-11: Launching Executing test in C__Users_Sumit_Desktop_New folder_Janatri] INFO  o.eclipse.m2e.core.internal.Bundles - getClasspathEntries(Bundle=com.google.guava_33.4.8.jre [18])
2025-09-07 13:59:54,054 [Worker-11: Launching Executing test in C__Users_Sumit_Desktop_New folder_Janatri] INFO  o.eclipse.m2e.core.internal.Bundles - 	Entry: C:\Users\Sumit\.p2\pool\plugins\com.google.guava_33.4.8.jre.jar
2025-09-07 13:59:54,054 [Worker-11: Launching Executing test in C__Users_Sumit_Desktop_New folder_Janatri] INFO  o.eclipse.m2e.core.internal.Bundles - getClasspathEntries(Bundle=slf4j.api_2.0.17 [1004])
2025-09-07 13:59:54,055 [Worker-11: Launching Executing test in C__Users_Sumit_Desktop_New folder_Janatri] INFO  o.eclipse.m2e.core.internal.Bundles - 	Entry: C:\Users\Sumit\.p2\pool\plugins\slf4j.api_2.0.17.jar
2025-09-07 13:59:54,055 [Worker-11: Launching Executing test in C__Users_Sumit_Desktop_New folder_Janatri] INFO  o.eclipse.m2e.core.internal.Bundles - getClasspathEntries(Bundle=jakarta.inject.jakarta.inject-api_1.0.5 [35])
2025-09-07 13:59:54,056 [Worker-11: Launching Executing test in C__Users_Sumit_Desktop_New folder_Janatri] INFO  o.eclipse.m2e.core.internal.Bundles - 	Entry: C:\Users\Sumit\.p2\pool\plugins\jakarta.inject.jakarta.inject-api_1.0.5.jar
2025-09-07 13:59:54,056 [Worker-11: Launching Executing test in C__Users_Sumit_Desktop_New folder_Janatri] INFO  o.eclipse.m2e.core.internal.Bundles - getClasspathEntries(Bundle=javax.annotation_1.3.5.v20200909-1856 [45])
2025-09-07 13:59:54,057 [Worker-11: Launching Executing test in C__Users_Sumit_Desktop_New folder_Janatri] INFO  o.eclipse.m2e.core.internal.Bundles - 	Entry: C:\Users\Sumit\.p2\pool\plugins\javax.annotation_1.3.5.v20200909-1856.jar
2025-09-07 13:59:54,057 [Worker-11: Launching Executing test in C__Users_Sumit_Desktop_New folder_Janatri] INFO  o.eclipse.m2e.core.internal.Bundles - getClasspathEntries(Bundle=org.apache.commons.cli_1.9.0 [76])
2025-09-07 13:59:54,057 [Worker-11: Launching Executing test in C__Users_Sumit_Desktop_New folder_Janatri] INFO  o.eclipse.m2e.core.internal.Bundles - 	Entry: C:\Users\Sumit\.p2\pool\plugins\org.apache.commons.cli_1.9.0.jar
2025-09-07 13:59:54,057 [Worker-11: Launching Executing test in C__Users_Sumit_Desktop_New folder_Janatri] INFO  o.eclipse.m2e.core.internal.Bundles - getClasspathEntries(Bundle=org.apache.commons.commons-codec_1.16.0 [78])
2025-09-07 13:59:54,058 [Worker-11: Launching Executing test in C__Users_Sumit_Desktop_New folder_Janatri] INFO  o.eclipse.m2e.core.internal.Bundles - 	Entry: C:\Users\Sumit\.p2\pool\plugins\org.apache.commons.commons-codec_1.16.0.jar
2025-09-07 13:59:54,058 [Worker-11: Launching Executing test in C__Users_Sumit_Desktop_New folder_Janatri] INFO  o.eclipse.m2e.core.internal.Bundles - getClasspathEntries(Bundle=com.google.guava.failureaccess_1.0.3 [19])
2025-09-07 13:59:54,060 [Worker-11: Launching Executing test in C__Users_Sumit_Desktop_New folder_Janatri] INFO  o.eclipse.m2e.core.internal.Bundles - 	Entry: C:\Users\Sumit\.p2\pool\plugins\com.google.guava.failureaccess_1.0.3.jar
2025-09-07 13:59:54,067 [Worker-11: Launching Executing test in C__Users_Sumit_Desktop_New folder_Janatri] INFO  o.e.m.i.launch.MavenLaunchDelegate - Run build in "C:\Users\Sumit\Desktop\New folder\Janatri":
2025-09-07 13:59:54,076 [Worker-11: Launching Executing test in C__Users_Sumit_Desktop_New folder_Janatri] INFO  o.e.m.i.launch.MavenLaunchDelegate -  mvn  -B -Dstyle.color=always test
2025-09-07 14:02:08,971 [Worker-5: Building] WARN  o.a.m.s.f.DefaultMavenResourcesFiltering - Using platform encoding (UTF-8 actually) to copy filtered resources, i.e. build is platform dependent!
2025-09-07 14:02:09,017 [Worker-5: Building] INFO  o.a.m.s.f.DefaultMavenResourcesFiltering - Copying 0 resource from src\main\resources to target\classes
2025-09-07 14:02:09,028 [Worker-5: Building] WARN  o.a.m.s.f.DefaultMavenResourcesFiltering - Using platform encoding (UTF-8 actually) to copy filtered resources, i.e. build is platform dependent!
2025-09-07 14:02:09,031 [Worker-5: Building] INFO  o.a.m.s.f.DefaultMavenResourcesFiltering - Copying 0 resource from src\test\resources to target\test-classes
2025-09-07 14:02:23,373 [Worker-7: Building] WARN  o.a.m.s.f.DefaultMavenResourcesFiltering - Using platform encoding (UTF-8 actually) to copy filtered resources, i.e. build is platform dependent!
2025-09-07 14:02:23,379 [Worker-7: Building] INFO  o.a.m.s.f.DefaultMavenResourcesFiltering - Copying 0 resource from src\main\resources to target\classes
2025-09-07 14:02:23,386 [Worker-7: Building] WARN  o.a.m.s.f.DefaultMavenResourcesFiltering - Using platform encoding (UTF-8 actually) to copy filtered resources, i.e. build is platform dependent!
2025-09-07 14:02:23,396 [Worker-7: Building] INFO  o.a.m.s.f.DefaultMavenResourcesFiltering - Copying 0 resource from src\test\resources to target\test-classes
2025-09-07 14:02:42,136 [Worker-7: Building] WARN  o.a.m.s.f.DefaultMavenResourcesFiltering - Using platform encoding (UTF-8 actually) to copy filtered resources, i.e. build is platform dependent!
2025-09-07 14:02:42,138 [Worker-7: Building] INFO  o.a.m.s.f.DefaultMavenResourcesFiltering - Copying 0 resource from src\main\resources to target\classes
2025-09-07 14:02:42,143 [Worker-7: Building] WARN  o.a.m.s.f.DefaultMavenResourcesFiltering - Using platform encoding (UTF-8 actually) to copy filtered resources, i.e. build is platform dependent!
2025-09-07 14:02:42,146 [Worker-7: Building] INFO  o.a.m.s.f.DefaultMavenResourcesFiltering - Copying 0 resource from src\test\resources to target\test-classes
2025-09-07 14:04:34,268 [Worker-6: Launching Executing test in C__Users_Sumit_Desktop_New folder_Janatri] INFO  o.eclipse.m2e.core.internal.Bundles - getClasspathEntries(Bundle=org.eclipse.m2e.maven.runtime_3.9.900.20250220-2013 [639])
2025-09-07 14:04:34,270 [Worker-6: Launching Executing test in C__Users_Sumit_Desktop_New folder_Janatri] INFO  o.eclipse.m2e.core.internal.Bundles - 	Entry: C:\Users\Sumit\.p2\pool\plugins\org.eclipse.m2e.maven.runtime_3.9.900.20250220-2013
2025-09-07 14:04:34,271 [Worker-6: Launching Executing test in C__Users_Sumit_Desktop_New folder_Janatri] INFO  o.eclipse.m2e.core.internal.Bundles - 	Entry: C:\Users\Sumit\.p2\pool\plugins\org.eclipse.m2e.maven.runtime_3.9.900.20250220-2013\jars\aopalliance-1.0.jar
2025-09-07 14:04:34,271 [Worker-6: Launching Executing test in C__Users_Sumit_Desktop_New folder_Janatri] INFO  o.eclipse.m2e.core.internal.Bundles - 	Entry: C:\Users\Sumit\.p2\pool\plugins\org.eclipse.m2e.maven.runtime_3.9.900.20250220-2013\jars\guice-5.1.0.jar
2025-09-07 14:04:34,272 [Worker-6: Launching Executing test in C__Users_Sumit_Desktop_New folder_Janatri] INFO  o.eclipse.m2e.core.internal.Bundles - 	Entry: C:\Users\Sumit\.p2\pool\plugins\org.eclipse.m2e.maven.runtime_3.9.900.20250220-2013\jars\httpclient-4.5.14.jar
2025-09-07 14:04:34,272 [Worker-6: Launching Executing test in C__Users_Sumit_Desktop_New folder_Janatri] INFO  o.eclipse.m2e.core.internal.Bundles - 	Entry: C:\Users\Sumit\.p2\pool\plugins\org.eclipse.m2e.maven.runtime_3.9.900.20250220-2013\jars\httpcore-4.4.16.jar
2025-09-07 14:04:34,273 [Worker-6: Launching Executing test in C__Users_Sumit_Desktop_New folder_Janatri] INFO  o.eclipse.m2e.core.internal.Bundles - 	Entry: C:\Users\Sumit\.p2\pool\plugins\org.eclipse.m2e.maven.runtime_3.9.900.20250220-2013\jars\jansi-2.4.1.jar
2025-09-07 14:04:34,273 [Worker-6: Launching Executing test in C__Users_Sumit_Desktop_New folder_Janatri] INFO  o.eclipse.m2e.core.internal.Bundles - 	Entry: C:\Users\Sumit\.p2\pool\plugins\org.eclipse.m2e.maven.runtime_3.9.900.20250220-2013\jars\jcl-over-slf4j-1.7.36.jar
2025-09-07 14:04:34,274 [Worker-6: Launching Executing test in C__Users_Sumit_Desktop_New folder_Janatri] INFO  o.eclipse.m2e.core.internal.Bundles - 	Entry: C:\Users\Sumit\.p2\pool\plugins\org.eclipse.m2e.maven.runtime_3.9.900.20250220-2013\jars\maven-artifact-3.9.9.jar
2025-09-07 14:04:34,277 [Worker-6: Launching Executing test in C__Users_Sumit_Desktop_New folder_Janatri] INFO  o.eclipse.m2e.core.internal.Bundles - 	Entry: C:\Users\Sumit\.p2\pool\plugins\org.eclipse.m2e.maven.runtime_3.9.900.20250220-2013\jars\maven-builder-support-3.9.9.jar
2025-09-07 14:04:34,277 [Worker-6: Launching Executing test in C__Users_Sumit_Desktop_New folder_Janatri] INFO  o.eclipse.m2e.core.internal.Bundles - 	Entry: C:\Users\Sumit\.p2\pool\plugins\org.eclipse.m2e.maven.runtime_3.9.900.20250220-2013\jars\maven-compat-3.9.9.jar
2025-09-07 14:04:34,278 [Worker-6: Launching Executing test in C__Users_Sumit_Desktop_New folder_Janatri] INFO  o.eclipse.m2e.core.internal.Bundles - 	Entry: C:\Users\Sumit\.p2\pool\plugins\org.eclipse.m2e.maven.runtime_3.9.900.20250220-2013\jars\maven-core-3.9.9.jar
2025-09-07 14:04:34,278 [Worker-6: Launching Executing test in C__Users_Sumit_Desktop_New folder_Janatri] INFO  o.eclipse.m2e.core.internal.Bundles - 	Entry: C:\Users\Sumit\.p2\pool\plugins\org.eclipse.m2e.maven.runtime_3.9.900.20250220-2013\jars\maven-embedder-3.9.9.jar
2025-09-07 14:04:34,279 [Worker-6: Launching Executing test in C__Users_Sumit_Desktop_New folder_Janatri] INFO  o.eclipse.m2e.core.internal.Bundles - 	Entry: C:\Users\Sumit\.p2\pool\plugins\org.eclipse.m2e.maven.runtime_3.9.900.20250220-2013\jars\maven-model-3.9.9.jar
2025-09-07 14:04:34,279 [Worker-6: Launching Executing test in C__Users_Sumit_Desktop_New folder_Janatri] INFO  o.eclipse.m2e.core.internal.Bundles - 	Entry: C:\Users\Sumit\.p2\pool\plugins\org.eclipse.m2e.maven.runtime_3.9.900.20250220-2013\jars\maven-model-builder-3.9.9.jar
2025-09-07 14:04:34,279 [Worker-6: Launching Executing test in C__Users_Sumit_Desktop_New folder_Janatri] INFO  o.eclipse.m2e.core.internal.Bundles - 	Entry: C:\Users\Sumit\.p2\pool\plugins\org.eclipse.m2e.maven.runtime_3.9.900.20250220-2013\jars\maven-plugin-api-3.9.9.jar
2025-09-07 14:04:34,280 [Worker-6: Launching Executing test in C__Users_Sumit_Desktop_New folder_Janatri] INFO  o.eclipse.m2e.core.internal.Bundles - 	Entry: C:\Users\Sumit\.p2\pool\plugins\org.eclipse.m2e.maven.runtime_3.9.900.20250220-2013\jars\maven-repository-metadata-3.9.9.jar
2025-09-07 14:04:34,280 [Worker-6: Launching Executing test in C__Users_Sumit_Desktop_New folder_Janatri] INFO  o.eclipse.m2e.core.internal.Bundles - 	Entry: C:\Users\Sumit\.p2\pool\plugins\org.eclipse.m2e.maven.runtime_3.9.900.20250220-2013\jars\maven-resolver-api-1.9.22.jar
2025-09-07 14:04:34,281 [Worker-6: Launching Executing test in C__Users_Sumit_Desktop_New folder_Janatri] INFO  o.eclipse.m2e.core.internal.Bundles - 	Entry: C:\Users\Sumit\.p2\pool\plugins\org.eclipse.m2e.maven.runtime_3.9.900.20250220-2013\jars\maven-resolver-connector-basic-1.9.22.jar
2025-09-07 14:04:34,281 [Worker-6: Launching Executing test in C__Users_Sumit_Desktop_New folder_Janatri] INFO  o.eclipse.m2e.core.internal.Bundles - 	Entry: C:\Users\Sumit\.p2\pool\plugins\org.eclipse.m2e.maven.runtime_3.9.900.20250220-2013\jars\maven-resolver-impl-1.9.22.jar
2025-09-07 14:04:34,281 [Worker-6: Launching Executing test in C__Users_Sumit_Desktop_New folder_Janatri] INFO  o.eclipse.m2e.core.internal.Bundles - 	Entry: C:\Users\Sumit\.p2\pool\plugins\org.eclipse.m2e.maven.runtime_3.9.900.20250220-2013\jars\maven-resolver-named-locks-1.9.22.jar
2025-09-07 14:04:34,282 [Worker-6: Launching Executing test in C__Users_Sumit_Desktop_New folder_Janatri] INFO  o.eclipse.m2e.core.internal.Bundles - 	Entry: C:\Users\Sumit\.p2\pool\plugins\org.eclipse.m2e.maven.runtime_3.9.900.20250220-2013\jars\maven-resolver-provider-3.9.9.jar
2025-09-07 14:04:34,282 [Worker-6: Launching Executing test in C__Users_Sumit_Desktop_New folder_Janatri] INFO  o.eclipse.m2e.core.internal.Bundles - 	Entry: C:\Users\Sumit\.p2\pool\plugins\org.eclipse.m2e.maven.runtime_3.9.900.20250220-2013\jars\maven-resolver-spi-1.9.22.jar
2025-09-07 14:04:34,282 [Worker-6: Launching Executing test in C__Users_Sumit_Desktop_New folder_Janatri] INFO  o.eclipse.m2e.core.internal.Bundles - 	Entry: C:\Users\Sumit\.p2\pool\plugins\org.eclipse.m2e.maven.runtime_3.9.900.20250220-2013\jars\maven-resolver-transport-file-1.9.22.jar
2025-09-07 14:04:34,283 [Worker-6: Launching Executing test in C__Users_Sumit_Desktop_New folder_Janatri] INFO  o.eclipse.m2e.core.internal.Bundles - 	Entry: C:\Users\Sumit\.p2\pool\plugins\org.eclipse.m2e.maven.runtime_3.9.900.20250220-2013\jars\maven-resolver-transport-http-1.9.22.jar
2025-09-07 14:04:34,283 [Worker-6: Launching Executing test in C__Users_Sumit_Desktop_New folder_Janatri] INFO  o.eclipse.m2e.core.internal.Bundles - 	Entry: C:\Users\Sumit\.p2\pool\plugins\org.eclipse.m2e.maven.runtime_3.9.900.20250220-2013\jars\maven-resolver-transport-wagon-1.9.22.jar
2025-09-07 14:04:34,284 [Worker-6: Launching Executing test in C__Users_Sumit_Desktop_New folder_Janatri] INFO  o.eclipse.m2e.core.internal.Bundles - 	Entry: C:\Users\Sumit\.p2\pool\plugins\org.eclipse.m2e.maven.runtime_3.9.900.20250220-2013\jars\maven-resolver-util-1.9.22.jar
2025-09-07 14:04:34,285 [Worker-6: Launching Executing test in C__Users_Sumit_Desktop_New folder_Janatri] INFO  o.eclipse.m2e.core.internal.Bundles - 	Entry: C:\Users\Sumit\.p2\pool\plugins\org.eclipse.m2e.maven.runtime_3.9.900.20250220-2013\jars\maven-settings-3.9.9.jar
2025-09-07 14:04:34,286 [Worker-6: Launching Executing test in C__Users_Sumit_Desktop_New folder_Janatri] INFO  o.eclipse.m2e.core.internal.Bundles - 	Entry: C:\Users\Sumit\.p2\pool\plugins\org.eclipse.m2e.maven.runtime_3.9.900.20250220-2013\jars\maven-settings-builder-3.9.9.jar
2025-09-07 14:04:34,287 [Worker-6: Launching Executing test in C__Users_Sumit_Desktop_New folder_Janatri] INFO  o.eclipse.m2e.core.internal.Bundles - 	Entry: C:\Users\Sumit\.p2\pool\plugins\org.eclipse.m2e.maven.runtime_3.9.900.20250220-2013\jars\maven-shared-utils-3.4.2.jar
2025-09-07 14:04:34,287 [Worker-6: Launching Executing test in C__Users_Sumit_Desktop_New folder_Janatri] INFO  o.eclipse.m2e.core.internal.Bundles - 	Entry: C:\Users\Sumit\.p2\pool\plugins\org.eclipse.m2e.maven.runtime_3.9.900.20250220-2013\jars\org.eclipse.sisu.inject-0.9.0.M3.jar
2025-09-07 14:04:34,288 [Worker-6: Launching Executing test in C__Users_Sumit_Desktop_New folder_Janatri] INFO  o.eclipse.m2e.core.internal.Bundles - 	Entry: C:\Users\Sumit\.p2\pool\plugins\org.eclipse.m2e.maven.runtime_3.9.900.20250220-2013\jars\org.eclipse.sisu.plexus-0.9.0.M3.jar
2025-09-07 14:04:34,288 [Worker-6: Launching Executing test in C__Users_Sumit_Desktop_New folder_Janatri] INFO  o.eclipse.m2e.core.internal.Bundles - 	Entry: C:\Users\Sumit\.p2\pool\plugins\org.eclipse.m2e.maven.runtime_3.9.900.20250220-2013\jars\plexus-build-api-0.0.7.jar
2025-09-07 14:04:34,289 [Worker-6: Launching Executing test in C__Users_Sumit_Desktop_New folder_Janatri] INFO  o.eclipse.m2e.core.internal.Bundles - 	Entry: C:\Users\Sumit\.p2\pool\plugins\org.eclipse.m2e.maven.runtime_3.9.900.20250220-2013\jars\plexus-build-api-1.2.0.jar
2025-09-07 14:04:34,289 [Worker-6: Launching Executing test in C__Users_Sumit_Desktop_New folder_Janatri] INFO  o.eclipse.m2e.core.internal.Bundles - 	Entry: C:\Users\Sumit\.p2\pool\plugins\org.eclipse.m2e.maven.runtime_3.9.900.20250220-2013\jars\plexus-cipher-2.0.jar
2025-09-07 14:04:34,289 [Worker-6: Launching Executing test in C__Users_Sumit_Desktop_New folder_Janatri] INFO  o.eclipse.m2e.core.internal.Bundles - 	Entry: C:\Users\Sumit\.p2\pool\plugins\org.eclipse.m2e.maven.runtime_3.9.900.20250220-2013\jars\plexus-classworlds-2.8.0.jar
2025-09-07 14:04:34,290 [Worker-6: Launching Executing test in C__Users_Sumit_Desktop_New folder_Janatri] INFO  o.eclipse.m2e.core.internal.Bundles - 	Entry: C:\Users\Sumit\.p2\pool\plugins\org.eclipse.m2e.maven.runtime_3.9.900.20250220-2013\jars\plexus-component-annotations-2.1.0.jar
2025-09-07 14:04:34,290 [Worker-6: Launching Executing test in C__Users_Sumit_Desktop_New folder_Janatri] INFO  o.eclipse.m2e.core.internal.Bundles - 	Entry: C:\Users\Sumit\.p2\pool\plugins\org.eclipse.m2e.maven.runtime_3.9.900.20250220-2013\jars\plexus-interpolation-1.27.jar
2025-09-07 14:04:34,291 [Worker-6: Launching Executing test in C__Users_Sumit_Desktop_New folder_Janatri] INFO  o.eclipse.m2e.core.internal.Bundles - 	Entry: C:\Users\Sumit\.p2\pool\plugins\org.eclipse.m2e.maven.runtime_3.9.900.20250220-2013\jars\plexus-sec-dispatcher-2.0.jar
2025-09-07 14:04:34,292 [Worker-6: Launching Executing test in C__Users_Sumit_Desktop_New folder_Janatri] INFO  o.eclipse.m2e.core.internal.Bundles - 	Entry: C:\Users\Sumit\.p2\pool\plugins\org.eclipse.m2e.maven.runtime_3.9.900.20250220-2013\jars\plexus-utils-3.5.1.jar
2025-09-07 14:04:34,292 [Worker-6: Launching Executing test in C__Users_Sumit_Desktop_New folder_Janatri] INFO  o.eclipse.m2e.core.internal.Bundles - 	Entry: C:\Users\Sumit\.p2\pool\plugins\org.eclipse.m2e.maven.runtime_3.9.900.20250220-2013\jars\plexus-xml-3.0.1.jar
2025-09-07 14:04:34,293 [Worker-6: Launching Executing test in C__Users_Sumit_Desktop_New folder_Janatri] INFO  o.eclipse.m2e.core.internal.Bundles - 	Entry: C:\Users\Sumit\.p2\pool\plugins\org.eclipse.m2e.maven.runtime_3.9.900.20250220-2013\jars\wagon-file-3.5.3.jar
2025-09-07 14:04:34,293 [Worker-6: Launching Executing test in C__Users_Sumit_Desktop_New folder_Janatri] INFO  o.eclipse.m2e.core.internal.Bundles - 	Entry: C:\Users\Sumit\.p2\pool\plugins\org.eclipse.m2e.maven.runtime_3.9.900.20250220-2013\jars\wagon-http-3.5.3.jar
2025-09-07 14:04:34,293 [Worker-6: Launching Executing test in C__Users_Sumit_Desktop_New folder_Janatri] INFO  o.eclipse.m2e.core.internal.Bundles - 	Entry: C:\Users\Sumit\.p2\pool\plugins\org.eclipse.m2e.maven.runtime_3.9.900.20250220-2013\jars\wagon-http-shared-3.5.3.jar
2025-09-07 14:04:34,294 [Worker-6: Launching Executing test in C__Users_Sumit_Desktop_New folder_Janatri] INFO  o.eclipse.m2e.core.internal.Bundles - 	Entry: C:\Users\Sumit\.p2\pool\plugins\org.eclipse.m2e.maven.runtime_3.9.900.20250220-2013\jars\wagon-provider-api-3.5.3.jar
2025-09-07 14:04:34,294 [Worker-6: Launching Executing test in C__Users_Sumit_Desktop_New folder_Janatri] INFO  o.eclipse.m2e.core.internal.Bundles - getClasspathEntries(Bundle=com.google.guava_33.4.8.jre [18])
2025-09-07 14:04:34,296 [Worker-6: Launching Executing test in C__Users_Sumit_Desktop_New folder_Janatri] INFO  o.eclipse.m2e.core.internal.Bundles - 	Entry: C:\Users\Sumit\.p2\pool\plugins\com.google.guava_33.4.8.jre.jar
2025-09-07 14:04:34,296 [Worker-6: Launching Executing test in C__Users_Sumit_Desktop_New folder_Janatri] INFO  o.eclipse.m2e.core.internal.Bundles - getClasspathEntries(Bundle=slf4j.api_2.0.17 [1004])
2025-09-07 14:04:34,297 [Worker-6: Launching Executing test in C__Users_Sumit_Desktop_New folder_Janatri] INFO  o.eclipse.m2e.core.internal.Bundles - 	Entry: C:\Users\Sumit\.p2\pool\plugins\slf4j.api_2.0.17.jar
2025-09-07 14:04:34,297 [Worker-6: Launching Executing test in C__Users_Sumit_Desktop_New folder_Janatri] INFO  o.eclipse.m2e.core.internal.Bundles - getClasspathEntries(Bundle=jakarta.inject.jakarta.inject-api_1.0.5 [35])
2025-09-07 14:04:34,298 [Worker-6: Launching Executing test in C__Users_Sumit_Desktop_New folder_Janatri] INFO  o.eclipse.m2e.core.internal.Bundles - 	Entry: C:\Users\Sumit\.p2\pool\plugins\jakarta.inject.jakarta.inject-api_1.0.5.jar
2025-09-07 14:04:34,298 [Worker-6: Launching Executing test in C__Users_Sumit_Desktop_New folder_Janatri] INFO  o.eclipse.m2e.core.internal.Bundles - getClasspathEntries(Bundle=javax.annotation_1.3.5.v20200909-1856 [45])
2025-09-07 14:04:34,299 [Worker-6: Launching Executing test in C__Users_Sumit_Desktop_New folder_Janatri] INFO  o.eclipse.m2e.core.internal.Bundles - 	Entry: C:\Users\Sumit\.p2\pool\plugins\javax.annotation_1.3.5.v20200909-1856.jar
2025-09-07 14:04:34,300 [Worker-6: Launching Executing test in C__Users_Sumit_Desktop_New folder_Janatri] INFO  o.eclipse.m2e.core.internal.Bundles - getClasspathEntries(Bundle=org.apache.commons.cli_1.9.0 [76])
2025-09-07 14:04:34,301 [Worker-6: Launching Executing test in C__Users_Sumit_Desktop_New folder_Janatri] INFO  o.eclipse.m2e.core.internal.Bundles - 	Entry: C:\Users\Sumit\.p2\pool\plugins\org.apache.commons.cli_1.9.0.jar
2025-09-07 14:04:34,301 [Worker-6: Launching Executing test in C__Users_Sumit_Desktop_New folder_Janatri] INFO  o.eclipse.m2e.core.internal.Bundles - getClasspathEntries(Bundle=org.apache.commons.commons-codec_1.16.0 [78])
2025-09-07 14:04:34,302 [Worker-6: Launching Executing test in C__Users_Sumit_Desktop_New folder_Janatri] INFO  o.eclipse.m2e.core.internal.Bundles - 	Entry: C:\Users\Sumit\.p2\pool\plugins\org.apache.commons.commons-codec_1.16.0.jar
2025-09-07 14:04:34,303 [Worker-6: Launching Executing test in C__Users_Sumit_Desktop_New folder_Janatri] INFO  o.eclipse.m2e.core.internal.Bundles - getClasspathEntries(Bundle=com.google.guava.failureaccess_1.0.3 [19])
2025-09-07 14:04:34,304 [Worker-6: Launching Executing test in C__Users_Sumit_Desktop_New folder_Janatri] INFO  o.eclipse.m2e.core.internal.Bundles - 	Entry: C:\Users\Sumit\.p2\pool\plugins\com.google.guava.failureaccess_1.0.3.jar
2025-09-07 14:04:34,307 [Worker-6: Launching Executing test in C__Users_Sumit_Desktop_New folder_Janatri] INFO  o.e.m.i.launch.MavenLaunchDelegate - Run build in "C:\Users\Sumit\Desktop\New folder\Janatri":
2025-09-07 14:04:34,307 [Worker-6: Launching Executing test in C__Users_Sumit_Desktop_New folder_Janatri] INFO  o.e.m.i.launch.MavenLaunchDelegate -  mvn  -B -Dstyle.color=always test
2025-09-07 14:07:59,217 [Worker-17: Building] WARN  o.a.m.s.f.DefaultMavenResourcesFiltering - Using platform encoding (UTF-8 actually) to copy filtered resources, i.e. build is platform dependent!
2025-09-07 14:07:59,221 [Worker-17: Building] INFO  o.a.m.s.f.DefaultMavenResourcesFiltering - Copying 0 resource from src\main\resources to target\classes
2025-09-07 14:07:59,226 [Worker-17: Building] WARN  o.a.m.s.f.DefaultMavenResourcesFiltering - Using platform encoding (UTF-8 actually) to copy filtered resources, i.e. build is platform dependent!
2025-09-07 14:07:59,228 [Worker-17: Building] INFO  o.a.m.s.f.DefaultMavenResourcesFiltering - Copying 0 resource from src\test\resources to target\test-classes
2025-09-07 14:08:07,632 [Worker-17: Launching Executing test in C__Users_Sumit_Desktop_New folder_Janatri] INFO  o.eclipse.m2e.core.internal.Bundles - getClasspathEntries(Bundle=org.eclipse.m2e.maven.runtime_3.9.900.20250220-2013 [639])
2025-09-07 14:08:07,638 [Worker-17: Launching Executing test in C__Users_Sumit_Desktop_New folder_Janatri] INFO  o.eclipse.m2e.core.internal.Bundles - 	Entry: C:\Users\Sumit\.p2\pool\plugins\org.eclipse.m2e.maven.runtime_3.9.900.20250220-2013
2025-09-07 14:08:07,638 [Worker-17: Launching Executing test in C__Users_Sumit_Desktop_New folder_Janatri] INFO  o.eclipse.m2e.core.internal.Bundles - 	Entry: C:\Users\Sumit\.p2\pool\plugins\org.eclipse.m2e.maven.runtime_3.9.900.20250220-2013\jars\aopalliance-1.0.jar
2025-09-07 14:08:07,640 [Worker-17: Launching Executing test in C__Users_Sumit_Desktop_New folder_Janatri] INFO  o.eclipse.m2e.core.internal.Bundles - 	Entry: C:\Users\Sumit\.p2\pool\plugins\org.eclipse.m2e.maven.runtime_3.9.900.20250220-2013\jars\guice-5.1.0.jar
2025-09-07 14:08:07,642 [Worker-17: Launching Executing test in C__Users_Sumit_Desktop_New folder_Janatri] INFO  o.eclipse.m2e.core.internal.Bundles - 	Entry: C:\Users\Sumit\.p2\pool\plugins\org.eclipse.m2e.maven.runtime_3.9.900.20250220-2013\jars\httpclient-4.5.14.jar
2025-09-07 14:08:07,643 [Worker-17: Launching Executing test in C__Users_Sumit_Desktop_New folder_Janatri] INFO  o.eclipse.m2e.core.internal.Bundles - 	Entry: C:\Users\Sumit\.p2\pool\plugins\org.eclipse.m2e.maven.runtime_3.9.900.20250220-2013\jars\httpcore-4.4.16.jar
2025-09-07 14:08:07,643 [Worker-17: Launching Executing test in C__Users_Sumit_Desktop_New folder_Janatri] INFO  o.eclipse.m2e.core.internal.Bundles - 	Entry: C:\Users\Sumit\.p2\pool\plugins\org.eclipse.m2e.maven.runtime_3.9.900.20250220-2013\jars\jansi-2.4.1.jar
2025-09-07 14:08:07,644 [Worker-17: Launching Executing test in C__Users_Sumit_Desktop_New folder_Janatri] INFO  o.eclipse.m2e.core.internal.Bundles - 	Entry: C:\Users\Sumit\.p2\pool\plugins\org.eclipse.m2e.maven.runtime_3.9.900.20250220-2013\jars\jcl-over-slf4j-1.7.36.jar
2025-09-07 14:08:07,644 [Worker-17: Launching Executing test in C__Users_Sumit_Desktop_New folder_Janatri] INFO  o.eclipse.m2e.core.internal.Bundles - 	Entry: C:\Users\Sumit\.p2\pool\plugins\org.eclipse.m2e.maven.runtime_3.9.900.20250220-2013\jars\maven-artifact-3.9.9.jar
2025-09-07 14:08:07,644 [Worker-17: Launching Executing test in C__Users_Sumit_Desktop_New folder_Janatri] INFO  o.eclipse.m2e.core.internal.Bundles - 	Entry: C:\Users\Sumit\.p2\pool\plugins\org.eclipse.m2e.maven.runtime_3.9.900.20250220-2013\jars\maven-builder-support-3.9.9.jar
2025-09-07 14:08:07,645 [Worker-17: Launching Executing test in C__Users_Sumit_Desktop_New folder_Janatri] INFO  o.eclipse.m2e.core.internal.Bundles - 	Entry: C:\Users\Sumit\.p2\pool\plugins\org.eclipse.m2e.maven.runtime_3.9.900.20250220-2013\jars\maven-compat-3.9.9.jar
2025-09-07 14:08:07,645 [Worker-17: Launching Executing test in C__Users_Sumit_Desktop_New folder_Janatri] INFO  o.eclipse.m2e.core.internal.Bundles - 	Entry: C:\Users\Sumit\.p2\pool\plugins\org.eclipse.m2e.maven.runtime_3.9.900.20250220-2013\jars\maven-core-3.9.9.jar
2025-09-07 14:08:07,646 [Worker-17: Launching Executing test in C__Users_Sumit_Desktop_New folder_Janatri] INFO  o.eclipse.m2e.core.internal.Bundles - 	Entry: C:\Users\Sumit\.p2\pool\plugins\org.eclipse.m2e.maven.runtime_3.9.900.20250220-2013\jars\maven-embedder-3.9.9.jar
2025-09-07 14:08:07,646 [Worker-17: Launching Executing test in C__Users_Sumit_Desktop_New folder_Janatri] INFO  o.eclipse.m2e.core.internal.Bundles - 	Entry: C:\Users\Sumit\.p2\pool\plugins\org.eclipse.m2e.maven.runtime_3.9.900.20250220-2013\jars\maven-model-3.9.9.jar
2025-09-07 14:08:07,647 [Worker-17: Launching Executing test in C__Users_Sumit_Desktop_New folder_Janatri] INFO  o.eclipse.m2e.core.internal.Bundles - 	Entry: C:\Users\Sumit\.p2\pool\plugins\org.eclipse.m2e.maven.runtime_3.9.900.20250220-2013\jars\maven-model-builder-3.9.9.jar
2025-09-07 14:08:07,647 [Worker-17: Launching Executing test in C__Users_Sumit_Desktop_New folder_Janatri] INFO  o.eclipse.m2e.core.internal.Bundles - 	Entry: C:\Users\Sumit\.p2\pool\plugins\org.eclipse.m2e.maven.runtime_3.9.900.20250220-2013\jars\maven-plugin-api-3.9.9.jar
2025-09-07 14:08:07,648 [Worker-17: Launching Executing test in C__Users_Sumit_Desktop_New folder_Janatri] INFO  o.eclipse.m2e.core.internal.Bundles - 	Entry: C:\Users\Sumit\.p2\pool\plugins\org.eclipse.m2e.maven.runtime_3.9.900.20250220-2013\jars\maven-repository-metadata-3.9.9.jar
2025-09-07 14:08:07,648 [Worker-17: Launching Executing test in C__Users_Sumit_Desktop_New folder_Janatri] INFO  o.eclipse.m2e.core.internal.Bundles - 	Entry: C:\Users\Sumit\.p2\pool\plugins\org.eclipse.m2e.maven.runtime_3.9.900.20250220-2013\jars\maven-resolver-api-1.9.22.jar
2025-09-07 14:08:07,649 [Worker-17: Launching Executing test in C__Users_Sumit_Desktop_New folder_Janatri] INFO  o.eclipse.m2e.core.internal.Bundles - 	Entry: C:\Users\Sumit\.p2\pool\plugins\org.eclipse.m2e.maven.runtime_3.9.900.20250220-2013\jars\maven-resolver-connector-basic-1.9.22.jar
2025-09-07 14:08:07,649 [Worker-17: Launching Executing test in C__Users_Sumit_Desktop_New folder_Janatri] INFO  o.eclipse.m2e.core.internal.Bundles - 	Entry: C:\Users\Sumit\.p2\pool\plugins\org.eclipse.m2e.maven.runtime_3.9.900.20250220-2013\jars\maven-resolver-impl-1.9.22.jar
2025-09-07 14:08:07,650 [Worker-17: Launching Executing test in C__Users_Sumit_Desktop_New folder_Janatri] INFO  o.eclipse.m2e.core.internal.Bundles - 	Entry: C:\Users\Sumit\.p2\pool\plugins\org.eclipse.m2e.maven.runtime_3.9.900.20250220-2013\jars\maven-resolver-named-locks-1.9.22.jar
2025-09-07 14:08:07,650 [Worker-17: Launching Executing test in C__Users_Sumit_Desktop_New folder_Janatri] INFO  o.eclipse.m2e.core.internal.Bundles - 	Entry: C:\Users\Sumit\.p2\pool\plugins\org.eclipse.m2e.maven.runtime_3.9.900.20250220-2013\jars\maven-resolver-provider-3.9.9.jar
2025-09-07 14:08:07,651 [Worker-17: Launching Executing test in C__Users_Sumit_Desktop_New folder_Janatri] INFO  o.eclipse.m2e.core.internal.Bundles - 	Entry: C:\Users\Sumit\.p2\pool\plugins\org.eclipse.m2e.maven.runtime_3.9.900.20250220-2013\jars\maven-resolver-spi-1.9.22.jar
2025-09-07 14:08:07,651 [Worker-17: Launching Executing test in C__Users_Sumit_Desktop_New folder_Janatri] INFO  o.eclipse.m2e.core.internal.Bundles - 	Entry: C:\Users\Sumit\.p2\pool\plugins\org.eclipse.m2e.maven.runtime_3.9.900.20250220-2013\jars\maven-resolver-transport-file-1.9.22.jar
2025-09-07 14:08:07,652 [Worker-17: Launching Executing test in C__Users_Sumit_Desktop_New folder_Janatri] INFO  o.eclipse.m2e.core.internal.Bundles - 	Entry: C:\Users\Sumit\.p2\pool\plugins\org.eclipse.m2e.maven.runtime_3.9.900.20250220-2013\jars\maven-resolver-transport-http-1.9.22.jar
2025-09-07 14:08:07,653 [Worker-17: Launching Executing test in C__Users_Sumit_Desktop_New folder_Janatri] INFO  o.eclipse.m2e.core.internal.Bundles - 	Entry: C:\Users\Sumit\.p2\pool\plugins\org.eclipse.m2e.maven.runtime_3.9.900.20250220-2013\jars\maven-resolver-transport-wagon-1.9.22.jar
2025-09-07 14:08:07,654 [Worker-17: Launching Executing test in C__Users_Sumit_Desktop_New folder_Janatri] INFO  o.eclipse.m2e.core.internal.Bundles - 	Entry: C:\Users\Sumit\.p2\pool\plugins\org.eclipse.m2e.maven.runtime_3.9.900.20250220-2013\jars\maven-resolver-util-1.9.22.jar
2025-09-07 14:08:07,654 [Worker-17: Launching Executing test in C__Users_Sumit_Desktop_New folder_Janatri] INFO  o.eclipse.m2e.core.internal.Bundles - 	Entry: C:\Users\Sumit\.p2\pool\plugins\org.eclipse.m2e.maven.runtime_3.9.900.20250220-2013\jars\maven-settings-3.9.9.jar
2025-09-07 14:08:07,655 [Worker-17: Launching Executing test in C__Users_Sumit_Desktop_New folder_Janatri] INFO  o.eclipse.m2e.core.internal.Bundles - 	Entry: C:\Users\Sumit\.p2\pool\plugins\org.eclipse.m2e.maven.runtime_3.9.900.20250220-2013\jars\maven-settings-builder-3.9.9.jar
2025-09-07 14:08:07,655 [Worker-17: Launching Executing test in C__Users_Sumit_Desktop_New folder_Janatri] INFO  o.eclipse.m2e.core.internal.Bundles - 	Entry: C:\Users\Sumit\.p2\pool\plugins\org.eclipse.m2e.maven.runtime_3.9.900.20250220-2013\jars\maven-shared-utils-3.4.2.jar
2025-09-07 14:08:07,656 [Worker-17: Launching Executing test in C__Users_Sumit_Desktop_New folder_Janatri] INFO  o.eclipse.m2e.core.internal.Bundles - 	Entry: C:\Users\Sumit\.p2\pool\plugins\org.eclipse.m2e.maven.runtime_3.9.900.20250220-2013\jars\org.eclipse.sisu.inject-0.9.0.M3.jar
2025-09-07 14:08:07,656 [Worker-17: Launching Executing test in C__Users_Sumit_Desktop_New folder_Janatri] INFO  o.eclipse.m2e.core.internal.Bundles - 	Entry: C:\Users\Sumit\.p2\pool\plugins\org.eclipse.m2e.maven.runtime_3.9.900.20250220-2013\jars\org.eclipse.sisu.plexus-0.9.0.M3.jar
2025-09-07 14:08:07,657 [Worker-17: Launching Executing test in C__Users_Sumit_Desktop_New folder_Janatri] INFO  o.eclipse.m2e.core.internal.Bundles - 	Entry: C:\Users\Sumit\.p2\pool\plugins\org.eclipse.m2e.maven.runtime_3.9.900.20250220-2013\jars\plexus-build-api-0.0.7.jar
2025-09-07 14:08:07,657 [Worker-17: Launching Executing test in C__Users_Sumit_Desktop_New folder_Janatri] INFO  o.eclipse.m2e.core.internal.Bundles - 	Entry: C:\Users\Sumit\.p2\pool\plugins\org.eclipse.m2e.maven.runtime_3.9.900.20250220-2013\jars\plexus-build-api-1.2.0.jar
2025-09-07 14:08:07,658 [Worker-17: Launching Executing test in C__Users_Sumit_Desktop_New folder_Janatri] INFO  o.eclipse.m2e.core.internal.Bundles - 	Entry: C:\Users\Sumit\.p2\pool\plugins\org.eclipse.m2e.maven.runtime_3.9.900.20250220-2013\jars\plexus-cipher-2.0.jar
2025-09-07 14:08:07,659 [Worker-17: Launching Executing test in C__Users_Sumit_Desktop_New folder_Janatri] INFO  o.eclipse.m2e.core.internal.Bundles - 	Entry: C:\Users\Sumit\.p2\pool\plugins\org.eclipse.m2e.maven.runtime_3.9.900.20250220-2013\jars\plexus-classworlds-2.8.0.jar
2025-09-07 14:08:07,660 [Worker-17: Launching Executing test in C__Users_Sumit_Desktop_New folder_Janatri] INFO  o.eclipse.m2e.core.internal.Bundles - 	Entry: C:\Users\Sumit\.p2\pool\plugins\org.eclipse.m2e.maven.runtime_3.9.900.20250220-2013\jars\plexus-component-annotations-2.1.0.jar
2025-09-07 14:08:07,660 [Worker-17: Launching Executing test in C__Users_Sumit_Desktop_New folder_Janatri] INFO  o.eclipse.m2e.core.internal.Bundles - 	Entry: C:\Users\Sumit\.p2\pool\plugins\org.eclipse.m2e.maven.runtime_3.9.900.20250220-2013\jars\plexus-interpolation-1.27.jar
2025-09-07 14:08:07,661 [Worker-17: Launching Executing test in C__Users_Sumit_Desktop_New folder_Janatri] INFO  o.eclipse.m2e.core.internal.Bundles - 	Entry: C:\Users\Sumit\.p2\pool\plugins\org.eclipse.m2e.maven.runtime_3.9.900.20250220-2013\jars\plexus-sec-dispatcher-2.0.jar
2025-09-07 14:08:07,662 [Worker-17: Launching Executing test in C__Users_Sumit_Desktop_New folder_Janatri] INFO  o.eclipse.m2e.core.internal.Bundles - 	Entry: C:\Users\Sumit\.p2\pool\plugins\org.eclipse.m2e.maven.runtime_3.9.900.20250220-2013\jars\plexus-utils-3.5.1.jar
2025-09-07 14:08:07,662 [Worker-17: Launching Executing test in C__Users_Sumit_Desktop_New folder_Janatri] INFO  o.eclipse.m2e.core.internal.Bundles - 	Entry: C:\Users\Sumit\.p2\pool\plugins\org.eclipse.m2e.maven.runtime_3.9.900.20250220-2013\jars\plexus-xml-3.0.1.jar
2025-09-07 14:08:07,664 [Worker-17: Launching Executing test in C__Users_Sumit_Desktop_New folder_Janatri] INFO  o.eclipse.m2e.core.internal.Bundles - 	Entry: C:\Users\Sumit\.p2\pool\plugins\org.eclipse.m2e.maven.runtime_3.9.900.20250220-2013\jars\wagon-file-3.5.3.jar
2025-09-07 14:08:07,664 [Worker-17: Launching Executing test in C__Users_Sumit_Desktop_New folder_Janatri] INFO  o.eclipse.m2e.core.internal.Bundles - 	Entry: C:\Users\Sumit\.p2\pool\plugins\org.eclipse.m2e.maven.runtime_3.9.900.20250220-2013\jars\wagon-http-3.5.3.jar
2025-09-07 14:08:07,665 [Worker-17: Launching Executing test in C__Users_Sumit_Desktop_New folder_Janatri] INFO  o.eclipse.m2e.core.internal.Bundles - 	Entry: C:\Users\Sumit\.p2\pool\plugins\org.eclipse.m2e.maven.runtime_3.9.900.20250220-2013\jars\wagon-http-shared-3.5.3.jar
2025-09-07 14:08:07,666 [Worker-17: Launching Executing test in C__Users_Sumit_Desktop_New folder_Janatri] INFO  o.eclipse.m2e.core.internal.Bundles - 	Entry: C:\Users\Sumit\.p2\pool\plugins\org.eclipse.m2e.maven.runtime_3.9.900.20250220-2013\jars\wagon-provider-api-3.5.3.jar
2025-09-07 14:08:07,667 [Worker-17: Launching Executing test in C__Users_Sumit_Desktop_New folder_Janatri] INFO  o.eclipse.m2e.core.internal.Bundles - getClasspathEntries(Bundle=com.google.guava_33.4.8.jre [18])
2025-09-07 14:08:07,668 [Worker-17: Launching Executing test in C__Users_Sumit_Desktop_New folder_Janatri] INFO  o.eclipse.m2e.core.internal.Bundles - 	Entry: C:\Users\Sumit\.p2\pool\plugins\com.google.guava_33.4.8.jre.jar
2025-09-07 14:08:07,669 [Worker-17: Launching Executing test in C__Users_Sumit_Desktop_New folder_Janatri] INFO  o.eclipse.m2e.core.internal.Bundles - getClasspathEntries(Bundle=slf4j.api_2.0.17 [1004])
2025-09-07 14:08:07,672 [Worker-17: Launching Executing test in C__Users_Sumit_Desktop_New folder_Janatri] INFO  o.eclipse.m2e.core.internal.Bundles - 	Entry: C:\Users\Sumit\.p2\pool\plugins\slf4j.api_2.0.17.jar
2025-09-07 14:08:07,672 [Worker-17: Launching Executing test in C__Users_Sumit_Desktop_New folder_Janatri] INFO  o.eclipse.m2e.core.internal.Bundles - getClasspathEntries(Bundle=jakarta.inject.jakarta.inject-api_1.0.5 [35])
2025-09-07 14:08:07,673 [Worker-17: Launching Executing test in C__Users_Sumit_Desktop_New folder_Janatri] INFO  o.eclipse.m2e.core.internal.Bundles - 	Entry: C:\Users\Sumit\.p2\pool\plugins\jakarta.inject.jakarta.inject-api_1.0.5.jar
2025-09-07 14:08:07,673 [Worker-17: Launching Executing test in C__Users_Sumit_Desktop_New folder_Janatri] INFO  o.eclipse.m2e.core.internal.Bundles - getClasspathEntries(Bundle=javax.annotation_1.3.5.v20200909-1856 [45])
2025-09-07 14:08:07,674 [Worker-17: Launching Executing test in C__Users_Sumit_Desktop_New folder_Janatri] INFO  o.eclipse.m2e.core.internal.Bundles - 	Entry: C:\Users\Sumit\.p2\pool\plugins\javax.annotation_1.3.5.v20200909-1856.jar
2025-09-07 14:08:07,674 [Worker-17: Launching Executing test in C__Users_Sumit_Desktop_New folder_Janatri] INFO  o.eclipse.m2e.core.internal.Bundles - getClasspathEntries(Bundle=org.apache.commons.cli_1.9.0 [76])
2025-09-07 14:08:07,675 [Worker-17: Launching Executing test in C__Users_Sumit_Desktop_New folder_Janatri] INFO  o.eclipse.m2e.core.internal.Bundles - 	Entry: C:\Users\Sumit\.p2\pool\plugins\org.apache.commons.cli_1.9.0.jar
2025-09-07 14:08:07,675 [Worker-17: Launching Executing test in C__Users_Sumit_Desktop_New folder_Janatri] INFO  o.eclipse.m2e.core.internal.Bundles - getClasspathEntries(Bundle=org.apache.commons.commons-codec_1.16.0 [78])
2025-09-07 14:08:07,676 [Worker-17: Launching Executing test in C__Users_Sumit_Desktop_New folder_Janatri] INFO  o.eclipse.m2e.core.internal.Bundles - 	Entry: C:\Users\Sumit\.p2\pool\plugins\org.apache.commons.commons-codec_1.16.0.jar
2025-09-07 14:08:07,676 [Worker-17: Launching Executing test in C__Users_Sumit_Desktop_New folder_Janatri] INFO  o.eclipse.m2e.core.internal.Bundles - getClasspathEntries(Bundle=com.google.guava.failureaccess_1.0.3 [19])
2025-09-07 14:08:07,677 [Worker-17: Launching Executing test in C__Users_Sumit_Desktop_New folder_Janatri] INFO  o.eclipse.m2e.core.internal.Bundles - 	Entry: C:\Users\Sumit\.p2\pool\plugins\com.google.guava.failureaccess_1.0.3.jar
2025-09-07 14:08:07,679 [Worker-17: Launching Executing test in C__Users_Sumit_Desktop_New folder_Janatri] INFO  o.e.m.i.launch.MavenLaunchDelegate - Run build in "C:\Users\Sumit\Desktop\New folder\Janatri":
2025-09-07 14:08:07,679 [Worker-17: Launching Executing test in C__Users_Sumit_Desktop_New folder_Janatri] INFO  o.e.m.i.launch.MavenLaunchDelegate -  mvn  -B -Dstyle.color=always test
2025-09-07 14:08:20,544 [Start Help Server] INFO  org.eclipse.jetty.server.Server - jetty-12.0.21; built: 2025-05-09T00:32:00.688Z; git: 1c4719601e31b05b7d68910d2edd980259f1f53c; jvm 21.0.8+9-LTS
2025-09-07 14:08:20,741 [Start Help Server] INFO  o.e.j.server.handler.ContextHandler - Started oeje8n.ContextHandler$CoreContextHandler@19f82bea{/help,/help,b=null,a=AVAILABLE,h=oeje8n.ContextHandler$CoreContextHandler$CoreToNestedHandler@e2114a9{STARTED}}
2025-09-07 14:08:20,742 [Start Help Server] INFO  o.e.j.s.DefaultSessionIdManager - Session workerName=node0
2025-09-07 14:08:20,794 [Start Help Server] INFO  o.e.jetty.server.AbstractConnector - Started ServerConnector@32cf5e94{HTTP/1.1, (http/1.1)}{127.0.0.1:49892}
2025-09-07 14:08:20,844 [Start Help Server] INFO  org.eclipse.jetty.server.Server - Started oejs.Server@66ab08f8{STARTING}[12.0.21,sto=0] @600290ms
2025-09-07 14:09:35,507 [Worker-18: Building] WARN  o.a.m.s.f.DefaultMavenResourcesFiltering - Using platform encoding (UTF-8 actually) to copy filtered resources, i.e. build is platform dependent!
2025-09-07 14:09:35,511 [Worker-18: Building] INFO  o.a.m.s.f.DefaultMavenResourcesFiltering - Copying 0 resource from src\main\resources to target\classes
2025-09-07 14:09:35,516 [Worker-18: Building] WARN  o.a.m.s.f.DefaultMavenResourcesFiltering - Using platform encoding (UTF-8 actually) to copy filtered resources, i.e. build is platform dependent!
2025-09-07 14:09:35,518 [Worker-18: Building] INFO  o.a.m.s.f.DefaultMavenResourcesFiltering - Copying 0 resource from src\test\resources to target\test-classes
2025-09-07 14:09:54,760 [Worker-19: Building] WARN  o.a.m.s.f.DefaultMavenResourcesFiltering - Using platform encoding (UTF-8 actually) to copy filtered resources, i.e. build is platform dependent!
2025-09-07 14:09:54,765 [Worker-19: Building] INFO  o.a.m.s.f.DefaultMavenResourcesFiltering - Copying 0 resource from src\main\resources to target\classes
2025-09-07 14:09:54,773 [Worker-19: Building] WARN  o.a.m.s.f.DefaultMavenResourcesFiltering - Using platform encoding (UTF-8 actually) to copy filtered resources, i.e. build is platform dependent!
2025-09-07 14:09:54,776 [Worker-19: Building] INFO  o.a.m.s.f.DefaultMavenResourcesFiltering - Copying 0 resource from src\test\resources to target\test-classes
2025-09-07 14:10:26,815 [Worker-19: Building] WARN  o.a.m.s.f.DefaultMavenResourcesFiltering - Using platform encoding (UTF-8 actually) to copy filtered resources, i.e. build is platform dependent!
2025-09-07 14:10:26,818 [Worker-19: Building] INFO  o.a.m.s.f.DefaultMavenResourcesFiltering - Copying 0 resource from src\main\resources to target\classes
2025-09-07 14:10:26,824 [Worker-19: Building] WARN  o.a.m.s.f.DefaultMavenResourcesFiltering - Using platform encoding (UTF-8 actually) to copy filtered resources, i.e. build is platform dependent!
2025-09-07 14:10:26,826 [Worker-19: Building] INFO  o.a.m.s.f.DefaultMavenResourcesFiltering - Copying 0 resource from src\test\resources to target\test-classes
2025-09-07 14:12:51,180 [Worker-15: Building] WARN  o.a.m.s.f.DefaultMavenResourcesFiltering - Using platform encoding (UTF-8 actually) to copy filtered resources, i.e. build is platform dependent!
2025-09-07 14:12:51,187 [Worker-15: Building] INFO  o.a.m.s.f.DefaultMavenResourcesFiltering - Copying 0 resource from src\main\resources to target\classes
2025-09-07 14:12:51,194 [Worker-15: Building] WARN  o.a.m.s.f.DefaultMavenResourcesFiltering - Using platform encoding (UTF-8 actually) to copy filtered resources, i.e. build is platform dependent!
2025-09-07 14:12:51,198 [Worker-15: Building] INFO  o.a.m.s.f.DefaultMavenResourcesFiltering - Copying 0 resource from src\test\resources to target\test-classes
2025-09-07 14:12:58,630 [Worker-17: Building] WARN  o.a.m.s.f.DefaultMavenResourcesFiltering - Using platform encoding (UTF-8 actually) to copy filtered resources, i.e. build is platform dependent!
2025-09-07 14:12:58,632 [Worker-17: Building] INFO  o.a.m.s.f.DefaultMavenResourcesFiltering - Copying 0 resource from src\main\resources to target\classes
2025-09-07 14:12:58,637 [Worker-17: Building] WARN  o.a.m.s.f.DefaultMavenResourcesFiltering - Using platform encoding (UTF-8 actually) to copy filtered resources, i.e. build is platform dependent!
2025-09-07 14:12:58,641 [Worker-17: Building] INFO  o.a.m.s.f.DefaultMavenResourcesFiltering - Copying 0 resource from src\test\resources to target\test-classes
2025-09-07 14:14:23,396 [Worker-20: Building] WARN  o.a.m.s.f.DefaultMavenResourcesFiltering - Using platform encoding (UTF-8 actually) to copy filtered resources, i.e. build is platform dependent!
2025-09-07 14:14:23,399 [Worker-20: Building] INFO  o.a.m.s.f.DefaultMavenResourcesFiltering - Copying 0 resource from src\main\resources to target\classes
2025-09-07 14:14:23,403 [Worker-20: Building] WARN  o.a.m.s.f.DefaultMavenResourcesFiltering - Using platform encoding (UTF-8 actually) to copy filtered resources, i.e. build is platform dependent!
2025-09-07 14:14:23,406 [Worker-20: Building] INFO  o.a.m.s.f.DefaultMavenResourcesFiltering - Copying 0 resource from src\test\resources to target\test-classes
2025-09-07 14:21:08,435 [Worker-24: Building] WARN  o.a.m.s.f.DefaultMavenResourcesFiltering - Using platform encoding (UTF-8 actually) to copy filtered resources, i.e. build is platform dependent!
2025-09-07 14:21:08,439 [Worker-24: Building] INFO  o.a.m.s.f.DefaultMavenResourcesFiltering - Copying 0 resource from src\main\resources to target\classes
2025-09-07 14:21:08,445 [Worker-24: Building] WARN  o.a.m.s.f.DefaultMavenResourcesFiltering - Using platform encoding (UTF-8 actually) to copy filtered resources, i.e. build is platform dependent!
2025-09-07 14:21:08,447 [Worker-24: Building] INFO  o.a.m.s.f.DefaultMavenResourcesFiltering - Copying 0 resource from src\test\resources to target\test-classes
2025-09-07 14:24:09,208 [Worker-20: Building] WARN  o.a.m.s.f.DefaultMavenResourcesFiltering - Using platform encoding (UTF-8 actually) to copy filtered resources, i.e. build is platform dependent!
2025-09-07 14:24:09,210 [Worker-20: Building] INFO  o.a.m.s.f.DefaultMavenResourcesFiltering - Copying 0 resource from src\main\resources to target\classes
2025-09-07 14:24:09,215 [Worker-20: Building] WARN  o.a.m.s.f.DefaultMavenResourcesFiltering - Using platform encoding (UTF-8 actually) to copy filtered resources, i.e. build is platform dependent!
2025-09-07 14:24:09,217 [Worker-20: Building] INFO  o.a.m.s.f.DefaultMavenResourcesFiltering - Copying 0 resource from src\test\resources to target\test-classes
2025-09-07 14:29:04,108 [Worker-23: Building] WARN  o.a.m.s.f.DefaultMavenResourcesFiltering - Using platform encoding (UTF-8 actually) to copy filtered resources, i.e. build is platform dependent!
2025-09-07 14:29:04,113 [Worker-23: Building] INFO  o.a.m.s.f.DefaultMavenResourcesFiltering - Copying 0 resource from src\main\resources to target\classes
2025-09-07 14:29:04,117 [Worker-23: Building] WARN  o.a.m.s.f.DefaultMavenResourcesFiltering - Using platform encoding (UTF-8 actually) to copy filtered resources, i.e. build is platform dependent!
2025-09-07 14:29:04,119 [Worker-23: Building] INFO  o.a.m.s.f.DefaultMavenResourcesFiltering - Copying 0 resource from src\test\resources to target\test-classes
2025-09-07 14:32:40,683 [Worker-25: Building] WARN  o.a.m.s.f.DefaultMavenResourcesFiltering - Using platform encoding (UTF-8 actually) to copy filtered resources, i.e. build is platform dependent!
2025-09-07 14:32:40,686 [Worker-25: Building] INFO  o.a.m.s.f.DefaultMavenResourcesFiltering - Copying 0 resource from src\main\resources to target\classes
2025-09-07 14:32:40,690 [Worker-25: Building] WARN  o.a.m.s.f.DefaultMavenResourcesFiltering - Using platform encoding (UTF-8 actually) to copy filtered resources, i.e. build is platform dependent!
2025-09-07 14:32:40,692 [Worker-25: Building] INFO  o.a.m.s.f.DefaultMavenResourcesFiltering - Copying 0 resource from src\test\resources to target\test-classes
2025-09-07 14:37:57,442 [Worker-29: Building] WARN  o.a.m.s.f.DefaultMavenResourcesFiltering - Using platform encoding (UTF-8 actually) to copy filtered resources, i.e. build is platform dependent!
2025-09-07 14:37:57,452 [Worker-29: Building] INFO  o.a.m.s.f.DefaultMavenResourcesFiltering - Copying 0 resource from src\main\resources to target\classes
2025-09-07 14:37:57,456 [Worker-29: Building] WARN  o.a.m.s.f.DefaultMavenResourcesFiltering - Using platform encoding (UTF-8 actually) to copy filtered resources, i.e. build is platform dependent!
2025-09-07 14:37:57,459 [Worker-29: Building] INFO  o.a.m.s.f.DefaultMavenResourcesFiltering - Copying 0 resource from src\test\resources to target\test-classes
2025-09-07 14:45:01,055 [Worker-23: Launching Executing test in C__Users_Sumit_Desktop_New folder_Janatri] INFO  o.eclipse.m2e.core.internal.Bundles - getClasspathEntries(Bundle=org.eclipse.m2e.maven.runtime_3.9.900.20250220-2013 [639])
2025-09-07 14:45:01,061 [Worker-23: Launching Executing test in C__Users_Sumit_Desktop_New folder_Janatri] INFO  o.eclipse.m2e.core.internal.Bundles - 	Entry: C:\Users\Sumit\.p2\pool\plugins\org.eclipse.m2e.maven.runtime_3.9.900.20250220-2013
2025-09-07 14:45:01,062 [Worker-23: Launching Executing test in C__Users_Sumit_Desktop_New folder_Janatri] INFO  o.eclipse.m2e.core.internal.Bundles - 	Entry: C:\Users\Sumit\.p2\pool\plugins\org.eclipse.m2e.maven.runtime_3.9.900.20250220-2013\jars\aopalliance-1.0.jar
2025-09-07 14:45:01,066 [Worker-23: Launching Executing test in C__Users_Sumit_Desktop_New folder_Janatri] INFO  o.eclipse.m2e.core.internal.Bundles - 	Entry: C:\Users\Sumit\.p2\pool\plugins\org.eclipse.m2e.maven.runtime_3.9.900.20250220-2013\jars\guice-5.1.0.jar
2025-09-07 14:45:01,069 [Worker-23: Launching Executing test in C__Users_Sumit_Desktop_New folder_Janatri] INFO  o.eclipse.m2e.core.internal.Bundles - 	Entry: C:\Users\Sumit\.p2\pool\plugins\org.eclipse.m2e.maven.runtime_3.9.900.20250220-2013\jars\httpclient-4.5.14.jar
2025-09-07 14:45:01,074 [Worker-23: Launching Executing test in C__Users_Sumit_Desktop_New folder_Janatri] INFO  o.eclipse.m2e.core.internal.Bundles - 	Entry: C:\Users\Sumit\.p2\pool\plugins\org.eclipse.m2e.maven.runtime_3.9.900.20250220-2013\jars\httpcore-4.4.16.jar
2025-09-07 14:45:01,078 [Worker-23: Launching Executing test in C__Users_Sumit_Desktop_New folder_Janatri] INFO  o.eclipse.m2e.core.internal.Bundles - 	Entry: C:\Users\Sumit\.p2\pool\plugins\org.eclipse.m2e.maven.runtime_3.9.900.20250220-2013\jars\jansi-2.4.1.jar
2025-09-07 14:45:01,086 [Worker-23: Launching Executing test in C__Users_Sumit_Desktop_New folder_Janatri] INFO  o.eclipse.m2e.core.internal.Bundles - 	Entry: C:\Users\Sumit\.p2\pool\plugins\org.eclipse.m2e.maven.runtime_3.9.900.20250220-2013\jars\jcl-over-slf4j-1.7.36.jar
2025-09-07 14:45:01,088 [Worker-23: Launching Executing test in C__Users_Sumit_Desktop_New folder_Janatri] INFO  o.eclipse.m2e.core.internal.Bundles - 	Entry: C:\Users\Sumit\.p2\pool\plugins\org.eclipse.m2e.maven.runtime_3.9.900.20250220-2013\jars\maven-artifact-3.9.9.jar
2025-09-07 14:45:01,095 [Worker-23: Launching Executing test in C__Users_Sumit_Desktop_New folder_Janatri] INFO  o.eclipse.m2e.core.internal.Bundles - 	Entry: C:\Users\Sumit\.p2\pool\plugins\org.eclipse.m2e.maven.runtime_3.9.900.20250220-2013\jars\maven-builder-support-3.9.9.jar
2025-09-07 14:45:01,098 [Worker-23: Launching Executing test in C__Users_Sumit_Desktop_New folder_Janatri] INFO  o.eclipse.m2e.core.internal.Bundles - 	Entry: C:\Users\Sumit\.p2\pool\plugins\org.eclipse.m2e.maven.runtime_3.9.900.20250220-2013\jars\maven-compat-3.9.9.jar
2025-09-07 14:45:01,098 [Worker-23: Launching Executing test in C__Users_Sumit_Desktop_New folder_Janatri] INFO  o.eclipse.m2e.core.internal.Bundles - 	Entry: C:\Users\Sumit\.p2\pool\plugins\org.eclipse.m2e.maven.runtime_3.9.900.20250220-2013\jars\maven-core-3.9.9.jar
2025-09-07 14:45:01,099 [Worker-23: Launching Executing test in C__Users_Sumit_Desktop_New folder_Janatri] INFO  o.eclipse.m2e.core.internal.Bundles - 	Entry: C:\Users\Sumit\.p2\pool\plugins\org.eclipse.m2e.maven.runtime_3.9.900.20250220-2013\jars\maven-embedder-3.9.9.jar
2025-09-07 14:45:01,100 [Worker-23: Launching Executing test in C__Users_Sumit_Desktop_New folder_Janatri] INFO  o.eclipse.m2e.core.internal.Bundles - 	Entry: C:\Users\Sumit\.p2\pool\plugins\org.eclipse.m2e.maven.runtime_3.9.900.20250220-2013\jars\maven-model-3.9.9.jar
2025-09-07 14:45:01,100 [Worker-23: Launching Executing test in C__Users_Sumit_Desktop_New folder_Janatri] INFO  o.eclipse.m2e.core.internal.Bundles - 	Entry: C:\Users\Sumit\.p2\pool\plugins\org.eclipse.m2e.maven.runtime_3.9.900.20250220-2013\jars\maven-model-builder-3.9.9.jar
2025-09-07 14:45:01,102 [Worker-23: Launching Executing test in C__Users_Sumit_Desktop_New folder_Janatri] INFO  o.eclipse.m2e.core.internal.Bundles - 	Entry: C:\Users\Sumit\.p2\pool\plugins\org.eclipse.m2e.maven.runtime_3.9.900.20250220-2013\jars\maven-plugin-api-3.9.9.jar
2025-09-07 14:45:01,103 [Worker-23: Launching Executing test in C__Users_Sumit_Desktop_New folder_Janatri] INFO  o.eclipse.m2e.core.internal.Bundles - 	Entry: C:\Users\Sumit\.p2\pool\plugins\org.eclipse.m2e.maven.runtime_3.9.900.20250220-2013\jars\maven-repository-metadata-3.9.9.jar
2025-09-07 14:45:01,104 [Worker-23: Launching Executing test in C__Users_Sumit_Desktop_New folder_Janatri] INFO  o.eclipse.m2e.core.internal.Bundles - 	Entry: C:\Users\Sumit\.p2\pool\plugins\org.eclipse.m2e.maven.runtime_3.9.900.20250220-2013\jars\maven-resolver-api-1.9.22.jar
2025-09-07 14:45:01,104 [Worker-23: Launching Executing test in C__Users_Sumit_Desktop_New folder_Janatri] INFO  o.eclipse.m2e.core.internal.Bundles - 	Entry: C:\Users\Sumit\.p2\pool\plugins\org.eclipse.m2e.maven.runtime_3.9.900.20250220-2013\jars\maven-resolver-connector-basic-1.9.22.jar
2025-09-07 14:45:01,105 [Worker-23: Launching Executing test in C__Users_Sumit_Desktop_New folder_Janatri] INFO  o.eclipse.m2e.core.internal.Bundles - 	Entry: C:\Users\Sumit\.p2\pool\plugins\org.eclipse.m2e.maven.runtime_3.9.900.20250220-2013\jars\maven-resolver-impl-1.9.22.jar
2025-09-07 14:45:01,105 [Worker-23: Launching Executing test in C__Users_Sumit_Desktop_New folder_Janatri] INFO  o.eclipse.m2e.core.internal.Bundles - 	Entry: C:\Users\Sumit\.p2\pool\plugins\org.eclipse.m2e.maven.runtime_3.9.900.20250220-2013\jars\maven-resolver-named-locks-1.9.22.jar
2025-09-07 14:45:01,106 [Worker-23: Launching Executing test in C__Users_Sumit_Desktop_New folder_Janatri] INFO  o.eclipse.m2e.core.internal.Bundles - 	Entry: C:\Users\Sumit\.p2\pool\plugins\org.eclipse.m2e.maven.runtime_3.9.900.20250220-2013\jars\maven-resolver-provider-3.9.9.jar
2025-09-07 14:45:01,107 [Worker-23: Launching Executing test in C__Users_Sumit_Desktop_New folder_Janatri] INFO  o.eclipse.m2e.core.internal.Bundles - 	Entry: C:\Users\Sumit\.p2\pool\plugins\org.eclipse.m2e.maven.runtime_3.9.900.20250220-2013\jars\maven-resolver-spi-1.9.22.jar
2025-09-07 14:45:01,107 [Worker-23: Launching Executing test in C__Users_Sumit_Desktop_New folder_Janatri] INFO  o.eclipse.m2e.core.internal.Bundles - 	Entry: C:\Users\Sumit\.p2\pool\plugins\org.eclipse.m2e.maven.runtime_3.9.900.20250220-2013\jars\maven-resolver-transport-file-1.9.22.jar
2025-09-07 14:45:01,109 [Worker-23: Launching Executing test in C__Users_Sumit_Desktop_New folder_Janatri] INFO  o.eclipse.m2e.core.internal.Bundles - 	Entry: C:\Users\Sumit\.p2\pool\plugins\org.eclipse.m2e.maven.runtime_3.9.900.20250220-2013\jars\maven-resolver-transport-http-1.9.22.jar
2025-09-07 14:45:01,110 [Worker-23: Launching Executing test in C__Users_Sumit_Desktop_New folder_Janatri] INFO  o.eclipse.m2e.core.internal.Bundles - 	Entry: C:\Users\Sumit\.p2\pool\plugins\org.eclipse.m2e.maven.runtime_3.9.900.20250220-2013\jars\maven-resolver-transport-wagon-1.9.22.jar
2025-09-07 14:45:01,111 [Worker-23: Launching Executing test in C__Users_Sumit_Desktop_New folder_Janatri] INFO  o.eclipse.m2e.core.internal.Bundles - 	Entry: C:\Users\Sumit\.p2\pool\plugins\org.eclipse.m2e.maven.runtime_3.9.900.20250220-2013\jars\maven-resolver-util-1.9.22.jar
2025-09-07 14:45:01,112 [Worker-23: Launching Executing test in C__Users_Sumit_Desktop_New folder_Janatri] INFO  o.eclipse.m2e.core.internal.Bundles - 	Entry: C:\Users\Sumit\.p2\pool\plugins\org.eclipse.m2e.maven.runtime_3.9.900.20250220-2013\jars\maven-settings-3.9.9.jar
2025-09-07 14:45:01,113 [Worker-23: Launching Executing test in C__Users_Sumit_Desktop_New folder_Janatri] INFO  o.eclipse.m2e.core.internal.Bundles - 	Entry: C:\Users\Sumit\.p2\pool\plugins\org.eclipse.m2e.maven.runtime_3.9.900.20250220-2013\jars\maven-settings-builder-3.9.9.jar
2025-09-07 14:45:01,114 [Worker-23: Launching Executing test in C__Users_Sumit_Desktop_New folder_Janatri] INFO  o.eclipse.m2e.core.internal.Bundles - 	Entry: C:\Users\Sumit\.p2\pool\plugins\org.eclipse.m2e.maven.runtime_3.9.900.20250220-2013\jars\maven-shared-utils-3.4.2.jar
2025-09-07 14:45:01,114 [Worker-23: Launching Executing test in C__Users_Sumit_Desktop_New folder_Janatri] INFO  o.eclipse.m2e.core.internal.Bundles - 	Entry: C:\Users\Sumit\.p2\pool\plugins\org.eclipse.m2e.maven.runtime_3.9.900.20250220-2013\jars\org.eclipse.sisu.inject-0.9.0.M3.jar
2025-09-07 14:45:01,115 [Worker-23: Launching Executing test in C__Users_Sumit_Desktop_New folder_Janatri] INFO  o.eclipse.m2e.core.internal.Bundles - 	Entry: C:\Users\Sumit\.p2\pool\plugins\org.eclipse.m2e.maven.runtime_3.9.900.20250220-2013\jars\org.eclipse.sisu.plexus-0.9.0.M3.jar
2025-09-07 14:45:01,116 [Worker-23: Launching Executing test in C__Users_Sumit_Desktop_New folder_Janatri] INFO  o.eclipse.m2e.core.internal.Bundles - 	Entry: C:\Users\Sumit\.p2\pool\plugins\org.eclipse.m2e.maven.runtime_3.9.900.20250220-2013\jars\plexus-build-api-0.0.7.jar
2025-09-07 14:45:01,116 [Worker-23: Launching Executing test in C__Users_Sumit_Desktop_New folder_Janatri] INFO  o.eclipse.m2e.core.internal.Bundles - 	Entry: C:\Users\Sumit\.p2\pool\plugins\org.eclipse.m2e.maven.runtime_3.9.900.20250220-2013\jars\plexus-build-api-1.2.0.jar
2025-09-07 14:45:01,116 [Worker-23: Launching Executing test in C__Users_Sumit_Desktop_New folder_Janatri] INFO  o.eclipse.m2e.core.internal.Bundles - 	Entry: C:\Users\Sumit\.p2\pool\plugins\org.eclipse.m2e.maven.runtime_3.9.900.20250220-2013\jars\plexus-cipher-2.0.jar
2025-09-07 14:45:01,117 [Worker-23: Launching Executing test in C__Users_Sumit_Desktop_New folder_Janatri] INFO  o.eclipse.m2e.core.internal.Bundles - 	Entry: C:\Users\Sumit\.p2\pool\plugins\org.eclipse.m2e.maven.runtime_3.9.900.20250220-2013\jars\plexus-classworlds-2.8.0.jar
2025-09-07 14:45:01,118 [Worker-23: Launching Executing test in C__Users_Sumit_Desktop_New folder_Janatri] INFO  o.eclipse.m2e.core.internal.Bundles - 	Entry: C:\Users\Sumit\.p2\pool\plugins\org.eclipse.m2e.maven.runtime_3.9.900.20250220-2013\jars\plexus-component-annotations-2.1.0.jar
2025-09-07 14:45:01,119 [Worker-23: Launching Executing test in C__Users_Sumit_Desktop_New folder_Janatri] INFO  o.eclipse.m2e.core.internal.Bundles - 	Entry: C:\Users\Sumit\.p2\pool\plugins\org.eclipse.m2e.maven.runtime_3.9.900.20250220-2013\jars\plexus-interpolation-1.27.jar
2025-09-07 14:45:01,119 [Worker-23: Launching Executing test in C__Users_Sumit_Desktop_New folder_Janatri] INFO  o.eclipse.m2e.core.internal.Bundles - 	Entry: C:\Users\Sumit\.p2\pool\plugins\org.eclipse.m2e.maven.runtime_3.9.900.20250220-2013\jars\plexus-sec-dispatcher-2.0.jar
2025-09-07 14:45:01,119 [Worker-23: Launching Executing test in C__Users_Sumit_Desktop_New folder_Janatri] INFO  o.eclipse.m2e.core.internal.Bundles - 	Entry: C:\Users\Sumit\.p2\pool\plugins\org.eclipse.m2e.maven.runtime_3.9.900.20250220-2013\jars\plexus-utils-3.5.1.jar
2025-09-07 14:45:01,120 [Worker-23: Launching Executing test in C__Users_Sumit_Desktop_New folder_Janatri] INFO  o.eclipse.m2e.core.internal.Bundles - 	Entry: C:\Users\Sumit\.p2\pool\plugins\org.eclipse.m2e.maven.runtime_3.9.900.20250220-2013\jars\plexus-xml-3.0.1.jar
2025-09-07 14:45:01,121 [Worker-23: Launching Executing test in C__Users_Sumit_Desktop_New folder_Janatri] INFO  o.eclipse.m2e.core.internal.Bundles - 	Entry: C:\Users\Sumit\.p2\pool\plugins\org.eclipse.m2e.maven.runtime_3.9.900.20250220-2013\jars\wagon-file-3.5.3.jar
2025-09-07 14:45:01,121 [Worker-23: Launching Executing test in C__Users_Sumit_Desktop_New folder_Janatri] INFO  o.eclipse.m2e.core.internal.Bundles - 	Entry: C:\Users\Sumit\.p2\pool\plugins\org.eclipse.m2e.maven.runtime_3.9.900.20250220-2013\jars\wagon-http-3.5.3.jar
2025-09-07 14:45:01,122 [Worker-23: Launching Executing test in C__Users_Sumit_Desktop_New folder_Janatri] INFO  o.eclipse.m2e.core.internal.Bundles - 	Entry: C:\Users\Sumit\.p2\pool\plugins\org.eclipse.m2e.maven.runtime_3.9.900.20250220-2013\jars\wagon-http-shared-3.5.3.jar
2025-09-07 14:45:01,122 [Worker-23: Launching Executing test in C__Users_Sumit_Desktop_New folder_Janatri] INFO  o.eclipse.m2e.core.internal.Bundles - 	Entry: C:\Users\Sumit\.p2\pool\plugins\org.eclipse.m2e.maven.runtime_3.9.900.20250220-2013\jars\wagon-provider-api-3.5.3.jar
2025-09-07 14:45:01,123 [Worker-23: Launching Executing test in C__Users_Sumit_Desktop_New folder_Janatri] INFO  o.eclipse.m2e.core.internal.Bundles - getClasspathEntries(Bundle=com.google.guava_33.4.8.jre [18])
2025-09-07 14:45:01,124 [Worker-23: Launching Executing test in C__Users_Sumit_Desktop_New folder_Janatri] INFO  o.eclipse.m2e.core.internal.Bundles - 	Entry: C:\Users\Sumit\.p2\pool\plugins\com.google.guava_33.4.8.jre.jar
2025-09-07 14:45:01,125 [Worker-23: Launching Executing test in C__Users_Sumit_Desktop_New folder_Janatri] INFO  o.eclipse.m2e.core.internal.Bundles - getClasspathEntries(Bundle=slf4j.api_2.0.17 [1004])
2025-09-07 14:45:01,126 [Worker-23: Launching Executing test in C__Users_Sumit_Desktop_New folder_Janatri] INFO  o.eclipse.m2e.core.internal.Bundles - 	Entry: C:\Users\Sumit\.p2\pool\plugins\slf4j.api_2.0.17.jar
2025-09-07 14:45:01,126 [Worker-23: Launching Executing test in C__Users_Sumit_Desktop_New folder_Janatri] INFO  o.eclipse.m2e.core.internal.Bundles - getClasspathEntries(Bundle=jakarta.inject.jakarta.inject-api_1.0.5 [35])
2025-09-07 14:45:01,127 [Worker-23: Launching Executing test in C__Users_Sumit_Desktop_New folder_Janatri] INFO  o.eclipse.m2e.core.internal.Bundles - 	Entry: C:\Users\Sumit\.p2\pool\plugins\jakarta.inject.jakarta.inject-api_1.0.5.jar
2025-09-07 14:45:01,127 [Worker-23: Launching Executing test in C__Users_Sumit_Desktop_New folder_Janatri] INFO  o.eclipse.m2e.core.internal.Bundles - getClasspathEntries(Bundle=javax.annotation_1.3.5.v20200909-1856 [45])
2025-09-07 14:45:01,130 [Worker-23: Launching Executing test in C__Users_Sumit_Desktop_New folder_Janatri] INFO  o.eclipse.m2e.core.internal.Bundles - 	Entry: C:\Users\Sumit\.p2\pool\plugins\javax.annotation_1.3.5.v20200909-1856.jar
2025-09-07 14:45:01,130 [Worker-23: Launching Executing test in C__Users_Sumit_Desktop_New folder_Janatri] INFO  o.eclipse.m2e.core.internal.Bundles - getClasspathEntries(Bundle=org.apache.commons.cli_1.9.0 [76])
2025-09-07 14:45:01,132 [Worker-23: Launching Executing test in C__Users_Sumit_Desktop_New folder_Janatri] INFO  o.eclipse.m2e.core.internal.Bundles - 	Entry: C:\Users\Sumit\.p2\pool\plugins\org.apache.commons.cli_1.9.0.jar
2025-09-07 14:45:01,132 [Worker-23: Launching Executing test in C__Users_Sumit_Desktop_New folder_Janatri] INFO  o.eclipse.m2e.core.internal.Bundles - getClasspathEntries(Bundle=org.apache.commons.commons-codec_1.16.0 [78])
2025-09-07 14:45:01,133 [Worker-23: Launching Executing test in C__Users_Sumit_Desktop_New folder_Janatri] INFO  o.eclipse.m2e.core.internal.Bundles - 	Entry: C:\Users\Sumit\.p2\pool\plugins\org.apache.commons.commons-codec_1.16.0.jar
2025-09-07 14:45:01,134 [Worker-23: Launching Executing test in C__Users_Sumit_Desktop_New folder_Janatri] INFO  o.eclipse.m2e.core.internal.Bundles - getClasspathEntries(Bundle=com.google.guava.failureaccess_1.0.3 [19])
2025-09-07 14:45:01,135 [Worker-23: Launching Executing test in C__Users_Sumit_Desktop_New folder_Janatri] INFO  o.eclipse.m2e.core.internal.Bundles - 	Entry: C:\Users\Sumit\.p2\pool\plugins\com.google.guava.failureaccess_1.0.3.jar
2025-09-07 14:45:01,140 [Worker-23: Launching Executing test in C__Users_Sumit_Desktop_New folder_Janatri] INFO  o.e.m.i.launch.MavenLaunchDelegate - Run build in "C:\Users\Sumit\Desktop\New folder\Janatri":
2025-09-07 14:45:01,141 [Worker-23: Launching Executing test in C__Users_Sumit_Desktop_New folder_Janatri] INFO  o.e.m.i.launch.MavenLaunchDelegate -  mvn  -B -Dstyle.color=always test
2025-09-07 15:17:17,141 [Worker-23: Building] WARN  o.a.m.s.f.DefaultMavenResourcesFiltering - Using platform encoding (UTF-8 actually) to copy filtered resources, i.e. build is platform dependent!
2025-09-07 15:17:17,148 [Worker-23: Building] INFO  o.a.m.s.f.DefaultMavenResourcesFiltering - Copying 0 resource from src\main\resources to target\classes
2025-09-07 15:17:17,156 [Worker-23: Building] WARN  o.a.m.s.f.DefaultMavenResourcesFiltering - Using platform encoding (UTF-8 actually) to copy filtered resources, i.e. build is platform dependent!
2025-09-07 15:17:17,159 [Worker-23: Building] INFO  o.a.m.s.f.DefaultMavenResourcesFiltering - Copying 0 resource from src\test\resources to target\test-classes
2025-09-07 15:21:34,814 [Worker-38: Building] WARN  o.a.m.s.f.DefaultMavenResourcesFiltering - Using platform encoding (UTF-8 actually) to copy filtered resources, i.e. build is platform dependent!
2025-09-07 15:21:34,817 [Worker-38: Building] INFO  o.a.m.s.f.DefaultMavenResourcesFiltering - Copying 0 resource from src\main\resources to target\classes
2025-09-07 15:21:34,821 [Worker-38: Building] WARN  o.a.m.s.f.DefaultMavenResourcesFiltering - Using platform encoding (UTF-8 actually) to copy filtered resources, i.e. build is platform dependent!
2025-09-07 15:21:34,825 [Worker-38: Building] INFO  o.a.m.s.f.DefaultMavenResourcesFiltering - Copying 0 resource from src\test\resources to target\test-classes
2025-09-07 15:22:09,018 [Worker-29: Launching Executing test in C__Users_Sumit_Desktop_New folder_Janatri] INFO  o.eclipse.m2e.core.internal.Bundles - getClasspathEntries(Bundle=org.eclipse.m2e.maven.runtime_3.9.900.20250220-2013 [639])
2025-09-07 15:22:09,021 [Worker-29: Launching Executing test in C__Users_Sumit_Desktop_New folder_Janatri] INFO  o.eclipse.m2e.core.internal.Bundles - 	Entry: C:\Users\Sumit\.p2\pool\plugins\org.eclipse.m2e.maven.runtime_3.9.900.20250220-2013
2025-09-07 15:22:09,022 [Worker-29: Launching Executing test in C__Users_Sumit_Desktop_New folder_Janatri] INFO  o.eclipse.m2e.core.internal.Bundles - 	Entry: C:\Users\Sumit\.p2\pool\plugins\org.eclipse.m2e.maven.runtime_3.9.900.20250220-2013\jars\aopalliance-1.0.jar
2025-09-07 15:22:09,023 [Worker-29: Launching Executing test in C__Users_Sumit_Desktop_New folder_Janatri] INFO  o.eclipse.m2e.core.internal.Bundles - 	Entry: C:\Users\Sumit\.p2\pool\plugins\org.eclipse.m2e.maven.runtime_3.9.900.20250220-2013\jars\guice-5.1.0.jar
2025-09-07 15:22:09,026 [Worker-29: Launching Executing test in C__Users_Sumit_Desktop_New folder_Janatri] INFO  o.eclipse.m2e.core.internal.Bundles - 	Entry: C:\Users\Sumit\.p2\pool\plugins\org.eclipse.m2e.maven.runtime_3.9.900.20250220-2013\jars\httpclient-4.5.14.jar
2025-09-07 15:22:09,027 [Worker-29: Launching Executing test in C__Users_Sumit_Desktop_New folder_Janatri] INFO  o.eclipse.m2e.core.internal.Bundles - 	Entry: C:\Users\Sumit\.p2\pool\plugins\org.eclipse.m2e.maven.runtime_3.9.900.20250220-2013\jars\httpcore-4.4.16.jar
2025-09-07 15:22:09,027 [Worker-29: Launching Executing test in C__Users_Sumit_Desktop_New folder_Janatri] INFO  o.eclipse.m2e.core.internal.Bundles - 	Entry: C:\Users\Sumit\.p2\pool\plugins\org.eclipse.m2e.maven.runtime_3.9.900.20250220-2013\jars\jansi-2.4.1.jar
2025-09-07 15:22:09,028 [Worker-29: Launching Executing test in C__Users_Sumit_Desktop_New folder_Janatri] INFO  o.eclipse.m2e.core.internal.Bundles - 	Entry: C:\Users\Sumit\.p2\pool\plugins\org.eclipse.m2e.maven.runtime_3.9.900.20250220-2013\jars\jcl-over-slf4j-1.7.36.jar
2025-09-07 15:22:09,028 [Worker-29: Launching Executing test in C__Users_Sumit_Desktop_New folder_Janatri] INFO  o.eclipse.m2e.core.internal.Bundles - 	Entry: C:\Users\Sumit\.p2\pool\plugins\org.eclipse.m2e.maven.runtime_3.9.900.20250220-2013\jars\maven-artifact-3.9.9.jar
2025-09-07 15:22:09,029 [Worker-29: Launching Executing test in C__Users_Sumit_Desktop_New folder_Janatri] INFO  o.eclipse.m2e.core.internal.Bundles - 	Entry: C:\Users\Sumit\.p2\pool\plugins\org.eclipse.m2e.maven.runtime_3.9.900.20250220-2013\jars\maven-builder-support-3.9.9.jar
2025-09-07 15:22:09,029 [Worker-29: Launching Executing test in C__Users_Sumit_Desktop_New folder_Janatri] INFO  o.eclipse.m2e.core.internal.Bundles - 	Entry: C:\Users\Sumit\.p2\pool\plugins\org.eclipse.m2e.maven.runtime_3.9.900.20250220-2013\jars\maven-compat-3.9.9.jar
2025-09-07 15:22:09,030 [Worker-29: Launching Executing test in C__Users_Sumit_Desktop_New folder_Janatri] INFO  o.eclipse.m2e.core.internal.Bundles - 	Entry: C:\Users\Sumit\.p2\pool\plugins\org.eclipse.m2e.maven.runtime_3.9.900.20250220-2013\jars\maven-core-3.9.9.jar
2025-09-07 15:22:09,031 [Worker-29: Launching Executing test in C__Users_Sumit_Desktop_New folder_Janatri] INFO  o.eclipse.m2e.core.internal.Bundles - 	Entry: C:\Users\Sumit\.p2\pool\plugins\org.eclipse.m2e.maven.runtime_3.9.900.20250220-2013\jars\maven-embedder-3.9.9.jar
2025-09-07 15:22:09,032 [Worker-29: Launching Executing test in C__Users_Sumit_Desktop_New folder_Janatri] INFO  o.eclipse.m2e.core.internal.Bundles - 	Entry: C:\Users\Sumit\.p2\pool\plugins\org.eclipse.m2e.maven.runtime_3.9.900.20250220-2013\jars\maven-model-3.9.9.jar
2025-09-07 15:22:09,032 [Worker-29: Launching Executing test in C__Users_Sumit_Desktop_New folder_Janatri] INFO  o.eclipse.m2e.core.internal.Bundles - 	Entry: C:\Users\Sumit\.p2\pool\plugins\org.eclipse.m2e.maven.runtime_3.9.900.20250220-2013\jars\maven-model-builder-3.9.9.jar
2025-09-07 15:22:09,033 [Worker-29: Launching Executing test in C__Users_Sumit_Desktop_New folder_Janatri] INFO  o.eclipse.m2e.core.internal.Bundles - 	Entry: C:\Users\Sumit\.p2\pool\plugins\org.eclipse.m2e.maven.runtime_3.9.900.20250220-2013\jars\maven-plugin-api-3.9.9.jar
2025-09-07 15:22:09,033 [Worker-29: Launching Executing test in C__Users_Sumit_Desktop_New folder_Janatri] INFO  o.eclipse.m2e.core.internal.Bundles - 	Entry: C:\Users\Sumit\.p2\pool\plugins\org.eclipse.m2e.maven.runtime_3.9.900.20250220-2013\jars\maven-repository-metadata-3.9.9.jar
2025-09-07 15:22:09,034 [Worker-29: Launching Executing test in C__Users_Sumit_Desktop_New folder_Janatri] INFO  o.eclipse.m2e.core.internal.Bundles - 	Entry: C:\Users\Sumit\.p2\pool\plugins\org.eclipse.m2e.maven.runtime_3.9.900.20250220-2013\jars\maven-resolver-api-1.9.22.jar
2025-09-07 15:22:09,034 [Worker-29: Launching Executing test in C__Users_Sumit_Desktop_New folder_Janatri] INFO  o.eclipse.m2e.core.internal.Bundles - 	Entry: C:\Users\Sumit\.p2\pool\plugins\org.eclipse.m2e.maven.runtime_3.9.900.20250220-2013\jars\maven-resolver-connector-basic-1.9.22.jar
2025-09-07 15:22:09,034 [Worker-29: Launching Executing test in C__Users_Sumit_Desktop_New folder_Janatri] INFO  o.eclipse.m2e.core.internal.Bundles - 	Entry: C:\Users\Sumit\.p2\pool\plugins\org.eclipse.m2e.maven.runtime_3.9.900.20250220-2013\jars\maven-resolver-impl-1.9.22.jar
2025-09-07 15:22:09,035 [Worker-29: Launching Executing test in C__Users_Sumit_Desktop_New folder_Janatri] INFO  o.eclipse.m2e.core.internal.Bundles - 	Entry: C:\Users\Sumit\.p2\pool\plugins\org.eclipse.m2e.maven.runtime_3.9.900.20250220-2013\jars\maven-resolver-named-locks-1.9.22.jar
2025-09-07 15:22:09,035 [Worker-29: Launching Executing test in C__Users_Sumit_Desktop_New folder_Janatri] INFO  o.eclipse.m2e.core.internal.Bundles - 	Entry: C:\Users\Sumit\.p2\pool\plugins\org.eclipse.m2e.maven.runtime_3.9.900.20250220-2013\jars\maven-resolver-provider-3.9.9.jar
2025-09-07 15:22:09,036 [Worker-29: Launching Executing test in C__Users_Sumit_Desktop_New folder_Janatri] INFO  o.eclipse.m2e.core.internal.Bundles - 	Entry: C:\Users\Sumit\.p2\pool\plugins\org.eclipse.m2e.maven.runtime_3.9.900.20250220-2013\jars\maven-resolver-spi-1.9.22.jar
2025-09-07 15:22:09,036 [Worker-29: Launching Executing test in C__Users_Sumit_Desktop_New folder_Janatri] INFO  o.eclipse.m2e.core.internal.Bundles - 	Entry: C:\Users\Sumit\.p2\pool\plugins\org.eclipse.m2e.maven.runtime_3.9.900.20250220-2013\jars\maven-resolver-transport-file-1.9.22.jar
2025-09-07 15:22:09,037 [Worker-29: Launching Executing test in C__Users_Sumit_Desktop_New folder_Janatri] INFO  o.eclipse.m2e.core.internal.Bundles - 	Entry: C:\Users\Sumit\.p2\pool\plugins\org.eclipse.m2e.maven.runtime_3.9.900.20250220-2013\jars\maven-resolver-transport-http-1.9.22.jar
2025-09-07 15:22:09,037 [Worker-29: Launching Executing test in C__Users_Sumit_Desktop_New folder_Janatri] INFO  o.eclipse.m2e.core.internal.Bundles - 	Entry: C:\Users\Sumit\.p2\pool\plugins\org.eclipse.m2e.maven.runtime_3.9.900.20250220-2013\jars\maven-resolver-transport-wagon-1.9.22.jar
2025-09-07 15:22:09,037 [Worker-29: Launching Executing test in C__Users_Sumit_Desktop_New folder_Janatri] INFO  o.eclipse.m2e.core.internal.Bundles - 	Entry: C:\Users\Sumit\.p2\pool\plugins\org.eclipse.m2e.maven.runtime_3.9.900.20250220-2013\jars\maven-resolver-util-1.9.22.jar
2025-09-07 15:22:09,038 [Worker-29: Launching Executing test in C__Users_Sumit_Desktop_New folder_Janatri] INFO  o.eclipse.m2e.core.internal.Bundles - 	Entry: C:\Users\Sumit\.p2\pool\plugins\org.eclipse.m2e.maven.runtime_3.9.900.20250220-2013\jars\maven-settings-3.9.9.jar
2025-09-07 15:22:09,038 [Worker-29: Launching Executing test in C__Users_Sumit_Desktop_New folder_Janatri] INFO  o.eclipse.m2e.core.internal.Bundles - 	Entry: C:\Users\Sumit\.p2\pool\plugins\org.eclipse.m2e.maven.runtime_3.9.900.20250220-2013\jars\maven-settings-builder-3.9.9.jar
2025-09-07 15:22:09,039 [Worker-29: Launching Executing test in C__Users_Sumit_Desktop_New folder_Janatri] INFO  o.eclipse.m2e.core.internal.Bundles - 	Entry: C:\Users\Sumit\.p2\pool\plugins\org.eclipse.m2e.maven.runtime_3.9.900.20250220-2013\jars\maven-shared-utils-3.4.2.jar
2025-09-07 15:22:09,040 [Worker-29: Launching Executing test in C__Users_Sumit_Desktop_New folder_Janatri] INFO  o.eclipse.m2e.core.internal.Bundles - 	Entry: C:\Users\Sumit\.p2\pool\plugins\org.eclipse.m2e.maven.runtime_3.9.900.20250220-2013\jars\org.eclipse.sisu.inject-0.9.0.M3.jar
2025-09-07 15:22:09,041 [Worker-29: Launching Executing test in C__Users_Sumit_Desktop_New folder_Janatri] INFO  o.eclipse.m2e.core.internal.Bundles - 	Entry: C:\Users\Sumit\.p2\pool\plugins\org.eclipse.m2e.maven.runtime_3.9.900.20250220-2013\jars\org.eclipse.sisu.plexus-0.9.0.M3.jar
2025-09-07 15:22:09,042 [Worker-29: Launching Executing test in C__Users_Sumit_Desktop_New folder_Janatri] INFO  o.eclipse.m2e.core.internal.Bundles - 	Entry: C:\Users\Sumit\.p2\pool\plugins\org.eclipse.m2e.maven.runtime_3.9.900.20250220-2013\jars\plexus-build-api-0.0.7.jar
2025-09-07 15:22:09,043 [Worker-29: Launching Executing test in C__Users_Sumit_Desktop_New folder_Janatri] INFO  o.eclipse.m2e.core.internal.Bundles - 	Entry: C:\Users\Sumit\.p2\pool\plugins\org.eclipse.m2e.maven.runtime_3.9.900.20250220-2013\jars\plexus-build-api-1.2.0.jar
2025-09-07 15:22:09,044 [Worker-29: Launching Executing test in C__Users_Sumit_Desktop_New folder_Janatri] INFO  o.eclipse.m2e.core.internal.Bundles - 	Entry: C:\Users\Sumit\.p2\pool\plugins\org.eclipse.m2e.maven.runtime_3.9.900.20250220-2013\jars\plexus-cipher-2.0.jar
2025-09-07 15:22:09,045 [Worker-29: Launching Executing test in C__Users_Sumit_Desktop_New folder_Janatri] INFO  o.eclipse.m2e.core.internal.Bundles - 	Entry: C:\Users\Sumit\.p2\pool\plugins\org.eclipse.m2e.maven.runtime_3.9.900.20250220-2013\jars\plexus-classworlds-2.8.0.jar
2025-09-07 15:22:09,046 [Worker-29: Launching Executing test in C__Users_Sumit_Desktop_New folder_Janatri] INFO  o.eclipse.m2e.core.internal.Bundles - 	Entry: C:\Users\Sumit\.p2\pool\plugins\org.eclipse.m2e.maven.runtime_3.9.900.20250220-2013\jars\plexus-component-annotations-2.1.0.jar
2025-09-07 15:22:09,047 [Worker-29: Launching Executing test in C__Users_Sumit_Desktop_New folder_Janatri] INFO  o.eclipse.m2e.core.internal.Bundles - 	Entry: C:\Users\Sumit\.p2\pool\plugins\org.eclipse.m2e.maven.runtime_3.9.900.20250220-2013\jars\plexus-interpolation-1.27.jar
2025-09-07 15:22:09,048 [Worker-29: Launching Executing test in C__Users_Sumit_Desktop_New folder_Janatri] INFO  o.eclipse.m2e.core.internal.Bundles - 	Entry: C:\Users\Sumit\.p2\pool\plugins\org.eclipse.m2e.maven.runtime_3.9.900.20250220-2013\jars\plexus-sec-dispatcher-2.0.jar
2025-09-07 15:22:09,048 [Worker-29: Launching Executing test in C__Users_Sumit_Desktop_New folder_Janatri] INFO  o.eclipse.m2e.core.internal.Bundles - 	Entry: C:\Users\Sumit\.p2\pool\plugins\org.eclipse.m2e.maven.runtime_3.9.900.20250220-2013\jars\plexus-utils-3.5.1.jar
2025-09-07 15:22:09,048 [Worker-29: Launching Executing test in C__Users_Sumit_Desktop_New folder_Janatri] INFO  o.eclipse.m2e.core.internal.Bundles - 	Entry: C:\Users\Sumit\.p2\pool\plugins\org.eclipse.m2e.maven.runtime_3.9.900.20250220-2013\jars\plexus-xml-3.0.1.jar
2025-09-07 15:22:09,049 [Worker-29: Launching Executing test in C__Users_Sumit_Desktop_New folder_Janatri] INFO  o.eclipse.m2e.core.internal.Bundles - 	Entry: C:\Users\Sumit\.p2\pool\plugins\org.eclipse.m2e.maven.runtime_3.9.900.20250220-2013\jars\wagon-file-3.5.3.jar
2025-09-07 15:22:09,050 [Worker-29: Launching Executing test in C__Users_Sumit_Desktop_New folder_Janatri] INFO  o.eclipse.m2e.core.internal.Bundles - 	Entry: C:\Users\Sumit\.p2\pool\plugins\org.eclipse.m2e.maven.runtime_3.9.900.20250220-2013\jars\wagon-http-3.5.3.jar
2025-09-07 15:22:09,051 [Worker-29: Launching Executing test in C__Users_Sumit_Desktop_New folder_Janatri] INFO  o.eclipse.m2e.core.internal.Bundles - 	Entry: C:\Users\Sumit\.p2\pool\plugins\org.eclipse.m2e.maven.runtime_3.9.900.20250220-2013\jars\wagon-http-shared-3.5.3.jar
2025-09-07 15:22:09,051 [Worker-29: Launching Executing test in C__Users_Sumit_Desktop_New folder_Janatri] INFO  o.eclipse.m2e.core.internal.Bundles - 	Entry: C:\Users\Sumit\.p2\pool\plugins\org.eclipse.m2e.maven.runtime_3.9.900.20250220-2013\jars\wagon-provider-api-3.5.3.jar
2025-09-07 15:22:09,052 [Worker-29: Launching Executing test in C__Users_Sumit_Desktop_New folder_Janatri] INFO  o.eclipse.m2e.core.internal.Bundles - getClasspathEntries(Bundle=com.google.guava_33.4.8.jre [18])
2025-09-07 15:22:09,053 [Worker-29: Launching Executing test in C__Users_Sumit_Desktop_New folder_Janatri] INFO  o.eclipse.m2e.core.internal.Bundles - 	Entry: C:\Users\Sumit\.p2\pool\plugins\com.google.guava_33.4.8.jre.jar
2025-09-07 15:22:09,054 [Worker-29: Launching Executing test in C__Users_Sumit_Desktop_New folder_Janatri] INFO  o.eclipse.m2e.core.internal.Bundles - getClasspathEntries(Bundle=slf4j.api_2.0.17 [1004])
2025-09-07 15:22:09,055 [Worker-29: Launching Executing test in C__Users_Sumit_Desktop_New folder_Janatri] INFO  o.eclipse.m2e.core.internal.Bundles - 	Entry: C:\Users\Sumit\.p2\pool\plugins\slf4j.api_2.0.17.jar
2025-09-07 15:22:09,055 [Worker-29: Launching Executing test in C__Users_Sumit_Desktop_New folder_Janatri] INFO  o.eclipse.m2e.core.internal.Bundles - getClasspathEntries(Bundle=jakarta.inject.jakarta.inject-api_1.0.5 [35])
2025-09-07 15:22:09,056 [Worker-29: Launching Executing test in C__Users_Sumit_Desktop_New folder_Janatri] INFO  o.eclipse.m2e.core.internal.Bundles - 	Entry: C:\Users\Sumit\.p2\pool\plugins\jakarta.inject.jakarta.inject-api_1.0.5.jar
2025-09-07 15:22:09,056 [Worker-29: Launching Executing test in C__Users_Sumit_Desktop_New folder_Janatri] INFO  o.eclipse.m2e.core.internal.Bundles - getClasspathEntries(Bundle=javax.annotation_1.3.5.v20200909-1856 [45])
2025-09-07 15:22:09,059 [Worker-29: Launching Executing test in C__Users_Sumit_Desktop_New folder_Janatri] INFO  o.eclipse.m2e.core.internal.Bundles - 	Entry: C:\Users\Sumit\.p2\pool\plugins\javax.annotation_1.3.5.v20200909-1856.jar
2025-09-07 15:22:09,059 [Worker-29: Launching Executing test in C__Users_Sumit_Desktop_New folder_Janatri] INFO  o.eclipse.m2e.core.internal.Bundles - getClasspathEntries(Bundle=org.apache.commons.cli_1.9.0 [76])
2025-09-07 15:22:09,060 [Worker-29: Launching Executing test in C__Users_Sumit_Desktop_New folder_Janatri] INFO  o.eclipse.m2e.core.internal.Bundles - 	Entry: C:\Users\Sumit\.p2\pool\plugins\org.apache.commons.cli_1.9.0.jar
2025-09-07 15:22:09,061 [Worker-29: Launching Executing test in C__Users_Sumit_Desktop_New folder_Janatri] INFO  o.eclipse.m2e.core.internal.Bundles - getClasspathEntries(Bundle=org.apache.commons.commons-codec_1.16.0 [78])
2025-09-07 15:22:09,062 [Worker-29: Launching Executing test in C__Users_Sumit_Desktop_New folder_Janatri] INFO  o.eclipse.m2e.core.internal.Bundles - 	Entry: C:\Users\Sumit\.p2\pool\plugins\org.apache.commons.commons-codec_1.16.0.jar
2025-09-07 15:22:09,062 [Worker-29: Launching Executing test in C__Users_Sumit_Desktop_New folder_Janatri] INFO  o.eclipse.m2e.core.internal.Bundles - getClasspathEntries(Bundle=com.google.guava.failureaccess_1.0.3 [19])
2025-09-07 15:22:09,063 [Worker-29: Launching Executing test in C__Users_Sumit_Desktop_New folder_Janatri] INFO  o.eclipse.m2e.core.internal.Bundles - 	Entry: C:\Users\Sumit\.p2\pool\plugins\com.google.guava.failureaccess_1.0.3.jar
2025-09-07 15:22:09,065 [Worker-29: Launching Executing test in C__Users_Sumit_Desktop_New folder_Janatri] INFO  o.e.m.i.launch.MavenLaunchDelegate - Run build in "C:\Users\Sumit\Desktop\New folder\Janatri":
2025-09-07 15:22:09,065 [Worker-29: Launching Executing test in C__Users_Sumit_Desktop_New folder_Janatri] INFO  o.e.m.i.launch.MavenLaunchDelegate -  mvn  -B -Dstyle.color=always test
2025-09-07 15:37:10,147 [Worker-41: Building] WARN  o.a.m.s.f.DefaultMavenResourcesFiltering - Using platform encoding (UTF-8 actually) to copy filtered resources, i.e. build is platform dependent!
2025-09-07 15:37:10,153 [Worker-41: Building] INFO  o.a.m.s.f.DefaultMavenResourcesFiltering - Copying 0 resource from src\main\resources to target\classes
2025-09-07 15:37:10,161 [Worker-41: Building] WARN  o.a.m.s.f.DefaultMavenResourcesFiltering - Using platform encoding (UTF-8 actually) to copy filtered resources, i.e. build is platform dependent!
2025-09-07 15:37:10,164 [Worker-41: Building] INFO  o.a.m.s.f.DefaultMavenResourcesFiltering - Copying 0 resource from src\test\resources to target\test-classes
2025-09-07 15:37:41,931 [Worker-42: Building] WARN  o.a.m.s.f.DefaultMavenResourcesFiltering - Using platform encoding (UTF-8 actually) to copy filtered resources, i.e. build is platform dependent!
2025-09-07 15:37:41,934 [Worker-42: Building] INFO  o.a.m.s.f.DefaultMavenResourcesFiltering - Copying 0 resource from src\main\resources to target\classes
2025-09-07 15:37:41,938 [Worker-42: Building] WARN  o.a.m.s.f.DefaultMavenResourcesFiltering - Using platform encoding (UTF-8 actually) to copy filtered resources, i.e. build is platform dependent!
2025-09-07 15:37:41,942 [Worker-42: Building] INFO  o.a.m.s.f.DefaultMavenResourcesFiltering - Copying 0 resource from src\test\resources to target\test-classes
2025-09-07 15:37:51,030 [Worker-23: Launching Executing test in C__Users_Sumit_Desktop_New folder_Janatri] INFO  o.eclipse.m2e.core.internal.Bundles - getClasspathEntries(Bundle=org.eclipse.m2e.maven.runtime_3.9.900.20250220-2013 [639])
2025-09-07 15:37:51,034 [Worker-23: Launching Executing test in C__Users_Sumit_Desktop_New folder_Janatri] INFO  o.eclipse.m2e.core.internal.Bundles - 	Entry: C:\Users\Sumit\.p2\pool\plugins\org.eclipse.m2e.maven.runtime_3.9.900.20250220-2013
2025-09-07 15:37:51,035 [Worker-23: Launching Executing test in C__Users_Sumit_Desktop_New folder_Janatri] INFO  o.eclipse.m2e.core.internal.Bundles - 	Entry: C:\Users\Sumit\.p2\pool\plugins\org.eclipse.m2e.maven.runtime_3.9.900.20250220-2013\jars\aopalliance-1.0.jar
2025-09-07 15:37:51,036 [Worker-23: Launching Executing test in C__Users_Sumit_Desktop_New folder_Janatri] INFO  o.eclipse.m2e.core.internal.Bundles - 	Entry: C:\Users\Sumit\.p2\pool\plugins\org.eclipse.m2e.maven.runtime_3.9.900.20250220-2013\jars\guice-5.1.0.jar
2025-09-07 15:37:51,036 [Worker-23: Launching Executing test in C__Users_Sumit_Desktop_New folder_Janatri] INFO  o.eclipse.m2e.core.internal.Bundles - 	Entry: C:\Users\Sumit\.p2\pool\plugins\org.eclipse.m2e.maven.runtime_3.9.900.20250220-2013\jars\httpclient-4.5.14.jar
2025-09-07 15:37:51,036 [Worker-23: Launching Executing test in C__Users_Sumit_Desktop_New folder_Janatri] INFO  o.eclipse.m2e.core.internal.Bundles - 	Entry: C:\Users\Sumit\.p2\pool\plugins\org.eclipse.m2e.maven.runtime_3.9.900.20250220-2013\jars\httpcore-4.4.16.jar
2025-09-07 15:37:51,036 [Worker-23: Launching Executing test in C__Users_Sumit_Desktop_New folder_Janatri] INFO  o.eclipse.m2e.core.internal.Bundles - 	Entry: C:\Users\Sumit\.p2\pool\plugins\org.eclipse.m2e.maven.runtime_3.9.900.20250220-2013\jars\jansi-2.4.1.jar
2025-09-07 15:37:51,037 [Worker-23: Launching Executing test in C__Users_Sumit_Desktop_New folder_Janatri] INFO  o.eclipse.m2e.core.internal.Bundles - 	Entry: C:\Users\Sumit\.p2\pool\plugins\org.eclipse.m2e.maven.runtime_3.9.900.20250220-2013\jars\jcl-over-slf4j-1.7.36.jar
2025-09-07 15:37:51,037 [Worker-23: Launching Executing test in C__Users_Sumit_Desktop_New folder_Janatri] INFO  o.eclipse.m2e.core.internal.Bundles - 	Entry: C:\Users\Sumit\.p2\pool\plugins\org.eclipse.m2e.maven.runtime_3.9.900.20250220-2013\jars\maven-artifact-3.9.9.jar
2025-09-07 15:37:51,037 [Worker-23: Launching Executing test in C__Users_Sumit_Desktop_New folder_Janatri] INFO  o.eclipse.m2e.core.internal.Bundles - 	Entry: C:\Users\Sumit\.p2\pool\plugins\org.eclipse.m2e.maven.runtime_3.9.900.20250220-2013\jars\maven-builder-support-3.9.9.jar
2025-09-07 15:37:51,037 [Worker-23: Launching Executing test in C__Users_Sumit_Desktop_New folder_Janatri] INFO  o.eclipse.m2e.core.internal.Bundles - 	Entry: C:\Users\Sumit\.p2\pool\plugins\org.eclipse.m2e.maven.runtime_3.9.900.20250220-2013\jars\maven-compat-3.9.9.jar
2025-09-07 15:37:51,038 [Worker-23: Launching Executing test in C__Users_Sumit_Desktop_New folder_Janatri] INFO  o.eclipse.m2e.core.internal.Bundles - 	Entry: C:\Users\Sumit\.p2\pool\plugins\org.eclipse.m2e.maven.runtime_3.9.900.20250220-2013\jars\maven-core-3.9.9.jar
2025-09-07 15:37:51,038 [Worker-23: Launching Executing test in C__Users_Sumit_Desktop_New folder_Janatri] INFO  o.eclipse.m2e.core.internal.Bundles - 	Entry: C:\Users\Sumit\.p2\pool\plugins\org.eclipse.m2e.maven.runtime_3.9.900.20250220-2013\jars\maven-embedder-3.9.9.jar
2025-09-07 15:37:51,039 [Worker-23: Launching Executing test in C__Users_Sumit_Desktop_New folder_Janatri] INFO  o.eclipse.m2e.core.internal.Bundles - 	Entry: C:\Users\Sumit\.p2\pool\plugins\org.eclipse.m2e.maven.runtime_3.9.900.20250220-2013\jars\maven-model-3.9.9.jar
2025-09-07 15:37:51,039 [Worker-23: Launching Executing test in C__Users_Sumit_Desktop_New folder_Janatri] INFO  o.eclipse.m2e.core.internal.Bundles - 	Entry: C:\Users\Sumit\.p2\pool\plugins\org.eclipse.m2e.maven.runtime_3.9.900.20250220-2013\jars\maven-model-builder-3.9.9.jar
2025-09-07 15:37:51,040 [Worker-23: Launching Executing test in C__Users_Sumit_Desktop_New folder_Janatri] INFO  o.eclipse.m2e.core.internal.Bundles - 	Entry: C:\Users\Sumit\.p2\pool\plugins\org.eclipse.m2e.maven.runtime_3.9.900.20250220-2013\jars\maven-plugin-api-3.9.9.jar
2025-09-07 15:37:51,041 [Worker-23: Launching Executing test in C__Users_Sumit_Desktop_New folder_Janatri] INFO  o.eclipse.m2e.core.internal.Bundles - 	Entry: C:\Users\Sumit\.p2\pool\plugins\org.eclipse.m2e.maven.runtime_3.9.900.20250220-2013\jars\maven-repository-metadata-3.9.9.jar
2025-09-07 15:37:51,041 [Worker-23: Launching Executing test in C__Users_Sumit_Desktop_New folder_Janatri] INFO  o.eclipse.m2e.core.internal.Bundles - 	Entry: C:\Users\Sumit\.p2\pool\plugins\org.eclipse.m2e.maven.runtime_3.9.900.20250220-2013\jars\maven-resolver-api-1.9.22.jar
2025-09-07 15:37:51,041 [Worker-23: Launching Executing test in C__Users_Sumit_Desktop_New folder_Janatri] INFO  o.eclipse.m2e.core.internal.Bundles - 	Entry: C:\Users\Sumit\.p2\pool\plugins\org.eclipse.m2e.maven.runtime_3.9.900.20250220-2013\jars\maven-resolver-connector-basic-1.9.22.jar
2025-09-07 15:37:51,041 [Worker-23: Launching Executing test in C__Users_Sumit_Desktop_New folder_Janatri] INFO  o.eclipse.m2e.core.internal.Bundles - 	Entry: C:\Users\Sumit\.p2\pool\plugins\org.eclipse.m2e.maven.runtime_3.9.900.20250220-2013\jars\maven-resolver-impl-1.9.22.jar
2025-09-07 15:37:51,042 [Worker-23: Launching Executing test in C__Users_Sumit_Desktop_New folder_Janatri] INFO  o.eclipse.m2e.core.internal.Bundles - 	Entry: C:\Users\Sumit\.p2\pool\plugins\org.eclipse.m2e.maven.runtime_3.9.900.20250220-2013\jars\maven-resolver-named-locks-1.9.22.jar
2025-09-07 15:37:51,042 [Worker-23: Launching Executing test in C__Users_Sumit_Desktop_New folder_Janatri] INFO  o.eclipse.m2e.core.internal.Bundles - 	Entry: C:\Users\Sumit\.p2\pool\plugins\org.eclipse.m2e.maven.runtime_3.9.900.20250220-2013\jars\maven-resolver-provider-3.9.9.jar
2025-09-07 15:37:51,042 [Worker-23: Launching Executing test in C__Users_Sumit_Desktop_New folder_Janatri] INFO  o.eclipse.m2e.core.internal.Bundles - 	Entry: C:\Users\Sumit\.p2\pool\plugins\org.eclipse.m2e.maven.runtime_3.9.900.20250220-2013\jars\maven-resolver-spi-1.9.22.jar
2025-09-07 15:37:51,042 [Worker-23: Launching Executing test in C__Users_Sumit_Desktop_New folder_Janatri] INFO  o.eclipse.m2e.core.internal.Bundles - 	Entry: C:\Users\Sumit\.p2\pool\plugins\org.eclipse.m2e.maven.runtime_3.9.900.20250220-2013\jars\maven-resolver-transport-file-1.9.22.jar
2025-09-07 15:37:51,043 [Worker-23: Launching Executing test in C__Users_Sumit_Desktop_New folder_Janatri] INFO  o.eclipse.m2e.core.internal.Bundles - 	Entry: C:\Users\Sumit\.p2\pool\plugins\org.eclipse.m2e.maven.runtime_3.9.900.20250220-2013\jars\maven-resolver-transport-http-1.9.22.jar
2025-09-07 15:37:51,043 [Worker-23: Launching Executing test in C__Users_Sumit_Desktop_New folder_Janatri] INFO  o.eclipse.m2e.core.internal.Bundles - 	Entry: C:\Users\Sumit\.p2\pool\plugins\org.eclipse.m2e.maven.runtime_3.9.900.20250220-2013\jars\maven-resolver-transport-wagon-1.9.22.jar
2025-09-07 15:37:51,043 [Worker-23: Launching Executing test in C__Users_Sumit_Desktop_New folder_Janatri] INFO  o.eclipse.m2e.core.internal.Bundles - 	Entry: C:\Users\Sumit\.p2\pool\plugins\org.eclipse.m2e.maven.runtime_3.9.900.20250220-2013\jars\maven-resolver-util-1.9.22.jar
2025-09-07 15:37:51,043 [Worker-23: Launching Executing test in C__Users_Sumit_Desktop_New folder_Janatri] INFO  o.eclipse.m2e.core.internal.Bundles - 	Entry: C:\Users\Sumit\.p2\pool\plugins\org.eclipse.m2e.maven.runtime_3.9.900.20250220-2013\jars\maven-settings-3.9.9.jar
2025-09-07 15:37:51,043 [Worker-23: Launching Executing test in C__Users_Sumit_Desktop_New folder_Janatri] INFO  o.eclipse.m2e.core.internal.Bundles - 	Entry: C:\Users\Sumit\.p2\pool\plugins\org.eclipse.m2e.maven.runtime_3.9.900.20250220-2013\jars\maven-settings-builder-3.9.9.jar
2025-09-07 15:37:51,044 [Worker-23: Launching Executing test in C__Users_Sumit_Desktop_New folder_Janatri] INFO  o.eclipse.m2e.core.internal.Bundles - 	Entry: C:\Users\Sumit\.p2\pool\plugins\org.eclipse.m2e.maven.runtime_3.9.900.20250220-2013\jars\maven-shared-utils-3.4.2.jar
2025-09-07 15:37:51,044 [Worker-23: Launching Executing test in C__Users_Sumit_Desktop_New folder_Janatri] INFO  o.eclipse.m2e.core.internal.Bundles - 	Entry: C:\Users\Sumit\.p2\pool\plugins\org.eclipse.m2e.maven.runtime_3.9.900.20250220-2013\jars\org.eclipse.sisu.inject-0.9.0.M3.jar
2025-09-07 15:37:51,044 [Worker-23: Launching Executing test in C__Users_Sumit_Desktop_New folder_Janatri] INFO  o.eclipse.m2e.core.internal.Bundles - 	Entry: C:\Users\Sumit\.p2\pool\plugins\org.eclipse.m2e.maven.runtime_3.9.900.20250220-2013\jars\org.eclipse.sisu.plexus-0.9.0.M3.jar
2025-09-07 15:37:51,044 [Worker-23: Launching Executing test in C__Users_Sumit_Desktop_New folder_Janatri] INFO  o.eclipse.m2e.core.internal.Bundles - 	Entry: C:\Users\Sumit\.p2\pool\plugins\org.eclipse.m2e.maven.runtime_3.9.900.20250220-2013\jars\plexus-build-api-0.0.7.jar
2025-09-07 15:37:51,045 [Worker-23: Launching Executing test in C__Users_Sumit_Desktop_New folder_Janatri] INFO  o.eclipse.m2e.core.internal.Bundles - 	Entry: C:\Users\Sumit\.p2\pool\plugins\org.eclipse.m2e.maven.runtime_3.9.900.20250220-2013\jars\plexus-build-api-1.2.0.jar
2025-09-07 15:37:51,045 [Worker-23: Launching Executing test in C__Users_Sumit_Desktop_New folder_Janatri] INFO  o.eclipse.m2e.core.internal.Bundles - 	Entry: C:\Users\Sumit\.p2\pool\plugins\org.eclipse.m2e.maven.runtime_3.9.900.20250220-2013\jars\plexus-cipher-2.0.jar
2025-09-07 15:37:51,045 [Worker-23: Launching Executing test in C__Users_Sumit_Desktop_New folder_Janatri] INFO  o.eclipse.m2e.core.internal.Bundles - 	Entry: C:\Users\Sumit\.p2\pool\plugins\org.eclipse.m2e.maven.runtime_3.9.900.20250220-2013\jars\plexus-classworlds-2.8.0.jar
2025-09-07 15:37:51,045 [Worker-23: Launching Executing test in C__Users_Sumit_Desktop_New folder_Janatri] INFO  o.eclipse.m2e.core.internal.Bundles - 	Entry: C:\Users\Sumit\.p2\pool\plugins\org.eclipse.m2e.maven.runtime_3.9.900.20250220-2013\jars\plexus-component-annotations-2.1.0.jar
2025-09-07 15:37:51,046 [Worker-23: Launching Executing test in C__Users_Sumit_Desktop_New folder_Janatri] INFO  o.eclipse.m2e.core.internal.Bundles - 	Entry: C:\Users\Sumit\.p2\pool\plugins\org.eclipse.m2e.maven.runtime_3.9.900.20250220-2013\jars\plexus-interpolation-1.27.jar
2025-09-07 15:37:51,046 [Worker-23: Launching Executing test in C__Users_Sumit_Desktop_New folder_Janatri] INFO  o.eclipse.m2e.core.internal.Bundles - 	Entry: C:\Users\Sumit\.p2\pool\plugins\org.eclipse.m2e.maven.runtime_3.9.900.20250220-2013\jars\plexus-sec-dispatcher-2.0.jar
2025-09-07 15:37:51,047 [Worker-23: Launching Executing test in C__Users_Sumit_Desktop_New folder_Janatri] INFO  o.eclipse.m2e.core.internal.Bundles - 	Entry: C:\Users\Sumit\.p2\pool\plugins\org.eclipse.m2e.maven.runtime_3.9.900.20250220-2013\jars\plexus-utils-3.5.1.jar
2025-09-07 15:37:51,047 [Worker-23: Launching Executing test in C__Users_Sumit_Desktop_New folder_Janatri] INFO  o.eclipse.m2e.core.internal.Bundles - 	Entry: C:\Users\Sumit\.p2\pool\plugins\org.eclipse.m2e.maven.runtime_3.9.900.20250220-2013\jars\plexus-xml-3.0.1.jar
2025-09-07 15:37:51,047 [Worker-23: Launching Executing test in C__Users_Sumit_Desktop_New folder_Janatri] INFO  o.eclipse.m2e.core.internal.Bundles - 	Entry: C:\Users\Sumit\.p2\pool\plugins\org.eclipse.m2e.maven.runtime_3.9.900.20250220-2013\jars\wagon-file-3.5.3.jar
2025-09-07 15:37:51,048 [Worker-23: Launching Executing test in C__Users_Sumit_Desktop_New folder_Janatri] INFO  o.eclipse.m2e.core.internal.Bundles - 	Entry: C:\Users\Sumit\.p2\pool\plugins\org.eclipse.m2e.maven.runtime_3.9.900.20250220-2013\jars\wagon-http-3.5.3.jar
2025-09-07 15:37:51,048 [Worker-23: Launching Executing test in C__Users_Sumit_Desktop_New folder_Janatri] INFO  o.eclipse.m2e.core.internal.Bundles - 	Entry: C:\Users\Sumit\.p2\pool\plugins\org.eclipse.m2e.maven.runtime_3.9.900.20250220-2013\jars\wagon-http-shared-3.5.3.jar
2025-09-07 15:37:51,048 [Worker-23: Launching Executing test in C__Users_Sumit_Desktop_New folder_Janatri] INFO  o.eclipse.m2e.core.internal.Bundles - 	Entry: C:\Users\Sumit\.p2\pool\plugins\org.eclipse.m2e.maven.runtime_3.9.900.20250220-2013\jars\wagon-provider-api-3.5.3.jar
2025-09-07 15:37:51,049 [Worker-23: Launching Executing test in C__Users_Sumit_Desktop_New folder_Janatri] INFO  o.eclipse.m2e.core.internal.Bundles - getClasspathEntries(Bundle=com.google.guava_33.4.8.jre [18])
2025-09-07 15:37:51,050 [Worker-23: Launching Executing test in C__Users_Sumit_Desktop_New folder_Janatri] INFO  o.eclipse.m2e.core.internal.Bundles - 	Entry: C:\Users\Sumit\.p2\pool\plugins\com.google.guava_33.4.8.jre.jar
2025-09-07 15:37:51,050 [Worker-23: Launching Executing test in C__Users_Sumit_Desktop_New folder_Janatri] INFO  o.eclipse.m2e.core.internal.Bundles - getClasspathEntries(Bundle=slf4j.api_2.0.17 [1004])
2025-09-07 15:37:51,050 [Worker-23: Launching Executing test in C__Users_Sumit_Desktop_New folder_Janatri] INFO  o.eclipse.m2e.core.internal.Bundles - 	Entry: C:\Users\Sumit\.p2\pool\plugins\slf4j.api_2.0.17.jar
2025-09-07 15:37:51,050 [Worker-23: Launching Executing test in C__Users_Sumit_Desktop_New folder_Janatri] INFO  o.eclipse.m2e.core.internal.Bundles - getClasspathEntries(Bundle=jakarta.inject.jakarta.inject-api_1.0.5 [35])
2025-09-07 15:37:51,052 [Worker-23: Launching Executing test in C__Users_Sumit_Desktop_New folder_Janatri] INFO  o.eclipse.m2e.core.internal.Bundles - 	Entry: C:\Users\Sumit\.p2\pool\plugins\jakarta.inject.jakarta.inject-api_1.0.5.jar
2025-09-07 15:37:51,052 [Worker-23: Launching Executing test in C__Users_Sumit_Desktop_New folder_Janatri] INFO  o.eclipse.m2e.core.internal.Bundles - getClasspathEntries(Bundle=javax.annotation_1.3.5.v20200909-1856 [45])
2025-09-07 15:37:51,052 [Worker-23: Launching Executing test in C__Users_Sumit_Desktop_New folder_Janatri] INFO  o.eclipse.m2e.core.internal.Bundles - 	Entry: C:\Users\Sumit\.p2\pool\plugins\javax.annotation_1.3.5.v20200909-1856.jar
2025-09-07 15:37:51,052 [Worker-23: Launching Executing test in C__Users_Sumit_Desktop_New folder_Janatri] INFO  o.eclipse.m2e.core.internal.Bundles - getClasspathEntries(Bundle=org.apache.commons.cli_1.9.0 [76])
2025-09-07 15:37:51,053 [Worker-23: Launching Executing test in C__Users_Sumit_Desktop_New folder_Janatri] INFO  o.eclipse.m2e.core.internal.Bundles - 	Entry: C:\Users\Sumit\.p2\pool\plugins\org.apache.commons.cli_1.9.0.jar
2025-09-07 15:37:51,053 [Worker-23: Launching Executing test in C__Users_Sumit_Desktop_New folder_Janatri] INFO  o.eclipse.m2e.core.internal.Bundles - getClasspathEntries(Bundle=org.apache.commons.commons-codec_1.16.0 [78])
2025-09-07 15:37:51,053 [Worker-23: Launching Executing test in C__Users_Sumit_Desktop_New folder_Janatri] INFO  o.eclipse.m2e.core.internal.Bundles - 	Entry: C:\Users\Sumit\.p2\pool\plugins\org.apache.commons.commons-codec_1.16.0.jar
2025-09-07 15:37:51,053 [Worker-23: Launching Executing test in C__Users_Sumit_Desktop_New folder_Janatri] INFO  o.eclipse.m2e.core.internal.Bundles - getClasspathEntries(Bundle=com.google.guava.failureaccess_1.0.3 [19])
2025-09-07 15:37:51,054 [Worker-23: Launching Executing test in C__Users_Sumit_Desktop_New folder_Janatri] INFO  o.eclipse.m2e.core.internal.Bundles - 	Entry: C:\Users\Sumit\.p2\pool\plugins\com.google.guava.failureaccess_1.0.3.jar
2025-09-07 15:37:51,059 [Worker-23: Launching Executing test in C__Users_Sumit_Desktop_New folder_Janatri] INFO  o.e.m.i.launch.MavenLaunchDelegate - Run build in "C:\Users\Sumit\Desktop\New folder\Janatri":
2025-09-07 15:37:51,059 [Worker-23: Launching Executing test in C__Users_Sumit_Desktop_New folder_Janatri] INFO  o.e.m.i.launch.MavenLaunchDelegate -  mvn  -B -Dstyle.color=always test
2025-09-07 15:48:02,225 [Worker-47: Building] WARN  o.a.m.s.f.DefaultMavenResourcesFiltering - Using platform encoding (UTF-8 actually) to copy filtered resources, i.e. build is platform dependent!
2025-09-07 15:48:02,229 [Worker-47: Building] INFO  o.a.m.s.f.DefaultMavenResourcesFiltering - Copying 0 resource from src\main\resources to target\classes
2025-09-07 15:48:02,233 [Worker-47: Building] WARN  o.a.m.s.f.DefaultMavenResourcesFiltering - Using platform encoding (UTF-8 actually) to copy filtered resources, i.e. build is platform dependent!
2025-09-07 15:48:02,236 [Worker-47: Building] INFO  o.a.m.s.f.DefaultMavenResourcesFiltering - Copying 0 resource from src\test\resources to target\test-classes
2025-09-07 15:50:03,138 [Worker-48: Building] WARN  o.a.m.s.f.DefaultMavenResourcesFiltering - Using platform encoding (UTF-8 actually) to copy filtered resources, i.e. build is platform dependent!
2025-09-07 15:50:03,141 [Worker-48: Building] INFO  o.a.m.s.f.DefaultMavenResourcesFiltering - Copying 0 resource from src\main\resources to target\classes
2025-09-07 15:50:03,148 [Worker-48: Building] WARN  o.a.m.s.f.DefaultMavenResourcesFiltering - Using platform encoding (UTF-8 actually) to copy filtered resources, i.e. build is platform dependent!
2025-09-07 15:50:03,150 [Worker-48: Building] INFO  o.a.m.s.f.DefaultMavenResourcesFiltering - Copying 0 resource from src\test\resources to target\test-classes
2025-09-07 15:51:50,330 [Worker-51: Building] WARN  o.a.m.s.f.DefaultMavenResourcesFiltering - Using platform encoding (UTF-8 actually) to copy filtered resources, i.e. build is platform dependent!
2025-09-07 15:51:50,333 [Worker-51: Building] INFO  o.a.m.s.f.DefaultMavenResourcesFiltering - Copying 0 resource from src\main\resources to target\classes
2025-09-07 15:51:50,337 [Worker-51: Building] WARN  o.a.m.s.f.DefaultMavenResourcesFiltering - Using platform encoding (UTF-8 actually) to copy filtered resources, i.e. build is platform dependent!
2025-09-07 15:51:50,339 [Worker-51: Building] INFO  o.a.m.s.f.DefaultMavenResourcesFiltering - Copying 0 resource from src\test\resources to target\test-classes
2025-09-07 15:51:59,760 [Worker-50: Building] WARN  o.a.m.s.f.DefaultMavenResourcesFiltering - Using platform encoding (UTF-8 actually) to copy filtered resources, i.e. build is platform dependent!
2025-09-07 15:51:59,762 [Worker-50: Building] INFO  o.a.m.s.f.DefaultMavenResourcesFiltering - Copying 0 resource from src\main\resources to target\classes
2025-09-07 15:51:59,766 [Worker-50: Building] WARN  o.a.m.s.f.DefaultMavenResourcesFiltering - Using platform encoding (UTF-8 actually) to copy filtered resources, i.e. build is platform dependent!
2025-09-07 15:51:59,768 [Worker-50: Building] INFO  o.a.m.s.f.DefaultMavenResourcesFiltering - Copying 0 resource from src\test\resources to target\test-classes
2025-09-07 15:52:07,888 [Worker-48: Building] WARN  o.a.m.s.f.DefaultMavenResourcesFiltering - Using platform encoding (UTF-8 actually) to copy filtered resources, i.e. build is platform dependent!
2025-09-07 15:52:07,889 [Worker-48: Building] INFO  o.a.m.s.f.DefaultMavenResourcesFiltering - Copying 0 resource from src\main\resources to target\classes
2025-09-07 15:52:07,895 [Worker-48: Building] WARN  o.a.m.s.f.DefaultMavenResourcesFiltering - Using platform encoding (UTF-8 actually) to copy filtered resources, i.e. build is platform dependent!
2025-09-07 15:52:07,897 [Worker-48: Building] INFO  o.a.m.s.f.DefaultMavenResourcesFiltering - Copying 0 resource from src\test\resources to target\test-classes
2025-09-07 15:52:35,552 [Worker-47: Building] WARN  o.a.m.s.f.DefaultMavenResourcesFiltering - Using platform encoding (UTF-8 actually) to copy filtered resources, i.e. build is platform dependent!
2025-09-07 15:52:35,554 [Worker-47: Building] INFO  o.a.m.s.f.DefaultMavenResourcesFiltering - Copying 0 resource from src\main\resources to target\classes
2025-09-07 15:52:35,558 [Worker-47: Building] WARN  o.a.m.s.f.DefaultMavenResourcesFiltering - Using platform encoding (UTF-8 actually) to copy filtered resources, i.e. build is platform dependent!
2025-09-07 15:52:35,564 [Worker-47: Building] INFO  o.a.m.s.f.DefaultMavenResourcesFiltering - Copying 0 resource from src\test\resources to target\test-classes
2025-09-07 15:53:39,002 [Worker-47: Building] WARN  o.a.m.s.f.DefaultMavenResourcesFiltering - Using platform encoding (UTF-8 actually) to copy filtered resources, i.e. build is platform dependent!
2025-09-07 15:53:39,005 [Worker-47: Building] INFO  o.a.m.s.f.DefaultMavenResourcesFiltering - Copying 0 resource from src\main\resources to target\classes
2025-09-07 15:53:39,009 [Worker-47: Building] WARN  o.a.m.s.f.DefaultMavenResourcesFiltering - Using platform encoding (UTF-8 actually) to copy filtered resources, i.e. build is platform dependent!
2025-09-07 15:53:39,011 [Worker-47: Building] INFO  o.a.m.s.f.DefaultMavenResourcesFiltering - Copying 0 resource from src\test\resources to target\test-classes
2025-09-07 15:55:12,599 [Worker-47: Building] WARN  o.a.m.s.f.DefaultMavenResourcesFiltering - Using platform encoding (UTF-8 actually) to copy filtered resources, i.e. build is platform dependent!
2025-09-07 15:55:12,604 [Worker-47: Building] INFO  o.a.m.s.f.DefaultMavenResourcesFiltering - Copying 0 resource from src\main\resources to target\classes
2025-09-07 15:55:12,608 [Worker-47: Building] WARN  o.a.m.s.f.DefaultMavenResourcesFiltering - Using platform encoding (UTF-8 actually) to copy filtered resources, i.e. build is platform dependent!
2025-09-07 15:55:12,611 [Worker-47: Building] INFO  o.a.m.s.f.DefaultMavenResourcesFiltering - Copying 0 resource from src\test\resources to target\test-classes
2025-09-07 15:55:20,158 [Worker-53: Launching Executing test in C__Users_Sumit_Desktop_New folder_Janatri] INFO  o.eclipse.m2e.core.internal.Bundles - getClasspathEntries(Bundle=org.eclipse.m2e.maven.runtime_3.9.900.20250220-2013 [639])
2025-09-07 15:55:20,160 [Worker-53: Launching Executing test in C__Users_Sumit_Desktop_New folder_Janatri] INFO  o.eclipse.m2e.core.internal.Bundles - 	Entry: C:\Users\Sumit\.p2\pool\plugins\org.eclipse.m2e.maven.runtime_3.9.900.20250220-2013
2025-09-07 15:55:20,160 [Worker-53: Launching Executing test in C__Users_Sumit_Desktop_New folder_Janatri] INFO  o.eclipse.m2e.core.internal.Bundles - 	Entry: C:\Users\Sumit\.p2\pool\plugins\org.eclipse.m2e.maven.runtime_3.9.900.20250220-2013\jars\aopalliance-1.0.jar
2025-09-07 15:55:20,161 [Worker-53: Launching Executing test in C__Users_Sumit_Desktop_New folder_Janatri] INFO  o.eclipse.m2e.core.internal.Bundles - 	Entry: C:\Users\Sumit\.p2\pool\plugins\org.eclipse.m2e.maven.runtime_3.9.900.20250220-2013\jars\guice-5.1.0.jar
2025-09-07 15:55:20,162 [Worker-53: Launching Executing test in C__Users_Sumit_Desktop_New folder_Janatri] INFO  o.eclipse.m2e.core.internal.Bundles - 	Entry: C:\Users\Sumit\.p2\pool\plugins\org.eclipse.m2e.maven.runtime_3.9.900.20250220-2013\jars\httpclient-4.5.14.jar
2025-09-07 15:55:20,163 [Worker-53: Launching Executing test in C__Users_Sumit_Desktop_New folder_Janatri] INFO  o.eclipse.m2e.core.internal.Bundles - 	Entry: C:\Users\Sumit\.p2\pool\plugins\org.eclipse.m2e.maven.runtime_3.9.900.20250220-2013\jars\httpcore-4.4.16.jar
2025-09-07 15:55:20,164 [Worker-53: Launching Executing test in C__Users_Sumit_Desktop_New folder_Janatri] INFO  o.eclipse.m2e.core.internal.Bundles - 	Entry: C:\Users\Sumit\.p2\pool\plugins\org.eclipse.m2e.maven.runtime_3.9.900.20250220-2013\jars\jansi-2.4.1.jar
2025-09-07 15:55:20,164 [Worker-53: Launching Executing test in C__Users_Sumit_Desktop_New folder_Janatri] INFO  o.eclipse.m2e.core.internal.Bundles - 	Entry: C:\Users\Sumit\.p2\pool\plugins\org.eclipse.m2e.maven.runtime_3.9.900.20250220-2013\jars\jcl-over-slf4j-1.7.36.jar
2025-09-07 15:55:20,165 [Worker-53: Launching Executing test in C__Users_Sumit_Desktop_New folder_Janatri] INFO  o.eclipse.m2e.core.internal.Bundles - 	Entry: C:\Users\Sumit\.p2\pool\plugins\org.eclipse.m2e.maven.runtime_3.9.900.20250220-2013\jars\maven-artifact-3.9.9.jar
2025-09-07 15:55:20,166 [Worker-53: Launching Executing test in C__Users_Sumit_Desktop_New folder_Janatri] INFO  o.eclipse.m2e.core.internal.Bundles - 	Entry: C:\Users\Sumit\.p2\pool\plugins\org.eclipse.m2e.maven.runtime_3.9.900.20250220-2013\jars\maven-builder-support-3.9.9.jar
2025-09-07 15:55:20,166 [Worker-53: Launching Executing test in C__Users_Sumit_Desktop_New folder_Janatri] INFO  o.eclipse.m2e.core.internal.Bundles - 	Entry: C:\Users\Sumit\.p2\pool\plugins\org.eclipse.m2e.maven.runtime_3.9.900.20250220-2013\jars\maven-compat-3.9.9.jar
2025-09-07 15:55:20,166 [Worker-53: Launching Executing test in C__Users_Sumit_Desktop_New folder_Janatri] INFO  o.eclipse.m2e.core.internal.Bundles - 	Entry: C:\Users\Sumit\.p2\pool\plugins\org.eclipse.m2e.maven.runtime_3.9.900.20250220-2013\jars\maven-core-3.9.9.jar
2025-09-07 15:55:20,167 [Worker-53: Launching Executing test in C__Users_Sumit_Desktop_New folder_Janatri] INFO  o.eclipse.m2e.core.internal.Bundles - 	Entry: C:\Users\Sumit\.p2\pool\plugins\org.eclipse.m2e.maven.runtime_3.9.900.20250220-2013\jars\maven-embedder-3.9.9.jar
2025-09-07 15:55:20,167 [Worker-53: Launching Executing test in C__Users_Sumit_Desktop_New folder_Janatri] INFO  o.eclipse.m2e.core.internal.Bundles - 	Entry: C:\Users\Sumit\.p2\pool\plugins\org.eclipse.m2e.maven.runtime_3.9.900.20250220-2013\jars\maven-model-3.9.9.jar
2025-09-07 15:55:20,168 [Worker-53: Launching Executing test in C__Users_Sumit_Desktop_New folder_Janatri] INFO  o.eclipse.m2e.core.internal.Bundles - 	Entry: C:\Users\Sumit\.p2\pool\plugins\org.eclipse.m2e.maven.runtime_3.9.900.20250220-2013\jars\maven-model-builder-3.9.9.jar
2025-09-07 15:55:20,168 [Worker-53: Launching Executing test in C__Users_Sumit_Desktop_New folder_Janatri] INFO  o.eclipse.m2e.core.internal.Bundles - 	Entry: C:\Users\Sumit\.p2\pool\plugins\org.eclipse.m2e.maven.runtime_3.9.900.20250220-2013\jars\maven-plugin-api-3.9.9.jar
2025-09-07 15:55:20,168 [Worker-53: Launching Executing test in C__Users_Sumit_Desktop_New folder_Janatri] INFO  o.eclipse.m2e.core.internal.Bundles - 	Entry: C:\Users\Sumit\.p2\pool\plugins\org.eclipse.m2e.maven.runtime_3.9.900.20250220-2013\jars\maven-repository-metadata-3.9.9.jar
2025-09-07 15:55:20,169 [Worker-53: Launching Executing test in C__Users_Sumit_Desktop_New folder_Janatri] INFO  o.eclipse.m2e.core.internal.Bundles - 	Entry: C:\Users\Sumit\.p2\pool\plugins\org.eclipse.m2e.maven.runtime_3.9.900.20250220-2013\jars\maven-resolver-api-1.9.22.jar
2025-09-07 15:55:20,169 [Worker-53: Launching Executing test in C__Users_Sumit_Desktop_New folder_Janatri] INFO  o.eclipse.m2e.core.internal.Bundles - 	Entry: C:\Users\Sumit\.p2\pool\plugins\org.eclipse.m2e.maven.runtime_3.9.900.20250220-2013\jars\maven-resolver-connector-basic-1.9.22.jar
2025-09-07 15:55:20,169 [Worker-53: Launching Executing test in C__Users_Sumit_Desktop_New folder_Janatri] INFO  o.eclipse.m2e.core.internal.Bundles - 	Entry: C:\Users\Sumit\.p2\pool\plugins\org.eclipse.m2e.maven.runtime_3.9.900.20250220-2013\jars\maven-resolver-impl-1.9.22.jar
2025-09-07 15:55:20,170 [Worker-53: Launching Executing test in C__Users_Sumit_Desktop_New folder_Janatri] INFO  o.eclipse.m2e.core.internal.Bundles - 	Entry: C:\Users\Sumit\.p2\pool\plugins\org.eclipse.m2e.maven.runtime_3.9.900.20250220-2013\jars\maven-resolver-named-locks-1.9.22.jar
2025-09-07 15:55:20,170 [Worker-53: Launching Executing test in C__Users_Sumit_Desktop_New folder_Janatri] INFO  o.eclipse.m2e.core.internal.Bundles - 	Entry: C:\Users\Sumit\.p2\pool\plugins\org.eclipse.m2e.maven.runtime_3.9.900.20250220-2013\jars\maven-resolver-provider-3.9.9.jar
2025-09-07 15:55:20,170 [Worker-53: Launching Executing test in C__Users_Sumit_Desktop_New folder_Janatri] INFO  o.eclipse.m2e.core.internal.Bundles - 	Entry: C:\Users\Sumit\.p2\pool\plugins\org.eclipse.m2e.maven.runtime_3.9.900.20250220-2013\jars\maven-resolver-spi-1.9.22.jar
2025-09-07 15:55:20,171 [Worker-53: Launching Executing test in C__Users_Sumit_Desktop_New folder_Janatri] INFO  o.eclipse.m2e.core.internal.Bundles - 	Entry: C:\Users\Sumit\.p2\pool\plugins\org.eclipse.m2e.maven.runtime_3.9.900.20250220-2013\jars\maven-resolver-transport-file-1.9.22.jar
2025-09-07 15:55:20,171 [Worker-53: Launching Executing test in C__Users_Sumit_Desktop_New folder_Janatri] INFO  o.eclipse.m2e.core.internal.Bundles - 	Entry: C:\Users\Sumit\.p2\pool\plugins\org.eclipse.m2e.maven.runtime_3.9.900.20250220-2013\jars\maven-resolver-transport-http-1.9.22.jar
2025-09-07 15:55:20,172 [Worker-53: Launching Executing test in C__Users_Sumit_Desktop_New folder_Janatri] INFO  o.eclipse.m2e.core.internal.Bundles - 	Entry: C:\Users\Sumit\.p2\pool\plugins\org.eclipse.m2e.maven.runtime_3.9.900.20250220-2013\jars\maven-resolver-transport-wagon-1.9.22.jar
2025-09-07 15:55:20,172 [Worker-53: Launching Executing test in C__Users_Sumit_Desktop_New folder_Janatri] INFO  o.eclipse.m2e.core.internal.Bundles - 	Entry: C:\Users\Sumit\.p2\pool\plugins\org.eclipse.m2e.maven.runtime_3.9.900.20250220-2013\jars\maven-resolver-util-1.9.22.jar
2025-09-07 15:55:20,172 [Worker-53: Launching Executing test in C__Users_Sumit_Desktop_New folder_Janatri] INFO  o.eclipse.m2e.core.internal.Bundles - 	Entry: C:\Users\Sumit\.p2\pool\plugins\org.eclipse.m2e.maven.runtime_3.9.900.20250220-2013\jars\maven-settings-3.9.9.jar
2025-09-07 15:55:20,173 [Worker-53: Launching Executing test in C__Users_Sumit_Desktop_New folder_Janatri] INFO  o.eclipse.m2e.core.internal.Bundles - 	Entry: C:\Users\Sumit\.p2\pool\plugins\org.eclipse.m2e.maven.runtime_3.9.900.20250220-2013\jars\maven-settings-builder-3.9.9.jar
2025-09-07 15:55:20,173 [Worker-53: Launching Executing test in C__Users_Sumit_Desktop_New folder_Janatri] INFO  o.eclipse.m2e.core.internal.Bundles - 	Entry: C:\Users\Sumit\.p2\pool\plugins\org.eclipse.m2e.maven.runtime_3.9.900.20250220-2013\jars\maven-shared-utils-3.4.2.jar
2025-09-07 15:55:20,174 [Worker-53: Launching Executing test in C__Users_Sumit_Desktop_New folder_Janatri] INFO  o.eclipse.m2e.core.internal.Bundles - 	Entry: C:\Users\Sumit\.p2\pool\plugins\org.eclipse.m2e.maven.runtime_3.9.900.20250220-2013\jars\org.eclipse.sisu.inject-0.9.0.M3.jar
2025-09-07 15:55:20,174 [Worker-53: Launching Executing test in C__Users_Sumit_Desktop_New folder_Janatri] INFO  o.eclipse.m2e.core.internal.Bundles - 	Entry: C:\Users\Sumit\.p2\pool\plugins\org.eclipse.m2e.maven.runtime_3.9.900.20250220-2013\jars\org.eclipse.sisu.plexus-0.9.0.M3.jar
2025-09-07 15:55:20,175 [Worker-53: Launching Executing test in C__Users_Sumit_Desktop_New folder_Janatri] INFO  o.eclipse.m2e.core.internal.Bundles - 	Entry: C:\Users\Sumit\.p2\pool\plugins\org.eclipse.m2e.maven.runtime_3.9.900.20250220-2013\jars\plexus-build-api-0.0.7.jar
2025-09-07 15:55:20,176 [Worker-53: Launching Executing test in C__Users_Sumit_Desktop_New folder_Janatri] INFO  o.eclipse.m2e.core.internal.Bundles - 	Entry: C:\Users\Sumit\.p2\pool\plugins\org.eclipse.m2e.maven.runtime_3.9.900.20250220-2013\jars\plexus-build-api-1.2.0.jar
2025-09-07 15:55:20,176 [Worker-53: Launching Executing test in C__Users_Sumit_Desktop_New folder_Janatri] INFO  o.eclipse.m2e.core.internal.Bundles - 	Entry: C:\Users\Sumit\.p2\pool\plugins\org.eclipse.m2e.maven.runtime_3.9.900.20250220-2013\jars\plexus-cipher-2.0.jar
2025-09-07 15:55:20,176 [Worker-53: Launching Executing test in C__Users_Sumit_Desktop_New folder_Janatri] INFO  o.eclipse.m2e.core.internal.Bundles - 	Entry: C:\Users\Sumit\.p2\pool\plugins\org.eclipse.m2e.maven.runtime_3.9.900.20250220-2013\jars\plexus-classworlds-2.8.0.jar
2025-09-07 15:55:20,177 [Worker-53: Launching Executing test in C__Users_Sumit_Desktop_New folder_Janatri] INFO  o.eclipse.m2e.core.internal.Bundles - 	Entry: C:\Users\Sumit\.p2\pool\plugins\org.eclipse.m2e.maven.runtime_3.9.900.20250220-2013\jars\plexus-component-annotations-2.1.0.jar
2025-09-07 15:55:20,179 [Worker-53: Launching Executing test in C__Users_Sumit_Desktop_New folder_Janatri] INFO  o.eclipse.m2e.core.internal.Bundles - 	Entry: C:\Users\Sumit\.p2\pool\plugins\org.eclipse.m2e.maven.runtime_3.9.900.20250220-2013\jars\plexus-interpolation-1.27.jar
2025-09-07 15:55:20,179 [Worker-53: Launching Executing test in C__Users_Sumit_Desktop_New folder_Janatri] INFO  o.eclipse.m2e.core.internal.Bundles - 	Entry: C:\Users\Sumit\.p2\pool\plugins\org.eclipse.m2e.maven.runtime_3.9.900.20250220-2013\jars\plexus-sec-dispatcher-2.0.jar
2025-09-07 15:55:20,180 [Worker-53: Launching Executing test in C__Users_Sumit_Desktop_New folder_Janatri] INFO  o.eclipse.m2e.core.internal.Bundles - 	Entry: C:\Users\Sumit\.p2\pool\plugins\org.eclipse.m2e.maven.runtime_3.9.900.20250220-2013\jars\plexus-utils-3.5.1.jar
2025-09-07 15:55:20,181 [Worker-53: Launching Executing test in C__Users_Sumit_Desktop_New folder_Janatri] INFO  o.eclipse.m2e.core.internal.Bundles - 	Entry: C:\Users\Sumit\.p2\pool\plugins\org.eclipse.m2e.maven.runtime_3.9.900.20250220-2013\jars\plexus-xml-3.0.1.jar
2025-09-07 15:55:20,181 [Worker-53: Launching Executing test in C__Users_Sumit_Desktop_New folder_Janatri] INFO  o.eclipse.m2e.core.internal.Bundles - 	Entry: C:\Users\Sumit\.p2\pool\plugins\org.eclipse.m2e.maven.runtime_3.9.900.20250220-2013\jars\wagon-file-3.5.3.jar
2025-09-07 15:55:20,181 [Worker-53: Launching Executing test in C__Users_Sumit_Desktop_New folder_Janatri] INFO  o.eclipse.m2e.core.internal.Bundles - 	Entry: C:\Users\Sumit\.p2\pool\plugins\org.eclipse.m2e.maven.runtime_3.9.900.20250220-2013\jars\wagon-http-3.5.3.jar
2025-09-07 15:55:20,182 [Worker-53: Launching Executing test in C__Users_Sumit_Desktop_New folder_Janatri] INFO  o.eclipse.m2e.core.internal.Bundles - 	Entry: C:\Users\Sumit\.p2\pool\plugins\org.eclipse.m2e.maven.runtime_3.9.900.20250220-2013\jars\wagon-http-shared-3.5.3.jar
2025-09-07 15:55:20,183 [Worker-53: Launching Executing test in C__Users_Sumit_Desktop_New folder_Janatri] INFO  o.eclipse.m2e.core.internal.Bundles - 	Entry: C:\Users\Sumit\.p2\pool\plugins\org.eclipse.m2e.maven.runtime_3.9.900.20250220-2013\jars\wagon-provider-api-3.5.3.jar
2025-09-07 15:55:20,184 [Worker-53: Launching Executing test in C__Users_Sumit_Desktop_New folder_Janatri] INFO  o.eclipse.m2e.core.internal.Bundles - getClasspathEntries(Bundle=com.google.guava_33.4.8.jre [18])
2025-09-07 15:55:20,186 [Worker-53: Launching Executing test in C__Users_Sumit_Desktop_New folder_Janatri] INFO  o.eclipse.m2e.core.internal.Bundles - 	Entry: C:\Users\Sumit\.p2\pool\plugins\com.google.guava_33.4.8.jre.jar
2025-09-07 15:55:20,186 [Worker-53: Launching Executing test in C__Users_Sumit_Desktop_New folder_Janatri] INFO  o.eclipse.m2e.core.internal.Bundles - getClasspathEntries(Bundle=slf4j.api_2.0.17 [1004])
2025-09-07 15:55:20,186 [Worker-53: Launching Executing test in C__Users_Sumit_Desktop_New folder_Janatri] INFO  o.eclipse.m2e.core.internal.Bundles - 	Entry: C:\Users\Sumit\.p2\pool\plugins\slf4j.api_2.0.17.jar
2025-09-07 15:55:20,186 [Worker-53: Launching Executing test in C__Users_Sumit_Desktop_New folder_Janatri] INFO  o.eclipse.m2e.core.internal.Bundles - getClasspathEntries(Bundle=jakarta.inject.jakarta.inject-api_1.0.5 [35])
2025-09-07 15:55:20,187 [Worker-53: Launching Executing test in C__Users_Sumit_Desktop_New folder_Janatri] INFO  o.eclipse.m2e.core.internal.Bundles - 	Entry: C:\Users\Sumit\.p2\pool\plugins\jakarta.inject.jakarta.inject-api_1.0.5.jar
2025-09-07 15:55:20,187 [Worker-53: Launching Executing test in C__Users_Sumit_Desktop_New folder_Janatri] INFO  o.eclipse.m2e.core.internal.Bundles - getClasspathEntries(Bundle=javax.annotation_1.3.5.v20200909-1856 [45])
2025-09-07 15:55:20,189 [Worker-53: Launching Executing test in C__Users_Sumit_Desktop_New folder_Janatri] INFO  o.eclipse.m2e.core.internal.Bundles - 	Entry: C:\Users\Sumit\.p2\pool\plugins\javax.annotation_1.3.5.v20200909-1856.jar
2025-09-07 15:55:20,189 [Worker-53: Launching Executing test in C__Users_Sumit_Desktop_New folder_Janatri] INFO  o.eclipse.m2e.core.internal.Bundles - getClasspathEntries(Bundle=org.apache.commons.cli_1.9.0 [76])
2025-09-07 15:55:20,189 [Worker-53: Launching Executing test in C__Users_Sumit_Desktop_New folder_Janatri] INFO  o.eclipse.m2e.core.internal.Bundles - 	Entry: C:\Users\Sumit\.p2\pool\plugins\org.apache.commons.cli_1.9.0.jar
2025-09-07 15:55:20,189 [Worker-53: Launching Executing test in C__Users_Sumit_Desktop_New folder_Janatri] INFO  o.eclipse.m2e.core.internal.Bundles - getClasspathEntries(Bundle=org.apache.commons.commons-codec_1.16.0 [78])
2025-09-07 15:55:20,190 [Worker-53: Launching Executing test in C__Users_Sumit_Desktop_New folder_Janatri] INFO  o.eclipse.m2e.core.internal.Bundles - 	Entry: C:\Users\Sumit\.p2\pool\plugins\org.apache.commons.commons-codec_1.16.0.jar
2025-09-07 15:55:20,190 [Worker-53: Launching Executing test in C__Users_Sumit_Desktop_New folder_Janatri] INFO  o.eclipse.m2e.core.internal.Bundles - getClasspathEntries(Bundle=com.google.guava.failureaccess_1.0.3 [19])
2025-09-07 15:55:20,191 [Worker-53: Launching Executing test in C__Users_Sumit_Desktop_New folder_Janatri] INFO  o.eclipse.m2e.core.internal.Bundles - 	Entry: C:\Users\Sumit\.p2\pool\plugins\com.google.guava.failureaccess_1.0.3.jar
2025-09-07 15:55:20,193 [Worker-53: Launching Executing test in C__Users_Sumit_Desktop_New folder_Janatri] INFO  o.e.m.i.launch.MavenLaunchDelegate - Run build in "C:\Users\Sumit\Desktop\New folder\Janatri":
2025-09-07 15:55:20,194 [Worker-53: Launching Executing test in C__Users_Sumit_Desktop_New folder_Janatri] INFO  o.e.m.i.launch.MavenLaunchDelegate -  mvn  -B -Dstyle.color=always test
2025-09-07 16:06:03,681 [Stop Help Server] INFO  org.eclipse.jetty.server.Server - Stopped oejs.Server@66ab08f8{STOPPING}[12.0.21,sto=0]
2025-09-07 16:06:03,778 [Stop Help Server] INFO  o.e.jetty.server.AbstractConnector - Stopped ServerConnector@32cf5e94{HTTP/1.1, (http/1.1)}{127.0.0.1:0}
2025-09-07 16:07:06,237 [Worker-2: Loading available Gradle versions] INFO  o.e.b.c.i.u.g.PublishedGradleVersions - Gradle version information cache is up-to-date. Trying to read.
2025-09-07 16:08:27,261 [Worker-7: Building] WARN  o.a.m.s.f.DefaultMavenResourcesFiltering - Using platform encoding (UTF-8 actually) to copy filtered resources, i.e. build is platform dependent!
2025-09-07 16:08:27,292 [Worker-7: Building] INFO  o.a.m.s.f.DefaultMavenResourcesFiltering - Copying 0 resource from src\main\resources to target\classes
2025-09-07 16:08:27,302 [Worker-7: Building] WARN  o.a.m.s.f.DefaultMavenResourcesFiltering - Using platform encoding (UTF-8 actually) to copy filtered resources, i.e. build is platform dependent!
2025-09-07 16:08:27,304 [Worker-7: Building] INFO  o.a.m.s.f.DefaultMavenResourcesFiltering - Copying 0 resource from src\test\resources to target\test-classes
2025-09-07 16:08:35,202 [Start Help Server] INFO  org.eclipse.jetty.server.Server - jetty-12.0.21; built: 2025-05-09T00:32:00.688Z; git: 1c4719601e31b05b7d68910d2edd980259f1f53c; jvm 21.0.8+9-LTS
2025-09-07 16:08:35,307 [Start Help Server] INFO  o.e.j.server.handler.ContextHandler - Started oeje8n.ContextHandler$CoreContextHandler@ea7c460{/help,/help,b=null,a=AVAILABLE,h=oeje8n.ContextHandler$CoreContextHandler$CoreToNestedHandler@de85053{STARTED}}
2025-09-07 16:08:35,308 [Start Help Server] INFO  o.e.j.s.DefaultSessionIdManager - Session workerName=node0
2025-09-07 16:08:35,354 [Start Help Server] INFO  o.e.jetty.server.AbstractConnector - Started ServerConnector@77f4e68c{HTTP/1.1, (http/1.1)}{127.0.0.1:53184}
2025-09-07 16:08:35,391 [Start Help Server] INFO  org.eclipse.jetty.server.Server - Started oejs.Server@5aa09a2{STARTING}[12.0.21,sto=0] @147215ms
2025-09-07 16:09:42,169 [Worker-7: Building] WARN  o.a.m.s.f.DefaultMavenResourcesFiltering - Using platform encoding (UTF-8 actually) to copy filtered resources, i.e. build is platform dependent!
2025-09-07 16:09:42,178 [Worker-7: Building] INFO  o.a.m.s.f.DefaultMavenResourcesFiltering - Copying 0 resource from src\main\resources to target\classes
2025-09-07 16:09:42,186 [Worker-7: Building] WARN  o.a.m.s.f.DefaultMavenResourcesFiltering - Using platform encoding (UTF-8 actually) to copy filtered resources, i.e. build is platform dependent!
2025-09-07 16:09:42,189 [Worker-7: Building] INFO  o.a.m.s.f.DefaultMavenResourcesFiltering - Copying 0 resource from src\test\resources to target\test-classes
2025-09-07 16:09:50,077 [main] INFO  o.e.m.jdt.internal.UnitTestSupport - Updating Janatri_testng.xml from maven configuration
2025-09-07 16:11:10,839 [Stop Help Server] INFO  org.eclipse.jetty.server.Server - Stopped oejs.Server@5aa09a2{STOPPING}[12.0.21,sto=0]
2025-09-07 16:11:10,887 [Stop Help Server] INFO  o.e.jetty.server.AbstractConnector - Stopped ServerConnector@77f4e68c{HTTP/1.1, (http/1.1)}{127.0.0.1:0}
